id,gen,sp,grp,en,rec,cnt,loc,lat,lon,q,length,type,rmk,file-name,date,file_path,date_iso,length_seconds
562169,Basileuterus,delattrii,birds,Chestnut-capped Warbler,Jerome Fischer,Colombia,"Mana Dulce, Cundinamarca",4.351,-74.652,no score,0:13,call,,"XC562169-Rufous-capped Warbler, call, Mana Dulce, 200524-002.mp3",2020-05-24,..\data\amazonas_audio\XC562169-Basileuterus-delattrii.mp3,2020-05-24,13
560765,Basileuterus,delattrii,birds,Chestnut-capped Warbler,Jerome Fischer,Colombia,"Mana Dulce, Cundinamarca",4.351,-74.652,no score,0:20,call,,"XC560765-Rufous-capped Warbler, 16.4.mp3",2020-04-16,..\data\amazonas_audio\XC560765-Basileuterus-delattrii.mp3,2020-04-16,20
542031,Saltator,olivascens,birds,Olivaceous Saltator,Cristhian David Gaitán García,Colombia,"Ibagué, Tolima",4.447,-75.1535,no score,0:05,song,"Archivo filtrado y acortado entre intervalos.

Individuo es escuchado en una zona arbolada en una unidad residencial",XC542031-Saltator coerulescens.mp3,2020-04-05,..\data\amazonas_audio\XC542031-Saltator-olivascens.mp3,2020-04-05,5
533294,Prinia,lepida,birds,Delicate Prinia,Alain Verneau,Oman,"Sur, Ash Sharqiyah South Governorate",22.5653,59.5066,no score,0:11,subsong,,XC533294-PriniaGracile0569.mp3,2019-12-07,..\data\amazonas_audio\XC533294-Prinia-lepida.mp3,2019-12-07,11
520027,Prinia,lepida,birds,Delicate Prinia,Roozbeh Gazdar,India,"Vadhla Dam, Moti Kathechi, Surendranagar, Gujarat",22.9146,71.9718,no score,0:19,song,,XC520027-Graceful_Prinia_NalSarovar_Xeno_Canto.mp3,2019-02-03,..\data\amazonas_audio\XC520027-Prinia-lepida.mp3,2019-02-03,19
511424,Pyriglena,maura,birds,Western Fire-eye,Bram Vogels,Ecuador,"WildSumaco Lodge, Hatun Sumaku, Cantón Archidona, Provincia de Napo",-0.623,-77.6028,no score,0:15,call,,XC511424-White-backed fire-eye 191105 bis.mp3,2019-11-05,..\data\amazonas_audio\XC511424-Pyriglena-maura.mp3,2019-11-05,15
502836,Saltator,olivascens,birds,Olivaceous Saltator,Arcadio Marin ,Colombia,"Talauta, El Peñón, Cundinamarca",5.2437,-74.3056,no score,0:04,song,"vocalizacion ligeramente editada en (Adobe Audition) para reducion de ruido y aumentar un poco el volumen, no se hicieron recortes",XC502836-Saltator coerulescens.mp3,2018-09-17,..\data\amazonas_audio\XC502836-Saltator-olivascens.mp3,2018-09-17,4
492567,Basileuterus,delattrii,birds,Chestnut-capped Warbler,David Ricardo Rodríguez-Villamil,Colombia,"Paquiló, Beltrán, Cundinamarca",4.6709,-74.7781,no score,0:18,song,,XC492567-a362. Basileuterus rufifrons. Paquiló. Cundinamarca. DRRV.mp3,2017-12-06,..\data\amazonas_audio\XC492567-Basileuterus-delattrii.mp3,2017-12-06,18
393488,Euphonia,godmani,birds,West Mexican Euphonia,Lauren Harter,Mexico,"Cañón Cieneguilla, Alamos, Sonora",26.9847,-108.9437,no score,0:17,call,"Came in to whistled imitation of Ferruginous Pygmy-Owl. Not natural intervals. The first two calls, at least, were given by a female, but more than one bird was present.",XC393488-SCEU_Alamos_14Dec2013_Harter_01.mp3,2013-12-14,..\data\amazonas_audio\XC393488-Euphonia-godmani.mp3,2013-12-14,17
766350,Scytalopus,intermedius,birds,Utcubamba Tapaculo,Guy Kirwan,Peru,"Cresta San Lorenzo, Amazonas",-5.8014,-78.0298,A,0:15,song,,"XC766350-221118_05_Utcubamba-Tapaculo_San-Lorenzo-ridge-crest,-Amazonas,-Peru_17-November-2022.wav",2022-11-17,..\data\amazonas_audio\XC766350-Scytalopus-intermedius.wav,2022-11-17,15
759237,Pomatorhinus,bornensis,birds,Sunda Scimitar Babbler,Lim Ying Hien,Malaysia,Mt. Trusmadi Forest Reserve,5.6016,116.4526,A,0:19,song,,XC759237-Chestnut-backed-Scimitar-Babbler-20220903-01-Trusmadi-edit.mp3,2022-09-03,..\data\amazonas_audio\XC759237-Pomatorhinus-bornensis.mp3,2022-09-03,19
756137,Platysmurus,aterrimus,birds,Bornean Black Magpie,Kim Chuah Lim,Malaysia,"Rainforest Discovery Center, Sepilok, Sabah, Borneo",5.8762,117.9448,A,0:04,call,,XC756137-Bornean-Black-Magpie-@-RDC-Sepilok-8.41-am-220912_2426.mp3,2022-09-12,..\data\amazonas_audio\XC756137-Platysmurus-aterrimus.mp3,2022-09-12,4
756136,Platysmurus,aterrimus,birds,Bornean Black Magpie,Kim Chuah Lim,Malaysia,"Rainforest Discovery Center, Sepilok, Sabah, Borneo",5.8762,117.9448,A,0:13,song,,XC756136-Bornean-Black-Magpie-@-RDC-Sepilok-8.40-am-220912_2425.mp3,2022-09-12,..\data\amazonas_audio\XC756136-Platysmurus-aterrimus.mp3,2022-09-12,13
754598,Pyriglena,similis,birds,Tapajos Fire-eye,JAYRSON ARAUJO DE OLIVEIRA,Brazil,"Sinop, Cascalheiras - Mato Grosso",-11.7519,-55.638,A,0:20,song,,XC754598-18-09-2022-8e21-Papa-taoca-do-tapajos.mp3,2022-09-18,..\data\amazonas_audio\XC754598-Pyriglena-similis.mp3,2022-09-18,20
741170,Alaudala,heinei,birds,Turkestan Short-toed Lark,Frank Lambert,Saudi Arabia,"سكاكا, منطقة الجوف  NNE of Al Shalbub Sakaka",30.4019,40.3832,A,0:10,flight call,,XC741170-Lesser Short-toed Lark ssp-FL flight NNE of All Shalbub Sakaka 10Dec21 8.22am LS115925a.mp3,2021-12-10,..\data\amazonas_audio\XC741170-Alaudala-heinei.mp3,2021-12-10,10
732280,Pyriglena,maura,birds,Western Fire-eye,Jacob Wijpkema,Bolivia,"Vallegrande (near  Las Juntas), Vallegrande, Departamento de Santa Cruz",-19.0508,-63.6758,A,0:18,"call, song",natural song,XC732280-220605_5650.mp3,2022-06-05,..\data\amazonas_audio\XC732280-Pyriglena-maura.mp3,2022-06-05,18
729269,Pellorneum,nigrocapitatum,birds,Malayan Black-capped Babbler,Kim Chuah Lim,Malaysia,"Panti Bird Sanctuary, Johor",1.8773,103.9181,A,0:15,call,,XC729269-Black-capped Babbler @ Panti 1138am 220603_2167.mp3,2022-06-03,..\data\amazonas_audio\XC729269-Pellorneum-nigrocapitatum.mp3,2022-06-03,15
725972,Pellorneum,nigrocapitatum,birds,Malayan Black-capped Babbler,Kim Chuah Lim,Malaysia,"Lenggor, Mersing District (near  Kahang), Johor",2.3005,103.6548,A,0:19,"call, song",,XC725972-Black-capped Babbler @ Lenggor 847am 220515_2053.mp3,2022-05-15,..\data\amazonas_audio\XC725972-Pellorneum-nigrocapitatum.mp3,2022-05-15,19
717487,Illadopsis,distans,birds,Tanzanian Illadopsis,Elia Mulungu (via Louis A. Hansen),Tanzania,"Jozani Forest NP, Kusini, Unguja South Region, Tanzania",-6.2633,39.4034,A,0:04,call,,XC717487-210108-070413_plus_00m29s_PaleBreastedIlladopsis_call_VolUpHighPass.mp3,2021-01-08,..\data\amazonas_audio\XC717487-Illadopsis-distans.mp3,2021-01-08,4
713215,Merops,cyanophrys,birds,Arabian Green Bee-eater,Guy Kirwan,Oman,Wadi Rabkut,17.515,54.202,A,0:12,call,Very quiet call notes between a pair perched on a bush,"XC713215-220311_03_Green Bee-eater_Wadi Rabkut, Dhofar, Oman_10 March 2022.mp3",2022-03-10,..\data\amazonas_audio\XC713215-Merops-cyanophrys.mp3,2022-03-10,12
688135,Prinia,lepida,birds,Delicate Prinia,Gregory Askew,Saudi Arabia,"Al Jubail, Jubail, Eastern Province",26.8077,49.5833,A,0:12,call,ID to be confirmed,XC688135-Prinia_calls_Khafra_11-19-21 (ZOOM0042).mp3,2021-11-19,..\data\amazonas_audio\XC688135-Prinia-lepida.mp3,2021-11-19,12
688128,Prinia,lepida,birds,Delicate Prinia,Gregory Askew,Saudi Arabia,"Al Jubail, Jubail, Eastern Province",27.0444,49.4884,A,0:20,"call, song",ID to be confirmed,XC688128-Prinia_song_call_Sabkhat_Al_Fasl_11-19-21 (ZOOM0031).mp3,2021-11-19,..\data\amazonas_audio\XC688128-Prinia-lepida.mp3,2021-11-19,20
688125,Prinia,lepida,birds,Delicate Prinia,Gregory Askew,Saudi Arabia,"Al Jubail, Jubail, Eastern Province",27.0444,49.4884,A,0:10,song,ID to be confirmed,XC688125-Prinia_song_Sabkhat_Al_Fasal_11-19-21 (ZOOM0026).mp3,2021-11-19,..\data\amazonas_audio\XC688125-Prinia-lepida.mp3,2021-11-19,10
682538,Pellorneum,nigrocapitatum,birds,Malayan Black-capped Babbler,Thet Zaw Naing,Myanmar,"Tanintharyi (near  Chaung-nauk-pyan), Myeik, Tanintharyi Region",11.696,99.3029,A,0:11,song,,"XC682538-Babbler, Black-caped (May15_NgaWun)1.MP3",2015-05-31,..\data\amazonas_audio\XC682538-Pellorneum-nigrocapitatum.mp3,2015-05-31,11
676129,Delichon,lagopodum,birds,Siberian House Martin,Albert Lastukhin,Russian Federation,"Khonuu, Momskiy Natsional'nyy Ulus, Respublika Sakha (Yakutiya)",66.4541,143.2354,A,0:15,"flight call, alarm on a. nisus",,"XC676129-Delichon urbicum lagopodum 210713_018, Хонуу, AA alarm on A. nisus.MP3",2018-07-13,..\data\amazonas_audio\XC676129-Delichon-lagopodum.mp3,2018-07-13,15
676104,Delichon,lagopodum,birds,Siberian House Martin,Albert Lastukhin,Russian Federation,"Khonuu, Momskiy Natsional'nyy Ulus, Respublika Sakha (Yakutiya)",66.4541,143.2353,A,0:16,call,,"XC676104-Delichon urbicum lagopodum 210711_001, Хонуу, 9-40,AA juv call.MP3",2018-07-10,..\data\amazonas_audio\XC676104-Delichon-lagopodum.mp3,2018-07-10,16
676030,Delichon,lagopodum,birds,Siberian House Martin,Albert Lastukhin,Russian Federation,"Momskiy Natsional'nyy Ulus, Sakha Republic",66.0396,144.6166,A,0:11,"alarm call, flight call",,"XC676030-Delichon urbicum lagopodum 210709_009, k.Тас Юрях, AA alarm.MP3",2021-07-09,..\data\amazonas_audio\XC676030-Delichon-lagopodum.mp3,2021-07-09,11
674750,Delichon,lagopodum,birds,Siberian House Martin,Albert Lastukhin,Russian Federation,"Momskiy Natsional'nyy Ulus, Sakha Republic",66.0396,144.6166,A,0:20,"alarm call, flight call",,"XC674750-Delichon urbicum lagopodum 210619_001, р. Мома, к. Тас-Юрях, колония 16-часов, AAA alarm.MP3",2021-06-19,..\data\amazonas_audio\XC674750-Delichon-lagopodum.mp3,2021-06-19,20
667363,Larus,brachyrhynchus,birds,Short-billed Gull,Nick Komar,United States,"Nome, Nome, Alaska",64.5011,-165.4064,A,0:15,flight call,,XC667363-AK MEGU fc 2230 6-8-2021 nome nk for xc.mp3,2021-06-08,..\data\amazonas_audio\XC667363-Larus-brachyrhynchus.mp3,2021-06-08,15
664303,Larus,brachyrhynchus,birds,Short-billed Gull,Nick Komar,United States,"Elim, Nome, Alaska",64.8907,-163.68,A,0:16,flight call,Spliced from longer clip; otherwise unmodified from original.,XC664303-AK MEGU ad fc Elim 2021-6-8 1021 Nome nk for xc.mp3,2021-06-08,..\data\amazonas_audio\XC664303-Larus-brachyrhynchus.mp3,2021-06-08,16
660626,Platysmurus,aterrimus,birds,Bornean Black Magpie,Ding Li Yong,Malaysia,"Semenggoh Nature Reserve, Bahagian Kuching, Sarawak",1.4008,110.3022,A,0:05,call,,XC660626-Black Magpie_Semenggoh_DLY.mp3,2011-10-02,..\data\amazonas_audio\XC660626-Platysmurus-aterrimus.mp3,2011-10-02,5
645629,Pomatorhinus,bornensis,birds,Sunda Scimitar Babbler,Somkiat Pakapinyo (Chai),Thailand,"KM12 Viewpoint, Bala Sector, Hala-Bala Wildlife Sanctuary",5.8107,101.8026,A,0:17,call,,XC645629-20210409_074942[1]chestnut-backed sci.mp3,2021-04-09,..\data\amazonas_audio\XC645629-Pomatorhinus-bornensis.mp3,2021-04-09,17
641716,Pyriglena,maura,birds,Western Fire-eye,Mauricio Cuellar Ramirez (@Birding.travel),Colombia,"Pava Negra Nature Reserve - Florencia, Caquetá.",1.7135,-75.7326,A,0:11,song,,XC641716-Pyriglena leuconota - Brisas.mp3,2021-04-22,..\data\amazonas_audio\XC641716-Pyriglena-maura.mp3,2021-04-22,11
632493,Basileuterus,delattrii,birds,Chestnut-capped Warbler,Mauricio Cuellar Ramirez (@Birding.travel),Colombia,"Granja Villa Luz / Guadalupe, Huila",2.0123,-75.7436,A,0:06,call,,XC632493-Basileiterus rufifrons - villa luz guadalupe.mp3,2021-03-20,..\data\amazonas_audio\XC632493-Basileuterus-delattrii.mp3,2021-03-20,6
621497,Merops,cyanophrys,birds,Arabian Green Bee-eater,Oscar Campbell,United Arab Emirates,"Lulu Island, Abu Dhabi",24.499,54.3446,A,0:14,"call, flight call",Three birds on edge of Mesquite clump; flying quite close and then perching openly. Flight call then calling when perched.,XC621497-201223_GreenBee-eater_calls_LuluIsland_OC.mp3,2020-12-23,..\data\amazonas_audio\XC621497-Merops-cyanophrys.mp3,2020-12-23,14
616440,Treron,permagnus,birds,Ryukyu Green Pigeon,Ding Li Yong,Japan,"Kinsakubaru, Amami-Oshima, Kagoshima Prefecture",28.3515,129.4517,A,0:14,song,,XC616440-Whistling Green Pigeon_Amami_DLY.mp3,2014-08-30,..\data\amazonas_audio\XC616440-Treron-permagnus.mp3,2014-08-30,14
615475,Phylloscopus,nesophilus,birds,Sulawesi Leaf Warbler,Teus Luijendijk,Indonesia,"Lore Lindu National Park, Sulawesi",-1.5159,120.2301,A,0:13,song,"Low-frequency filtered. Bird not seen, Id not 100%!",XC615475-19970808SulawesiLeafWarblerTLC17B609.mp3,1997-08-08,..\data\amazonas_audio\XC615475-Phylloscopus-nesophilus.mp3,1997-08-08,13
614882,Corvus,samarensis,birds,Small Crow,Frank Lambert,Philippines,"Near waterfall trail, Samar National Park, Eastern Visayas",11.8265,125.289,A,0:16,call,"Often called Mindanao Crow, this is certainly very different from other subspecies in the Slender-billed Crow complex and, like some other sspp., should be recognised as an endemic Philippine species. 
Presumably a pair, sometimes both calling on the same track in this series, sometimes just one.",XC614882-Corvus-enca_samarensis-FL calls SamarNatPark waterfall 7.49am 22Feb20 LS114547a.mp3,2020-02-22,..\data\amazonas_audio\XC614882-Corvus-samarensis.mp3,2020-02-22,16
606787,Larus,brachyrhynchus,birds,Short-billed Gull,Peter Ward and Ken Hall,Canada,"Harrison Hot Springs, Fraser Valley, British Columbia",49.304,-121.7774,A,0:17,"call, flight call",/Users/peterward/Desktop/Two Sennheiser directional microphones with Marantz cassette recorder.pdf,XC606787-Mew Gull 1.mp3,1992-03-22,..\data\amazonas_audio\XC606787-Larus-brachyrhynchus.mp3,1992-03-22,17
594854,Charmosyna,stellae,birds,Stella's Lorikeet,Scott Connop,Papua New Guinea,"Tari Gap, above 'Ambua Lodge', Southern Highlands ",-5.9603,143.1545,A,0:09,call,,XC594854-Papuan Lorikeet OCT 3 1993 call ed.mp3,1993-10-03,..\data\amazonas_audio\XC594854-Charmosyna-stellae.mp3,1993-10-03,9
590745,Dicaeum,kampalili,birds,Flame-crowned Flowerpecker,Frank Lambert,Philippines,"New Bataan, Compostela Valley, Davao Region",7.4554,126.1735,A,0:16,call,,XC590745-Dicaeum_anthonyi_(kampalili)-FL calls ComVal 1200m 15Feb20 7.50am LS114287a.mp3,2020-02-15,..\data\amazonas_audio\XC590745-Dicaeum-kampalili.mp3,2020-02-15,16
582450,Lalage,leucoptera,birds,Biak Triller,Ken Behrens,Indonesia,Biak,-1.147033,136.129483,A,0:02,song,,XC582450-VOC_190821-0733 Biak Triller EDITED BIG.mp3,2019-08-22,..\data\amazonas_audio\XC582450-Lalage-leucoptera.mp3,2019-08-22,2
579290,Saltator,olivascens,birds,Olivaceous Saltator,A Edwar H Guarín,Colombia,"Florencia, Samaná, Caldas",5.526,-75.0414,A,0:08,song,,XC579290-Saltator coerulescens.mp3,2020-03-21,..\data\amazonas_audio\XC579290-Saltator-olivascens.mp3,2020-03-21,8
576108,Pomatorhinus,bornensis,birds,Sunda Scimitar Babbler,Okamoto Keita Sin,Malaysia,"Danum Valley Field Centre, Sabah",4.9648,117.805,A,0:10,song,"Sounds so much like a Rusty-naped Pitta which obviously won't be in Danum Valley. Chestnut-backed Scimitar-babbler? 
The continuous high-pitched call, a Malacopteron babbler?
EDIT 2021-10-09: ID Resolved, see forum.","XC576108-Scimitar Babbler, Chestnut-backed (UNSURE)_2019-09-26_0804_Msia_Borneo_Sabah_Danum.mp3",2019-09-26,..\data\amazonas_audio\XC576108-Pomatorhinus-bornensis.mp3,2019-09-26,10
573311,Saltator,olivascens,birds,Olivaceous Saltator,Arcadio Marin ,Colombia,"Anapoima, Cundinamarca",4.5727,-74.5058,A,0:09,song,Individuo registrado en áreas intervenidas de bosque y matorral ,XC573311-MVI_2229.MXmp3.mp3,2019-11-24,..\data\amazonas_audio\XC573311-Saltator-olivascens.mp3,2019-11-24,9
533973,Basileuterus,delattrii,birds,Chestnut-capped Warbler,Jerome Fischer,Colombia,"Mana Dulce, Cundinamarca",4.351,-74.652,A,0:04,call,,"XC533973-Rufous-capped Warbler, call.mp3",2020-03-05,..\data\amazonas_audio\XC533973-Basileuterus-delattrii.mp3,2020-03-05,4
512775,Scytalopus,androstictus,birds,Loja Tapaculo,Hans Matheve,Ecuador,"Cerro Toledo, Podocarpus NP, Loja",-4.3777,-79.1122,A,0:15,song,,"XC512775-Paramo Tapaculo (song, Ecuador, Cerro Toledo, mar2018, 1).mp3",2018-03-29,..\data\amazonas_audio\XC512775-Scytalopus-androstictus.mp3,2018-03-29,15
506969,Grallaria,saturata,birds,Equatorial Antpitta,David Monroy Rengifo,Colombia,"Road to Nevado del Ruiz, above Manizales, Caldas, C Andes",4.9992,-75.3484,A,0:11,song,,XC506969-170508461.mp3,2019-07-27,..\data\amazonas_audio\XC506969-Grallaria-saturata.mp3,2019-07-27,11
501307,Psittinus,abbotti,birds,Simeulue Parrot,Frank Lambert,Indonesia,"Teupah Selatan, Kabupaten Simeulue, Aceh",2.3814,96.3509,A,0:13,flight call,[surely a good species!],XC501307-Psittinus_(cyanurus)_abbotti-FL flight Simeulue 1Sept19 8.33am LS117825a.mp3,2019-09-01,..\data\amazonas_audio\XC501307-Psittinus-abbotti.mp3,2019-09-01,13
498298,Saltator,grandis,birds,Cinnamon-bellied Saltator,Odirlei Vieira da Fonseca,Costa Rica,"La Paz, San Ramón, Provincia de Alajuela",10.1563,-84.5361,A,0:18,song,Spontaneous song. A couple was building a nest in a bush.,XC498298-1115_01.mp3,2019-08-02,..\data\amazonas_audio\XC498298-Saltator-grandis.mp3,2019-08-02,18
483641,Platysmurus,aterrimus,birds,Bornean Black Magpie,Hobart WQH,Malaysia,"Stapok area of Batu Kawa, Bahagian Kuching, Sarawak",1.5253,110.3126,A,0:17,call,Raw recording of the bird while at the time was observing a greater coucal foraging as well. Earlier there was another distant Bornean black magpie. Likely the subject was part of a flock. The bird was seen skulking in a tall tree and did not show much of itself. The coucal was still there but eventually it moved back into the undergrowth. The black magpie is the same one as the one in XC483640.,XC483641-VID_20190524_072033 Black Magpie 2.mp3,2019-05-24,..\data\amazonas_audio\XC483641-Platysmurus-aterrimus.mp3,2019-05-24,17
483640,Platysmurus,aterrimus,birds,Bornean Black Magpie,Hobart WQH,Malaysia,"Stapok area of Batu Kawa, Bahagian Kuching, Sarawak",1.5253,110.3126,A,0:18,call,Raw recording of the bird while at the time was observing a greater coucal foraging as well. Earlier there was another distant Bornean black magpie. Likely the subject was part of a flock. The bird was seen skulking in a tall tree and did not show much of itself.,XC483640-VID_20190524_072010 Black Magpie.mp3,2019-05-24,..\data\amazonas_audio\XC483640-Platysmurus-aterrimus.mp3,2019-05-24,18
461974,Polioptila,bilineata,birds,White-browed Gnatcatcher,Leonardo Ordóñez-Delgado,Ecuador,"Alamala, Catamayo, Loja",-3.9572,-79.4202,A,0:12,song,,XC461974-3. Polioptila plumbea XC.MP3,2018-07-07,..\data\amazonas_audio\XC461974-Polioptila-bilineata.mp3,2018-07-07,12
451918,Platysmurus,aterrimus,birds,Bornean Black Magpie,Hobart WQH,Malaysia,"Stapok area of Batu Kawa, Bahagian Kuching, Sarawak",1.525,110.3125,A,0:09,"call, song","A singular call made by the bird. It was quite near to where I was standing but did not see it. Lately this bird have been around for quite some time, but this is the closest time I got to hear it.",XC451918-V_20190117_081751(Black magpie)1.mp3,2019-01-17,..\data\amazonas_audio\XC451918-Platysmurus-aterrimus.mp3,2019-01-17,9
441040,Saltator,grandis,birds,Cinnamon-bellied Saltator,Manuel Grosselet,Mexico,"Salto de Agua, Pijijiapan, Chiapas",15.5746,-93.1928,A,0:13,call,"Wildtronics mono amplified
",XC441040-Grayish Saltator calls song salto sept 9 832_3664.mp3,2018-09-09,..\data\amazonas_audio\XC441040-Saltator-grandis.mp3,2018-09-09,13
432119,Pomatorhinus,bornensis,birds,Sunda Scimitar Babbler,Wan Iskandar Buniyamin,Malaysia,"Sabah (near  Keningau), Bahagian Pedalaman, Sabah",5.4007,116.0997,A,0:14,call,"Equipment Used:
Zoom H5 Recorder
Zoom Stereo Shotgun Microphone",XC432119-Babbler-Chestnut Backed Scimitar1.MP3,2018-08-25,..\data\amazonas_audio\XC432119-Pomatorhinus-bornensis.mp3,2018-08-25,14
414903,Psittinus,abbotti,birds,Simeulue Parrot,Ding Li Yong,Indonesia,"Teupah Barat, Kabupaten Simeulue, Aceh",2.4634,96.3007,A,0:19,song,,XC414903-Simeulue Parrot_Teupah_Yong Ding Li.mp3,2017-03-20,..\data\amazonas_audio\XC414903-Psittinus-abbotti.mp3,2017-03-20,19
412325,Lycocorax,obiensis,birds,Obi Paradise-crow,Ross Gallardy,Indonesia,"Obi, South Halmahera Regency, North Maluku",-1.3791,127.6462,A,0:01,call,,XC412325-ObiParadiseCrow_Obi_071717_call.mp3,2017-07-17,..\data\amazonas_audio\XC412325-Lycocorax-obiensis.mp3,2017-07-17,1
410400,Pitta,concinna,birds,Ornate Pitta,Ross Gallardy,Indonesia,"Cibal, Kabupaten Manggarai, Nusa Tenggara Timur",-8.4842,120.495,A,0:13,song,,XC410400-ElegantPitta_Flores_062917_song.mp3,2017-06-29,..\data\amazonas_audio\XC410400-Pitta-concinna.mp3,2017-06-29,13
410249,Basileuterus,delattrii,birds,Chestnut-capped Warbler,Julio Acosta,El Salvador,Bosque de Cinquera,13.8819,-88.9632,A,0:19,"call, song",,XC410249-MP RUFOUUS CAPPED WARBLER.mp3,2017-06-12,..\data\amazonas_audio\XC410249-Basileuterus-delattrii.mp3,2017-06-12,19
403698,Copsychus,superciliaris,birds,Visayan Shama,Ross Gallardy,Philippines,"Libertad (near  Buruanga), Aklan, Western Visayas",11.8,121.9667,A,0:16,song,,XC403698-VisayanShama_Panay_052717_song.mp3,2017-05-27,..\data\amazonas_audio\XC403698-Copsychus-superciliaris.mp3,2017-05-27,16
396117,Anthreptes,tephrolaemus,birds,Grey-chinned Sunbird,James Bradley,Kenya,"Rondo Retreat (Lower garden), Kakamega Forest",0.226,34.8846,A,0:18,call,,XC396117-Green Sunbird_Kakamega_4Dec2017_1400_J.Bradley.mp3,2017-12-04,..\data\amazonas_audio\XC396117-Anthreptes-tephrolaemus.mp3,2017-12-04,18
395311,Ducula,geelvinkiana,birds,Geelvink Imperial Pigeon,JACOB Hervé,Indonesia,Numfor island Indonesia,-0.9825,134.8668,A,0:13,call,,XC395311-geelvink i p 3 6:10 14 h 200 m.mp3,2017-10-06,..\data\amazonas_audio\XC395311-Ducula-geelvinkiana.mp3,2017-10-06,13
390487,Pyriglena,maura,birds,Western Fire-eye,Jerome Fischer,Ecuador,"Wild Sumaco, Napo",-0.623,-77.6028,A,0:16,call,,"XC390487-White-backed Fire-eye, 19.10., call, WS.mp3",2017-10-19,..\data\amazonas_audio\XC390487-Pyriglena-maura.mp3,2017-10-19,16
388835,Basileuterus,delattrii,birds,Chestnut-capped Warbler,Kent Livezey,Panama,"El Valle de Antón, Coclé Province",8.6001,-80.1251,A,0:13,call,,XC388835-rufous-capped warbler chips_-3dB_El Valle_2017.09.25 0819.mp3,2017-09-25,..\data\amazonas_audio\XC388835-Basileuterus-delattrii.mp3,2017-09-25,13
353225,Grallaria,saltuensis,birds,Perija Antpitta,Ross Gallardy,Colombia,"Cesar, Manaure, Serranía del Perijá, arriba de El Cinco",10.3643,-72.9458,A,0:09,song,,XC353225-PerijaAntpitta_Colombia_121316_song.mp3,2016-12-13,..\data\amazonas_audio\XC353225-Grallaria-saltuensis.mp3,2016-12-13,9
353224,Grallaria,saltuensis,birds,Perija Antpitta,Ross Gallardy,Colombia,"Cesar, Manaure, Serranía del Perijá, arriba de El Cinco",10.3643,-72.9458,A,0:12,call,,XC353224-PerijaAntpitta_Colombia_121316_call.mp3,2016-12-13,..\data\amazonas_audio\XC353224-Grallaria-saltuensis.mp3,2016-12-13,12
349276,Platysmurus,aterrimus,birds,Bornean Black Magpie,Billy Ung,Malaysia,"Sarawak (near  Bintangor), Bahagian Sarikei, Sarawak",2.0585,111.6934,A,0:09,"flight call, song",,XC349276-Bornean Black Magpie.mp3,2016-12-23,..\data\amazonas_audio\XC349276-Platysmurus-aterrimus.mp3,2016-12-23,9
347210,Prinia,lepida,birds,Delicate Prinia,Tero Linjama,Turkey,Göksü delta,36.2944,33.9409,A,0:10,song,,XC347210-683_prigra_laulu2-matala_Turkki_Göksu_2007-05-22.mp3,2007-05-22,..\data\amazonas_audio\XC347210-Prinia-lepida.mp3,2007-05-22,10
343646,Merops,cyanophrys,birds,Arabian Green Bee-eater,Tero Linjama,Israel,"Har Hanegev Hadromi (near  Eilat), Be'er Sheva, South District",29.7606,34.9724,A,0:04,call,,XC343646-521_merori_kutsu2_Israel_Eilat_2009-02-26.mp3,2009-02-26,..\data\amazonas_audio\XC343646-Merops-cyanophrys.mp3,2009-02-26,4
328132,Saltator,grandis,birds,Cinnamon-bellied Saltator,Abizai Chinchilla,El Salvador,"Col. Las Vegas, Ciudad Arce, La Libertad",13.8451,-89.4498,A,0:14,song,,XC328132-SALCOE_7702.mp3,2015-05-01,..\data\amazonas_audio\XC328132-Saltator-grandis.mp3,2015-05-01,14
320936,Copsychus,superciliaris,birds,Visayan Shama,Ross Gallardy,Philippines,"Siaton, Negros Oriental, Central Visayas",9.1263,123.0295,A,0:20,song,,XC320936-VisayanShama_Negros_051616_song3.mp3,2016-05-16,..\data\amazonas_audio\XC320936-Copsychus-superciliaris.mp3,2016-05-16,20
320935,Copsychus,superciliaris,birds,Visayan Shama,Ross Gallardy,Philippines,"Siaton, Negros Oriental, Central Visayas",9.1263,123.0295,A,0:14,song,,XC320935-VisayanShama_Negros_051616_song2.mp3,2016-05-16,..\data\amazonas_audio\XC320935-Copsychus-superciliaris.mp3,2016-05-16,14
320934,Copsychus,superciliaris,birds,Visayan Shama,Ross Gallardy,Philippines,"Siaton, Negros Oriental, Central Visayas",9.1263,123.0295,A,0:19,song,,XC320934-VisayanShama_Negros_051616_song.mp3,2016-05-16,..\data\amazonas_audio\XC320934-Copsychus-superciliaris.mp3,2016-05-16,19
317808,Saltator,olivascens,birds,Olivaceous Saltator,Nick Komar,Colombia,"Cereté, Córdoba",8.8667,-75.7859,A,0:12,song,Low-density residential area with managed landscape adjacent to cattle pasture with scattered trees and hedges. Recording edited for clarity.,XC317808-COL127 GRSA alt song wtdo 1630 05082016 NK filtered.mp3,2016-05-08,..\data\amazonas_audio\XC317808-Saltator-olivascens.mp3,2016-05-08,12
300472,Merops,lafresnayii,birds,Ethiopian Bee-eater,Peter Boesman,Ethiopia,"Simbo resort, Lake Langano",7.549915,38.680299,A,0:18,"call, song, song and call",,XC300472-LS_59863 Blue-breasted Bee-eater song and call A.mp3,2015-12-08,..\data\amazonas_audio\XC300472-Merops-lafresnayii.mp3,2015-12-08,18
296852,Synallaxis,chinchipensis,birds,Chinchipe Spinetail,Ross Gallardy,Peru,"San Ignacio, Cajamarca",-5.4981,-78.8498,A,0:10,song,,XC296852-ChinchipeSpinetail_Peru_061915_song.mp3,2015-06-18,..\data\amazonas_audio\XC296852-Synallaxis-chinchipensis.mp3,2015-06-18,10
296851,Synallaxis,chinchipensis,birds,Chinchipe Spinetail,Ross Gallardy,Peru,"San Ignacio, Cajamarca",-5.4981,-78.8498,A,0:14,call,,XC296851-ChinchipeSpinetail_Peru_061915_call.mp3,2015-06-18,..\data\amazonas_audio\XC296851-Synallaxis-chinchipensis.mp3,2015-06-18,14
296721,Pyriglena,maura,birds,Western Fire-eye,Ross Gallardy,Peru,"Bosque Shollet, Villa Rica-Oxapampa Road, Pasco",-10.6767,-75.3153,A,0:19,song,,XC296721-WhiteBackedFireEye_Peru_060715_song.mp3,2015-06-07,..\data\amazonas_audio\XC296721-Pyriglena-maura.mp3,2015-06-07,19
296501,Picus,dedemi,birds,Sumatran Woodpecker,Ashley Banwell,Indonesia,"Tadu Raya, Nagan Raya, Aceh",4.1407,96.5067,A,0:18,call,,XC296501-SUMATRAN WOODY (1).MP3,2015-12-05,..\data\amazonas_audio\XC296501-Picus-dedemi.mp3,2015-12-05,18
296326,Pyriglena,maura,birds,Western Fire-eye,Ross Gallardy,Bolivia,Jardin Botanico Santa Cruz,-17.7833,-63.0666,A,0:13,call,,XC296326-WhiteBackedFireEye_Bolivia_050115_call2.mp3,2015-05-02,..\data\amazonas_audio\XC296326-Pyriglena-maura.mp3,2015-05-02,13
296325,Pyriglena,maura,birds,Western Fire-eye,Ross Gallardy,Bolivia,Jardin Botanico Santa Cruz,-17.7833,-63.0666,A,0:20,call,,XC296325-WhiteBackedFireEye_Bolivia_050115_call.mp3,2015-05-02,..\data\amazonas_audio\XC296325-Pyriglena-maura.mp3,2015-05-02,20
276857,Saltator,grandis,birds,Cinnamon-bellied Saltator,Orlando Jarquín G.,Nicaragua,"La Pradera, Chinandega",12.8869,-87.507,A,0:08,song,,XC276857-Salcoe Ojarquing.MP3,2015-08-29,..\data\amazonas_audio\XC276857-Saltator-grandis.mp3,2015-08-29,8
275576,Polioptila,bilineata,birds,White-browed Gnatcatcher,Patricio Mena Valenzuela,Ecuador,Guayas: Manglares Churute Ecological Reserve,-2.517,-79.655,A,0:20,"call, song",<a href=http://johnvmoorenaturerecordings.com/pubs/ECUAD/main.htm>Moore et al. 2013: Bird Sounds of Ecuador DVD </a>,XC275576-75.004.05.Tropical_Gnatcatcher.mp3,1992-08-00,..\data\amazonas_audio\XC275576-Polioptila-bilineata.mp3,,20
271103,Basileuterus,delattrii,birds,Chestnut-capped Warbler,Peter Boesman,Panama,"Metropolitan Park, Panama city",8.994495,-79.546093,A,0:13,call,,XC271103-LS_57912 Rufous-capped Warbler call.mp3,2015-03-08,..\data\amazonas_audio\XC271103-Basileuterus-delattrii.mp3,2015-03-08,13
268493,Apalis,flavocincta,birds,Brown-tailed Apalis,Andrew Spencer,Ethiopia,"Yabello - Mega Road, 26 km south of Yabello",4.7102,38.2022,A,0:11,song,song from a pair of birds moving at eye level through low but dense thornscrub.,XC268493-Yellow-breasted Apalis2015-1-7-1.mp3,2015-01-07,..\data\amazonas_audio\XC268493-Apalis-flavocincta.mp3,2015-01-07,11
268492,Apalis,flavocincta,birds,Brown-tailed Apalis,Andrew Spencer,Ethiopia,"Negele - Filtu Road, 32 km east of Negele",5.2013,40.0589,A,0:12,song,"song from one of the same pair as in XC268491, in response to playback.",XC268492-Yellow-breasted Apalis2015-1-4-3.mp3,2015-01-04,..\data\amazonas_audio\XC268492-Apalis-flavocincta.mp3,2015-01-04,12
268491,Apalis,flavocincta,birds,Brown-tailed Apalis,Andrew Spencer,Ethiopia,"Negele - Filtu Road, 32 km east of Negele",5.2013,40.0589,A,0:18,song,song from a pair of birds moving high in grazed thornscrub.,XC268491-Yellow-breasted Apalis2015-1-4-2.mp3,2015-01-04,..\data\amazonas_audio\XC268491-Apalis-flavocincta.mp3,2015-01-04,18
266914,Platysmurus,aterrimus,birds,Bornean Black Magpie,Marc Anderson,Malaysia,"Lower Kinabatangan River, Sabah, Borneo ",5.4896,118.2321,A,0:20,call,,XC266914-black-magpie-scolds-kbr.mp3,2015-07-23,..\data\amazonas_audio\XC266914-Platysmurus-aterrimus.mp3,2015-07-23,20
266398,Pomatorhinus,bornensis,birds,Sunda Scimitar Babbler,Marc Anderson,Malaysia,"Kubah National Park, near Kuching, Sarawak",1.607,110.1901,A,0:13,"call, song",,XC266398-chestnut-backed-scimitar-babbler-kubah1.mp3,2015-07-17,..\data\amazonas_audio\XC266398-Pomatorhinus-bornensis.mp3,2015-07-17,13
262940,Grallaria,saturata,birds,Equatorial Antpitta,Jonas Nilsson,Ecuador,"Pichincha: Yanacocha, Volcán Pichincha",-0.112,-78.585,A,0:17,"song, alternate song",<a href=http://johnvmoorenaturerecordings.com/pubs/ECUAD/main.htm>Moore et al. 2013: Bird Sounds of Ecuador DVD </a>,XC262940-62.021.02.Rufous_Antpitta.mp3,1995-08-17,..\data\amazonas_audio\XC262940-Grallaria-saturata.mp3,1995-08-17,17
262474,Polioptila,bilineata,birds,White-browed Gnatcatcher,Olaf Jahn,Ecuador,"Esmeraldas: Playa de Oro, village and vicinity, Río Santiago",0.883,-78.8,A,0:14,"call, calls, wing or bill snapping",<a href=http://johnvmoorenaturerecordings.com/pubs/ECUAD/main.htm>Moore et al. 2013: Bird Sounds of Ecuador DVD </a>Pair. Intervals partially shortened,XC262474-75.004.13.Tropical_Gnatcatcher.mp3,1996-08-25,..\data\amazonas_audio\XC262474-Polioptila-bilineata.mp3,1996-08-25,14
262473,Polioptila,bilineata,birds,White-browed Gnatcatcher,Olaf Jahn,Ecuador,"Esmeraldas: Playa de Oro, village and vicinity, Río Santiago",0.883,-78.8,A,0:20,song,<a href=http://johnvmoorenaturerecordings.com/pubs/ECUAD/main.htm>Moore et al. 2013: Bird Sounds of Ecuador DVD </a>,XC262473-75.004.06.Tropical_Gnatcatcher.mp3,1997-03-04,..\data\amazonas_audio\XC262473-Polioptila-bilineata.mp3,1997-03-04,20
262136,Grallaria,saturata,birds,Equatorial Antpitta,Olaf Jahn,Ecuador,"Esmeraldas: Cayapachupa, Cordillera de Toisán, Cotacachi-Cayapas Ecological Reserve",0.55,-78.467,A,0:11,song,<a href=http://johnvmoorenaturerecordings.com/pubs/ECUAD/main.htm>Moore et al. 2013: Bird Sounds of Ecuador DVD </a>,XC262136-62.021.04.Rufous_Antpitta.mp3,2006-08-00,..\data\amazonas_audio\XC262136-Grallaria-saturata.mp3,,11
260813,Pyriglena,maura,birds,Western Fire-eye,Mitch Lysinger,Ecuador,Napo: lower Cordillera de los Huacamayos,-0.683,-77.8,A,0:16,"call, calls",<a href=http://johnvmoorenaturerecordings.com/pubs/ECUAD/main.htm>Moore et al. 2013: Bird Sounds of Ecuador DVD </a>At antswarm,XC260813-61.075.06.White-backed_Fire-eye.mp3,2000-08-00,..\data\amazonas_audio\XC260813-Pyriglena-maura.mp3,,16
259431,Polioptila,bilineata,birds,White-browed Gnatcatcher,John V. Moore,Ecuador,Loja: Lalamor,-4.467,-80.4,A,0:15,"call, calls",<a href=http://johnvmoorenaturerecordings.com/pubs/ECUAD/main.htm>Moore et al. 2013: Bird Sounds of Ecuador DVD </a>Several birds,XC259431-75.004.12.Tropical_Gnatcatcher.mp3,1999-03-00,..\data\amazonas_audio\XC259431-Polioptila-bilineata.mp3,,15
258607,Grallaria,saturata,birds,Equatorial Antpitta,John V. Moore,Ecuador,"Pichincha: Yanacocha, Volcán Pichincha",-0.112,-78.585,A,0:16,"call, call (one-noted)",<a href=http://johnvmoorenaturerecordings.com/pubs/ECUAD/main.htm>Moore et al. 2013: Bird Sounds of Ecuador DVD </a>,XC258607-62.021.11.Rufous_Antpitta.mp3,1998-05-00,..\data\amazonas_audio\XC258607-Grallaria-saturata.mp3,,16
258604,Grallaria,saturata,birds,Equatorial Antpitta,John V. Moore,Ecuador,"Pichincha: Yanacocha, Volcán Pichincha",-0.112,-78.585,A,0:18,alarm call,<a href=http://johnvmoorenaturerecordings.com/pubs/ECUAD/main.htm>Moore et al. 2013: Bird Sounds of Ecuador DVD </a>,XC258604-62.021.05.Rufous_Antpitta.mp3,1998-05-00,..\data\amazonas_audio\XC258604-Grallaria-saturata.mp3,,18
258603,Grallaria,saturata,birds,Equatorial Antpitta,John V. Moore,Ecuador,"Pichincha: Yanacocha, Volcán Pichincha",-0.112,-78.585,A,0:16,song,<a href=http://johnvmoorenaturerecordings.com/pubs/ECUAD/main.htm>Moore et al. 2013: Bird Sounds of Ecuador DVD </a>Looped once,XC258603-62.021.03.Rufous_Antpitta.mp3,2001-05-00,..\data\amazonas_audio\XC258603-Grallaria-saturata.mp3,,16
242995,Polioptila,bilineata,birds,White-browed Gnatcatcher,Niels Krabbe,Ecuador,Guayas: 3 km E Pacoa Beach,-2.082,-80.711,A,0:13,song,"Desert all green with herbs owing to ""El Niño"". Reference: B 298-306 (PolpluQ3). Krabbe & Nilsson (2003) (ISBN 90-75838-06-9).",XC242995-Polioptila_plumbea89cut4A.mp3,2003-02-16,..\data\amazonas_audio\XC242995-Polioptila-bilineata.mp3,2003-02-16,13
234208,Grallaria,spatiator,birds,Sierra Nevada Antpitta,Fabrice Schmitt,Colombia,"San Lorenzo, Sierra Nevada de Santa Marta",11.1053,-74.0472,A,0:13,song,,XC234208-Rufous Antpitta_spatiator_SanLorenzo_Col_26mar2015_FSchmitt.mp3,2015-03-26,..\data\amazonas_audio\XC234208-Grallaria-spatiator.mp3,2015-03-26,13
229225,Saltator,grandis,birds,Cinnamon-bellied Saltator,Peter Boesman,Mexico,"Panuco road, Sinaloa",23.3666666667,-106.0,A,0:14,song,ID certainty 100%. (Archiv. tape 146 side A track 35 seq. A),XC229225-Grayish Saltator A 16363.mp3,2002-04-04,..\data\amazonas_audio\XC229225-Saltator-grandis.mp3,2002-04-04,14
229218,Saltator,grandis,birds,Cinnamon-bellied Saltator,Peter Boesman,Mexico,"Campamento Río Lacandon, Chiapas",16.7166666667,-91.0833333333,A,0:10,song,ID certainty 100%. (Archiv. tape 162 side B track 19 seq. C),XC229218-Grayish Saltator A 16368.mp3,2003-04-08,..\data\amazonas_audio\XC229218-Saltator-grandis.mp3,2003-04-08,10
228513,Polioptila,bilineata,birds,White-browed Gnatcatcher,Peter Boesman,Peru,"Bosque Pomac, Lambayeque",-6.4867,-79.7525,A,0:16,call,ID certainty 100%. (Archiv. tape 521 side A track 45 seq. A),XC228513-Tropical Gnatcatcher A 13301.mp3,2007-12-24,..\data\amazonas_audio\XC228513-Polioptila-bilineata.mp3,2007-12-24,16
215865,Ducula,cuprea,birds,Malabar Imperial Pigeon,Pankaj Lad,India,"Tambdi Surla, Bhagwan Mahaveer Wildlife Sanctuary, Goa",15.375,74.2542,A,0:13,call,,XC215865-Goa Tambdi Surla Mountain Imperial Pigeon-2 05-May-2009 E PRL.mp3,2009-05-05,..\data\amazonas_audio\XC215865-Ducula-cuprea.mp3,2009-05-05,13
167271,Alophoixus,ruficrissus,birds,Penan Bulbul,Patrik Åberg,Malaysia,"Mount Kinabalu, Sabah, Borneo",6.0812,116.5649,A,0:18,call,,XC167271-Ochraceous-Bulbul-(2014-01-06 09.15)-[0.19]-LS114152.mp3,2014-01-06,..\data\amazonas_audio\XC167271-Alophoixus-ruficrissus.mp3,2014-01-06,18
166996,Ptilinopus,speciosus,birds,Geelvink Fruit Dove,Frank Lambert,Indonesia,Numfor island Indonesia,-0.9825,134.8668,A,0:14,song,,XC166996-Ptilinopus solomonensis_speciosus-FL seen song Num for 17Jul13 4.32pm LS115881.mp3,2013-07-17,..\data\amazonas_audio\XC166996-Ptilinopus-speciosus.mp3,2013-07-17,14
166995,Ptilinopus,speciosus,birds,Geelvink Fruit Dove,Frank Lambert,Indonesia,Numfor island Indonesia,-0.9825,134.8668,A,0:12,song,,XC166995-Ptilinopus solomonensis_speciosus-FL seen song Num for 17Jul13 4.06pm LS115879.mp3,2013-07-17,..\data\amazonas_audio\XC166995-Ptilinopus-speciosus.mp3,2013-07-17,12
164205,Oenanthe,seebohmi,birds,Atlas Wheatear,Tero Linjama,Morocco,Oukaimeden,31.1982,-7.8587,A,0:08,song,,XC164205-643_oenoensee_laulu_Marokko_Oukaimeden_2012-05-01.mp3,2012-04-30,..\data\amazonas_audio\XC164205-Oenanthe-seebohmi.mp3,2012-04-30,8
161623,Pitta,vigorsii,birds,Banda Sea Pitta,Frank Lambert,Indonesia,"Tanimbar Islands: Site 3 Yamdena, Maluku",-7.7803,131.4034,A,0:11,song,"One of the birds on XC161622, in response to playback",XC161623-Pitta_elegans-FL song Tanimbar 30Oct13 pm LS116678.mp3,2013-10-30,..\data\amazonas_audio\XC161623-Pitta-vigorsii.mp3,2013-10-30,11
158132,Grallaria,cajamarcae,birds,Cajamarca Antpitta,Hans Matheve,Peru,"Cruz Conga, Celendín",-7.0356,-78.224,A,0:14,song,,"XC158132-Rufous Antpitta (song, Peru, Cruz Conga, dec2009, 2).mp3",2010-12-19,..\data\amazonas_audio\XC158132-Grallaria-cajamarcae.mp3,2010-12-19,14
156502,Oriolus,finschi,birds,Wetar Oriole,Frank Lambert,Indonesia,"Wetar, near Naumatong Village,  Maluku",-7.6946,126.2763,A,0:16,song,"The song is quite different to the nominate from Timor, and this plus plumage differences suggest that the two taxa should be treated as different species.",XC156502-Oriolus_(melanotis)_finschi-FL Naumatong Wetar 21Oct13 11.17am LS116518.mp3,2013-10-21,..\data\amazonas_audio\XC156502-Oriolus-finschi.mp3,2013-10-21,16
156105,Larvivora,namiyei,birds,Okinawa Robin,Frank Lambert,Japan,"Oku area, Kunigami, Okinawa Prefecture",26.8265,128.2941,A,0:13,song,"Two different cuts of individual song phrases, the first made at 6.30am, the second at 9.04am. Different birds. This taxon often gave 1-3 widely spaced song phrases.",XC156105-Erithacus_komadori_namiyei-FL X song northern Okinawa 13June13 06.30 LS115262 + 09.04am LS115229.mp3,2013-06-13,..\data\amazonas_audio\XC156105-Larvivora-namiyei.mp3,2013-06-13,13
154860,Alaudala,heinei,birds,Turkestan Short-toed Lark,Arend Wassink,Kazakhstan,"Kyzylkol lake, South Kazakhstan province",43.7589,69.4844,A,0:18,"flight call, song",same bird as on XC154859,XC154860-Calandrella rufescens song and calls of male and female near nest Kyzylkol lake South Kazakhstan province Kazakhstan 30 April 2012 (Arend Wassink) .mp3,2012-04-30,..\data\amazonas_audio\XC154860-Alaudala-heinei.mp3,2012-04-30,18
140628,Charmosyna,stellae,birds,Stella's Lorikeet,Marc Anderson,Papua New Guinea,Enga Province; Kumul Lodge,-5.79,143.97,A,0:04,flight call,,XC140628-papuan-lorikeet.mp3,2012-07-24,..\data\amazonas_audio\XC140628-Charmosyna-stellae.mp3,2012-07-24,4
132811,Oenanthe,halophila,birds,Maghreb Wheatear,Manuel Schweizer,Tunisia,"Metlaoui, Gafsa",34.3298,8.339,A,0:19,song,,XC132811-Berbersteinschmätzer.mp3,2003-03-13,..\data\amazonas_audio\XC132811-Oenanthe-halophila.mp3,2003-03-13,19
127523,Polioptila,bilineata,birds,White-browed Gnatcatcher,Thore Noernberg,Panama,Pipeline road - begin,9.125,-79.715,A,0:16,song,bird seen in canopy from observation tower and recorded from there,XC127523-Audio Tropical Gnatcatcher.mp3,2013-03-26,..\data\amazonas_audio\XC127523-Polioptila-bilineata.mp3,2013-03-26,16
121785,Pitta,concinna,birds,Ornate Pitta,Frank Lambert,Indonesia,FLores: near Puarlolo Telecom Station,-8.6075,120.0315,A,0:19,"call, song","At least three birds ""singing"" on this track - the two nearest birds have distinctly different sounding songs that might indicate a pair. There are also a few call notes on this track. Same birds as on XC121784. ",XC121785-Pitta_elegans_concinna-FL song & calls West Flores 15Aug12 LS112213.mp3,2012-08-15,..\data\amazonas_audio\XC121785-Pitta-concinna.mp3,2012-08-15,19
118200,Merops,cyanophrys,birds,Arabian Green Bee-eater,Thijs Fijen,Oman,"Rubish dump Quriyat, Oman",23.200683,58.9307,A,0:11,call,Call from perched bird,XC118200-Little Green Bee-eater_20121218_11_roep.mp3,2012-12-18,..\data\amazonas_audio\XC118200-Merops-cyanophrys.mp3,2012-12-18,11
108542,Pyriglena,similis,birds,Tapajos Fire-eye,Tayler Brooks,Brazil,"Cristalino Jungle Lodge, MT",-9.5981,-55.932,A,0:19,song,Natural vocalization. Near small antswarm.,White-backed Fire-eye song 8-19-11.mp3,2011-08-19,..\data\amazonas_audio\XC108542-Pyriglena-similis.mp3,2011-08-19,19
107010,Prinia,lepida,birds,Delicate Prinia,vir joshi,India,little rann of kutch gujarat india,23.1359,71.7451,A,0:02,song,,grasful prinia.mp3,2011-12-30,..\data\amazonas_audio\XC107010-Prinia-lepida.mp3,2011-12-30,2
102621,Pyriglena,maura,birds,Western Fire-eye,Fabrice Schmitt,Peru,"Quitacalzones, Manu road",-13.0167,-71.4001,A,0:04,song,,White-backed Fire-eye_marcapatensis_CORL_Pe_21jul10_FS_2.mp3,2010-07-21,..\data\amazonas_audio\XC102621-Pyriglena-maura.mp3,2010-07-21,4
102620,Pyriglena,maura,birds,Western Fire-eye,Fabrice Schmitt,Peru,"Quitacalzones, Manu road",-13.0167,-71.4001,A,0:04,song,,White-backed Fire-eye_marcapatensis_CORL_Pe_21jul10_FS_1.mp3,2010-07-21,..\data\amazonas_audio\XC102620-Pyriglena-maura.mp3,2010-07-21,4
102558,Grallaria,occabambae,birds,Urubamba Antpitta,Fabrice Schmitt,Peru,Acjanaco,-13.1834,-71.6167,A,0:14,alarm call,after playback,Rufous Antpitta_call_Acjanaco_Pe_24jul2011_FS.mp3,2011-07-24,..\data\amazonas_audio\XC102558-Grallaria-occabambae.mp3,2011-07-24,14
100397,Grallaria,cochabambae,birds,Bolivian Antpitta,Jon King,Bolivia,"Presa Corani, KM65 Villa Tunari road, dpto. Cochabamba",-17.2245,-65.8998,A,0:20,song,"Natural song. Distance to mic. 5m, seen singing im above ground.",Antpitta_cochabambae_natsong_26092011_0826_0028.mp3,2011-09-26,..\data\amazonas_audio\XC100397-Grallaria-cochabambae.mp3,2011-09-26,20
100393,Grallaria,cochabambae,birds,Bolivian Antpitta,Jon King,Bolivia,"Cotapata, KM50 La Paz-Coroica road, dpto. La Paz",-16.2775,-67.8445,A,0:09,"song, long song",Natural song. Distance to mic. 10m. Not seen.,Antpitta_cochabambae_natlong_06092011_1730_0273.mp3,2011-06-09,..\data\amazonas_audio\XC100393-Grallaria-cochabambae.mp3,2011-06-09,9
98038,Pyriglena,maura,birds,Western Fire-eye,Tayler Brooks,Ecuador,"Wildsumaco, 5km NW Guagua Sumaco, Napo",-0.687316,-77.599182,A,0:11,call,Natural vocalization.,white backed fire eye call.mp3,2011-01-28,..\data\amazonas_audio\XC98038-Pyriglena-maura.mp3,2011-01-28,11
95320,Otus,mendeni,birds,Banggai Scops Owl,Frank Lambert,Indonesia,"north-east of Kawalu, Peleng (site 2)",-1.2528,123.3648,A,0:10,flight call,One of a pair in roadside scrub with some taller trees. These calls were made in flight following playback of other vocalisations,Otus_mendeni-FL flight call Kawalu_ Peleng ID 25Jun11 50m R09_0048.mp3,2011-06-25,..\data\amazonas_audio\XC95320-Otus-mendeni.mp3,2011-06-25,10
90898,Pomatorhinus,bornensis,birds,Sunda Scimitar Babbler,Fabian Ducry &amp; David Marques,Indonesia,"Way Titias, Bukit Barisan Selatan NP, Lampung, Sumatra",-5.0684,104.0256,A,0:03,call,,20090906_WayTitias_Chestnut-backedScimitarBabbler_call.mp3,2009-09-06,..\data\amazonas_audio\XC90898-Pomatorhinus-bornensis.mp3,2009-09-06,3
90691,Pellorneum,capistratoides,birds,Bornean Black-capped Babbler,Fabian Ducry &amp; David Marques,Malaysia,"Poring Hot Springs, Sabah, Borneo",6.0401,116.712,A,0:17,song,,20090728_Poring_Black-cappedBabbler_song.mp3,2009-07-28,..\data\amazonas_audio\XC90691-Pellorneum-capistratoides.mp3,2009-07-28,17
90655,Gallinago,magellanica,birds,Magellanic Snipe,Andrew Spencer,Chile,"PN Torres del Paine, XII Region",-51.0289,-72.782,A,0:06,call,calls from a flushing bird.,South American Snipe2011-10-28-2.mp3,2011-10-28,..\data\amazonas_audio\XC90655-Gallinago-magellanica.mp3,2011-10-28,6
69100,Phylloscopus,nesophilus,birds,Sulawesi Leaf Warbler,Frank Lambert,Indonesia,"Sulawesi; Lore Lindu NP, above Anaso",-1.32,120.3,A,0:19,song,Previously published on AVoCet as <a href=http://avocet.zoology.msu.edu/recordings/5431>AV5431</a>.  Certainty: 100%.  ID determined by: not specifically indicated; recordist normally sees birds recorded and indicates if any question; matches AV cuts. GPS: Xeno-canto.,Phylloscopus_sarasinorum_Sulawesi-00a-FRL_ID_29.2_32.9-52.3_2_S.mp3,2000-04-04,..\data\amazonas_audio\XC69100-Phylloscopus-nesophilus.mp3,2000-04-04,19
62929,Grallaria,oneilli,birds,Panao Antpitta,Willem-Pier Vellinga,Peru,"Santa Barbara, Sector San Martin, PN Yanachaga-Chemillen, Pasco",-10.339,-75.63,A,0:16,"song, short song","Recording reffered to in description of taxon/species: Isler et al., ""Taxonomic evaluation of the Grallaria rufula (Rufous Antpitta) complex (Aves: Passeriformes: Grallariidae) distinguishes sixteen species"", Zootaxa 4817 (1), 2020 

Recorded on a CORBIDI expedition.",29122009_162_005_GraRuf.mp3,2010-08-21,..\data\amazonas_audio\XC62929-Grallaria-oneilli.mp3,2010-08-21,16
62928,Grallaria,oneilli,birds,Panao Antpitta,Willem-Pier Vellinga,Peru,"Santa Barbara, Sector San Martin, PN Yanachaga-Chemillen, Pasco",-10.339,-75.63,A,0:10,"song, long song","bird called for a long time. this is my only in tact recording. rig (connection to battery pack) broke down due to sub-zero temperatures and heavy shaking during transport a day earlier.

2020-7-21: G.r.obscura? => G.oneilli

Recording reffered to in description of taxon/species: Isler et al., ""Taxonomic evaluation of the Grallaria rufula (Rufous Antpitta) complex (Aves: Passeriformes: Grallariidae) distinguishes sixteen species"", Zootaxa 4817 (1), 2020 

Recorded on a CORBIDI expedition.",11082010_250_000_GraRuf.mp3,2010-08-19,..\data\amazonas_audio\XC62928-Grallaria-oneilli.mp3,2010-08-19,10
48483,Penelope,bridgesi,birds,Yungas Guan,Bernabe Lopez-Lanus,Argentina,"Serrania de Acambuco (Alto Macueta), Tartagal, Salta",-22.0914,-63.9247,A,0:15,call,,Penelope obscura_Dusky-legged Guan_Serrania de Acambuco (Alto Macueta)_Tartagal_Salta_Argentina_24MAR05 b_Bernabe Lopez-Lanus.mp3,2005-03-24,..\data\amazonas_audio\XC48483-Penelope-bridgesi.mp3,2005-03-24,15
47463,Polioptila,bilineata,birds,White-browed Gnatcatcher,Niels Krabbe,Peru,Piura: Naupés,-5.599,-79.817,A,0:12,call,,"Polioptila_plumbea_bilineata,_Naupes,_Piura,_0535S_7948W,_250_m,_29_Aug_1983,_NKrabbe,_call.mp3",1983-08-29,..\data\amazonas_audio\XC47463-Polioptila-bilineata.mp3,1983-08-29,12
47028,Grallaria,obscura,birds,Junin Antpitta,Andrew Spencer,Peru,"Puente Carrizales area, Satipo Road, Junin",-11.4867,-74.8859,A,0:14,song,,Rufous Antpitta2009-11-25-2.mp3,2009-11-25,..\data\amazonas_audio\XC47028-Grallaria-obscura.mp3,2009-11-25,14
45843,Pyriglena,maura,birds,Western Fire-eye,Andrew Spencer,Peru,"Abra Maruncunca, Puno",-14.2334,-69.2834,A,0:12,song,,White-backed Fire-eye2009-11-9-2.mp3,2009-11-09,..\data\amazonas_audio\XC45843-Pyriglena-maura.mp3,2009-11-09,12
44170,Saltator,olivascens,birds,Olivaceous Saltator,Alexandre Renaudier,French Guiana,"Awala-Yalimapo, digue",5.73778,-53.945961,A,0:19,call,natural recording,SALCOEcall.mp3,0000-00-00,..\data\amazonas_audio\XC44170-Saltator-olivascens.mp3,,19
42245,Scytalopus,androstictus,birds,Loja Tapaculo,Niels Krabbe,Ecuador,"Zamora-Chinchipe: Quebrada Calderón, upper Río Isimanchi, Cordillera Las Lagunillas",-4.776,-79.409,A,0:09,call,Tape ref. LXIA 181-185,SCYOPA35.mp3,1992-11-09,..\data\amazonas_audio\XC42245-Scytalopus-androstictus.mp3,1992-11-09,9
41547,Merops,lafresnayii,birds,Ethiopian Bee-eater,Rory Nefdt,Ethiopia,Addis Ababa ,9.0148,38.7145,A,0:04,song,,428_Blue-breasted_Bee_eater_Addis_20Dec9.mp3,2009-12-20,..\data\amazonas_audio\XC41547-Merops-lafresnayii.mp3,2009-12-20,4
39061,Pyriglena,maura,birds,Western Fire-eye,Frank Lambert,Peru,Tumbes National Reserve ,-3.837536,-80.304565,A,0:18,song,'Pacific Fire-eye',FIREEYEPacific_FL QuebFaical 31Nov04.mp3,0000-00-00,..\data\amazonas_audio\XC39061-Pyriglena-maura.mp3,,18
29084,Penelope,bridgesi,birds,Yungas Guan,Niels Krabbe,Argentina,Jujuy: PN Calilegua: Aguas Negras,-23.758,-64.851,A,0:10,"call, call when flushed",Tape ref.(A 306-311),PENOBS01.mp3,2000-02-09,..\data\amazonas_audio\XC29084-Penelope-bridgesi.mp3,2000-02-09,10
23622,Grallaria,cajamarcae,birds,Cajamarca Antpitta,Willem-Pier Vellinga,Peru,"Bosque protector Pagaibamba, Chotas, Cajamarca",-6.4334,-79.0667,A,0:20,song?,,14082008_141GraRufCajPagaibamba.mp3,2008-08-18,..\data\amazonas_audio\XC23622-Grallaria-cajamarcae.mp3,2008-08-18,20
19877,Phylloscopus,nesophilus,birds,Sulawesi Leaf Warbler,David Farrow,Indonesia,"Lore Lindu National Park, Sulawesi ",-1.5159,120.2301,A,0:18,song,,sulawesileafwarblersongsulawesiFarrow.mp3,1999-09-14,..\data\amazonas_audio\XC19877-Phylloscopus-nesophilus.mp3,1999-09-14,18
17671,Polioptila,bilineata,birds,White-browed Gnatcatcher,Andrew Spencer,Ecuador,"Jorupe reserve, east of Macará, Loja",-4.3667,-79.9001,A,0:16,call,,Tropical Gnatcatcher2007-12-17calls1.mp3,2007-12-17,..\data\amazonas_audio\XC17671-Polioptila-bilineata.mp3,2007-12-17,16
12598,Saltator,olivascens,birds,Olivaceous Saltator,Andrew Spencer,Venezuela,"Reserva Montecano, Falcon",11.9167,-69.9667,A,0:17,song,,Grayish Saltator2006-12-18 0742.mp3,2006-12-18,..\data\amazonas_audio\XC12598-Saltator-olivascens.mp3,2006-12-18,17
8798,Grallaria,occabambae,birds,Urubamba Antpitta,Ramiro Yabar,Peru,"Abra Malaga, Cuzco",-13.1351,-72.3039,A,0:13,song,,Rufous Antpitta.mp3,2004-12-08,..\data\amazonas_audio\XC8798-Grallaria-occabambae.mp3,2004-12-08,13
8565,Scytalopus,intermedius,birds,Utcubamba Tapaculo,Herman van Oosten,Peru,"Abra Barro Negro, Amazonas",-6.7337,-77.8945,A,0:10,"call, song, calls or a song","Id by Dan Lane, giving the comment ""S. macropus is not known to occur farthern north than southern San Martin, and is far more slowly-paced than this taxon. Birdingperu and Valqui's book have confused the issue regarding the distribution of macropus, unfortunately, so many people are reporting it from well north of where it actually occurs.""",scytalopus_spec_ABN.mp3,2006-10-02,..\data\amazonas_audio\XC8565-Scytalopus-intermedius.mp3,2006-10-02,10
5918,Euphonia,godmani,birds,West Mexican Euphonia,Richard C. Hoyer,Mexico,"Microondas El Indio, Sinaloa",23.6642,-106.5817,A,0:16,song,Godman's Euphonia. Filtered,Godman'sScrubEuphoniaSinaloa1BHoyer.mp3,1999-11-19,..\data\amazonas_audio\XC5918-Euphonia-godmani.mp3,1999-11-19,16
3540,Pyriglena,maura,birds,Western Fire-eye,Sebastian K. Herzog,Bolivia,"Old rd Cochabamba - V. Tunari, Camp 4; Carrasco NP, Cochabamba",-17.1667,-65.5834,A,0:10,call,Different call types. Score for 2nd and 3rd calls.  cd:http://www.birdsongs.com/Bolivia/main.htm,2084/a10.mp3,1996-08-24,..\data\amazonas_audio\XC3540-Pyriglena-maura.mp3,1996-08-24,10
3103,Pyriglena,maura,birds,Western Fire-eye,A. Bennett Hennessey,Bolivia,"Serranías Beu & Chepete,  Pilón Lajas Biosphere R., La Paz",-15.1,-67.533,A,0:20,song,After playback.  At 1200 - 1300 m. cd:http://www.birdsongs.com/Bolivia/main.htm,2371/02.mp3,1998-09-14,..\data\amazonas_audio\XC3103-Pyriglena-maura.mp3,1998-09-14,20
2652,Pyriglena,maura,birds,Western Fire-eye,Sjoerd Mayer,Bolivia,"Botanical garden of Santa Cruz, Santa Cruz",-17.7751,-63.0667,A,0:14,alarm call,After playback. cd:http://www.birdsongs.com/Bolivia/main.htm,81/b10.mp3,1995-05-23,..\data\amazonas_audio\XC2652-Pyriglena-maura.mp3,1995-05-23,14
1016,Saltator,grandis,birds,Cinnamon-bellied Saltator,Robin Carter,Costa Rica,Hotel Valle Escondido,10.2501,-84.5167,A,0:04,song,,GrayishSaltator2002072005.mp3,2002-07-20,..\data\amazonas_audio\XC1016-Saltator-grandis.mp3,2002-07-20,4
773151,Prinia,lepida,birds,Delicate Prinia,Tora BENZEYEN,Turkey,"Antalya, Konyaaltı, Antalya",36.859,30.6183,B,0:06,call,On a small marsh path.,XC773151-Asya-Dikkuyruklu-Ötleğeni.mp3,2022-12-31,..\data\amazonas_audio\XC773151-Prinia-lepida.mp3,2022-12-31,6
773037,Penelope,bridgesi,birds,Yungas Guan,Niels Krabbe,Argentina,"Salta: Gallinato, 1370 m",-24.665,-65.377,B,0:13,"call, wing-flapping display",,"XC773037-20221231,0530hrsPenelope-obscura-bridgesi,wingflap1072A.mp3",2022-12-31,..\data\amazonas_audio\XC773037-Penelope-bridgesi.mp3,2022-12-31,13
771599,Grallaria,saturata,birds,Equatorial Antpitta,David Monroy Rengifo,Colombia,"Finca Cortaderal, Santa Rosa de Cabal, Risaralda",4.8597,-75.4886,B,0:17,call,,XC771599-220702-001---Grallaria-saturata_482761771.mp3,2022-07-02,..\data\amazonas_audio\XC771599-Grallaria-saturata.mp3,2022-07-02,17
767020,Grallaria,saturata,birds,Equatorial Antpitta,Bram Vogels,Ecuador,"Sayausi (near  Culebrillas), Cuenca, Azuay",-2.8442,-79.1437,B,0:16,song,,XC767020-Equatorial-antpitta.mp3,2022-11-11,..\data\amazonas_audio\XC767020-Grallaria-saturata.mp3,2022-11-11,16
764313,Delichon,lagopodum,birds,Siberian House Martin,Stanislas Wroza,Mongolia,"Tugrug, Mankhan, Khovd",47.4515,92.218,B,0:05,flight call,,XC764313-Hirondelle-de-fenêtre-cris.mp3,2022-08-26,..\data\amazonas_audio\XC764313-Delichon-lagopodum.mp3,2022-08-26,5
763551,Synallaxis,chinchipensis,birds,Chinchipe Spinetail,GABRIEL LEITE,Peru,"Bellavista (near  San Agustin), Jaén, Cajamarca",-5.6015,-78.8021,B,0:11,song,,XC763551-Synallaxis-chichipensis_Jaen_MixPre-1816.wav,2022-11-19,..\data\amazonas_audio\XC763551-Synallaxis-chinchipensis.wav,2022-11-19,11
763293,Illadopsis,distans,birds,Tanzanian Illadopsis,isaac kilusu,Tanzania,"Amani nature reserve, East Usambara,Tanga",-5.101,38.6295,B,0:05,call,,XC763293-Tanzania-illadopsis-733.mp3,2022-11-16,..\data\amazonas_audio\XC763293-Illadopsis-distans.mp3,2022-11-16,5
754583,Pyriglena,similis,birds,Tapajos Fire-eye,JAYRSON ARAUJO DE OLIVEIRA,Brazil,"Sinop, Cascalheiras - Mato Grosso",-11.7519,-55.638,B,0:12,song,,XC754583-18-09-2022-8e13-Papa-taoca-do-tapajos.mp3,2022-09-18,..\data\amazonas_audio\XC754583-Pyriglena-similis.mp3,2022-09-18,12
754581,Pyriglena,similis,birds,Tapajos Fire-eye,JAYRSON ARAUJO DE OLIVEIRA,Brazil,"Sinop, Cascalheiras - Mato Grosso",-11.7519,-55.638,B,0:10,song,,XC754581-18-09-2022-8e10-Papa-taoca-do-tapajos-e-formigueiro-de-cauda-baia-(Pyriglena-similis).mp3,2022-09-18,..\data\amazonas_audio\XC754581-Pyriglena-similis.mp3,2022-09-18,10
754579,Pyriglena,similis,birds,Tapajos Fire-eye,JAYRSON ARAUJO DE OLIVEIRA,Brazil,"Sinop, Cascalheiras - Mato Grosso",-11.7519,-55.638,B,0:04,song,,XC754579-18-09-2022-8e6-Papa-taoca-do-tapajos.mp3,2022-09-18,..\data\amazonas_audio\XC754579-Pyriglena-similis.mp3,2022-09-18,4
739381,Anthreptes,tephrolaemus,birds,Grey-chinned Sunbird,Peter Boesman,Uganda,"Kibale National Park, Western Region",0.4698,30.3672,B,0:17,call,,XC739381-LS_50943 Green Sunbird calls B.mp3,2022-06-20,..\data\amazonas_audio\XC739381-Anthreptes-tephrolaemus.mp3,2022-06-20,17
739121,Charadrius,dealbatus,birds,White-faced Plover,雪鼬,China,"Zhanjiang, Guangdong Province",20.8558,109.7028,B,0:06,call,,XC739121- 单声 20220423_01.mp3,2022-04-23,..\data\amazonas_audio\XC739121-Charadrius-dealbatus.mp3,2022-04-23,6
736605,Illadopsis,distans,birds,Tanzanian Illadopsis,Louis A. Hansen,Tanzania,Mafuta_to_Ubiri_Village_muddy_forest_road_artifical_halfway_point_South_Ukingu_(aka_Nguru)_Tanzania_(600-740m),-6.0766,37.5593,B,0:09,song,Same as XC736599,XC736605-2021-08-27-07_06_42_plus_00m33s_PaleBreastedIlladopsis_song_short_HighPass_AggrrLowPass.mp3,2021-08-27,..\data\amazonas_audio\XC736605-Illadopsis-distans.mp3,2021-08-27,9
734199,Pomatorhinus,bornensis,birds,Sunda Scimitar Babbler,GABRIEL LEITE,Malaysia,"Telecom loop.  Fraser's Hill (Bukit Fraser), Pahang",3.717,101.752,B,0:13,call,,XC734199-Pomatorhinus montanus_Fraser_MixPre-465.mp3,2022-06-02,..\data\amazonas_audio\XC734199-Pomatorhinus-bornensis.mp3,2022-06-02,13
732889,Alaudala,heinei,birds,Turkestan Short-toed Lark,Frank Lambert,Saudi Arabia,"سكاكا, منطقة الجوف  NNE of Al Shalbub Sakaka",30.4019,40.3832,B,0:10,"flight call, flight trills",,XC732889-Lesser Short-toed Lark ssp-FL flight trills NNE of Al Shalbub Sakaka 10Dec21 9.06am LS1159231b.mp3,2021-12-10,..\data\amazonas_audio\XC732889-Alaudala-heinei.mp3,2021-12-10,10
732459,Eremalauda,eremodites,birds,Arabian Lark,Frank Lambert,Saudi Arabia,"Hegra, AlUla, Al Madinah Province",26.9864,37.953,B,0:10,flight call,"Same pair as XC732458, in flight",XC732459-Arabian Lark-FL pair flight10km along Route375-Aradah 12Dec21 8.04am LS115955b.mp3,2021-12-12,..\data\amazonas_audio\XC732459-Eremalauda-eremodites.mp3,2021-12-12,10
732458,Eremalauda,eremodites,birds,Arabian Lark,Frank Lambert,Saudi Arabia,"Hegra, AlUla, Al Madinah Province",26.9864,37.953,B,0:10,call,Pair ,XC732458-Arabian Lark-FL pair calls 10km along Route375-Aradah 12Dec21 8.03am LS115954B.mp3,2021-12-12,..\data\amazonas_audio\XC732458-Eremalauda-eremodites.mp3,2021-12-12,10
730027,Scytalopus,androstictus,birds,Loja Tapaculo,Brian Cox,Ecuador,"Cajanuma, Parque Nacional Podocarpus, Loja.",-4.1163,-79.1714,B,0:12,call,,XC730027-paramo (Loja) tapaculo cajanuma 980331.mp3,1998-03-31,..\data\amazonas_audio\XC730027-Scytalopus-androstictus.mp3,1998-03-31,12
719297,Merops,viridissimus,birds,African Green Bee-eater,Peter Boesman,Ghana,"Tono Dam, Upper East",10.8589,-1.1498,B,0:08,flight call,A few calls of a single bird in flight,XC719297-LS_55376 Little Green Bee-eater flight call B.mp3,2022-03-14,..\data\amazonas_audio\XC719297-Merops-viridissimus.mp3,2022-03-14,8
717483,Illadopsis,distans,birds,Tanzanian Illadopsis,Elia Mulungu (via Louis A. Hansen),Tanzania,"Jozani Forest NP, Kusini, Unguja South Region, Tanzania",-6.2633,39.4034,B,0:09,song,Same as XC717479,XC717483-210108-063456_plus_01m19s_PaleBreastedIlladopsis_song_VolUpHighPass.mp3,2021-01-08,..\data\amazonas_audio\XC717483-Illadopsis-distans.mp3,2021-01-08,9
717481,Illadopsis,distans,birds,Tanzanian Illadopsis,Elia Mulungu (via Louis A. Hansen),Tanzania,"Jozani Forest NP, Kusini, Unguja South Region, Tanzania",-6.2633,39.4034,B,0:13,song,Same as XC717479,XC717481-210108-063229_plus_00m33s_PaleBreastedIlladopsis_song_VolUpHighPass.mp3,2021-01-08,..\data\amazonas_audio\XC717481-Illadopsis-distans.mp3,2021-01-08,13
717480,Illadopsis,distans,birds,Tanzanian Illadopsis,Elia Mulungu (via Louis A. Hansen),Tanzania,"Jozani Forest NP, Kusini, Unguja South Region, Tanzania",-6.2633,39.4034,B,0:10,song,Same as XC717479,XC717480-210108-063229_plus_00m04s_PaleBreastedIlladopsis_song_VolUpHighPass.mp3,2021-01-08,..\data\amazonas_audio\XC717480-Illadopsis-distans.mp3,2021-01-08,10
717466,Illadopsis,distans,birds,Tanzanian Illadopsis,Elia Mulungu (via Louis A. Hansen),Tanzania,"Jozani Forest NP, Kusini, Unguja South Region, Tanzania",-6.2633,39.4034,B,0:03,call,Same as XC717465,XC717466-210106-150735_plus_00m04s_PaleBreastedIlladopsis_call_short_VolUp.mp3,2021-01-06,..\data\amazonas_audio\XC717466-Illadopsis-distans.mp3,2021-01-06,3
717465,Illadopsis,distans,birds,Tanzanian Illadopsis,Elia Mulungu (via Louis A. Hansen),Tanzania,"Jozani Forest NP, Kusini, Unguja South Region, Tanzania",-6.2633,39.4034,B,0:03,call,,XC717465-210106-150735_PaleBreastedIlladopsis_call_short_VolUp.mp3,2021-01-06,..\data\amazonas_audio\XC717465-Illadopsis-distans.mp3,2021-01-06,3
717237,Illadopsis,distans,birds,Tanzanian Illadopsis,Elia Mulungu (via Louis A. Hansen),Tanzania,"Pugu Hills Nature Forest, Tanzania",-6.8924,39.0892,B,0:12,song,,XC717237-210126-082441_plus_00m09s_PaleBreastedIlladopsis_song_No-change_But_HaveCutAway_sp.mp3,2021-04-26,..\data\amazonas_audio\XC717237-Illadopsis-distans.mp3,2021-04-26,12
717234,Illadopsis,distans,birds,Tanzanian Illadopsis,Elia Mulungu (via Louis A. Hansen),Tanzania,"Pugu Hills Nature Forest, Tanzania",-6.8924,39.0892,B,0:06,song,,XC717234-210126-080515_plus_00m00s_PaleBreastedIlladopsis_song-short_No-change.mp3,2021-04-26,..\data\amazonas_audio\XC717234-Illadopsis-distans.mp3,2021-04-26,6
717026,Illadopsis,distans,birds,Tanzanian Illadopsis,Elia Mulungu (via Louis A. Hansen),Tanzania,"Pugu Hills Nature Forest, Tanzania",-6.8924,39.0892,B,0:12,song,,XC717026-210122-070627_plus_00m02s_PaleBreastedIlladopsis_sng_two-phases_and_call-notes_No-changes.mp3,2021-01-22,..\data\amazonas_audio\XC717026-Illadopsis-distans.mp3,2021-01-22,12
717025,Illadopsis,distans,birds,Tanzanian Illadopsis,Elia Mulungu (via Louis A. Hansen),Tanzania,"Pugu Hills Nature Forest, Tanzania",-6.8924,39.0892,B,0:02,song,Same as XC717020,XC717025-210122-063457_plus_00m01s_PaleBreastedIlladopsis_song-single-phrase_VolUp.mp3,2021-01-22,..\data\amazonas_audio\XC717025-Illadopsis-distans.mp3,2021-01-22,2
701724,Pomatorhinus,bornensis,birds,Sunda Scimitar Babbler,Ding Li Yong,Malaysia,"Kuala Kubu Bharu, Hulu Selangor, Selangor",3.6895,101.7429,B,0:16,song,,XC701724-Chestnut-backed Scimitar-Babbler_Fraser1_DLY.mp3,2013-07-24,..\data\amazonas_audio\XC701724-Pomatorhinus-bornensis.mp3,2013-07-24,16
700617,Grallaria,saturata,birds,Equatorial Antpitta,Marcin Sołowiej,Ecuador,"Papallacta Pass, Napo",-0.3323,-78.2031,B,0:13,song,"In Ecuador this species is split to  Equatorial Antpitta Grallaria saturata 

recorded by Samsung Galxy A5(2017)- SM-A520F",XC700617-Equatorial Antpitta_Papallacta_21102021_Głos 482_sd2.mp3,2021-10-21,..\data\amazonas_audio\XC700617-Grallaria-saturata.mp3,2021-10-21,13
699154,Merops,cyanophrys,birds,Arabian Green Bee-eater,David Darrell-Lambert,United Arab Emirates,"Dubai, Dubai",25.1165,55.1668,B,0:10,call,,"XC699154-Arabian Green Bee-eater call very good 2022 01 27 Open Beach, Sufouh, Dubai, UAE_1222.mp3",2022-01-27,..\data\amazonas_audio\XC699154-Merops-cyanophrys.mp3,2022-01-27,10
699153,Merops,cyanophrys,birds,Arabian Green Bee-eater,David Darrell-Lambert,United Arab Emirates,"Dubai, Dubai",25.1165,55.1668,B,0:09,call,,"XC699153-Arabian Green Bee-eater call very good 2022 01 27 Open Beach, Sufouh, Dubai, UAE_1220_short.mp3",2022-01-27,..\data\amazonas_audio\XC699153-Merops-cyanophrys.mp3,2022-01-27,9
694808,Prinia,lepida,birds,Delicate Prinia,Gregory Askew,Saudi Arabia,"القطيف‎, القطيف, المنطقة الشرقية",26.5502,49.971,B,0:15,"alarm call, subsong",Images and audio support the ID of the birds in this area as Delicate Prinia (P. lepida irakensis),XC694808-Delicate_Prinia_Song_(3rd)_Qatif_2nd_spot_12-31-21_ZOOM0117.mp3,2021-12-31,..\data\amazonas_audio\XC694808-Prinia-lepida.mp3,2021-12-31,15
691985,Alophoixus,ruficrissus,birds,Penan Bulbul,Panji Gusti Akbar,Indonesia,"Kelumpang Hulu, Kotabaru Regency, South Kalimantan",-3.1111,115.9328,B,0:10,song,"Distinctive song from Meratus endemic race meratusensis. Bitzonic USB Recorder (used as Passive Audio Monitoring device), no filter.",XC691985-Penan bulbul.mp3,2021-10-05,..\data\amazonas_audio\XC691985-Alophoixus-ruficrissus.mp3,2021-10-05,10
690428,Basileuterus,delattrii,birds,Chestnut-capped Warbler,Sue Riffe,Costa Rica,"Valle Escondido Preserve, Puntarenas Province",10.3094,-84.8189,B,0:03,call,call note from under a thick brushy area,XC690428-Chestnut-capped Warbler call note at Valle Escondido Preserve Monteverde CR 11.26.21 at 7.22 for .03.mp3,2021-11-26,..\data\amazonas_audio\XC690428-Basileuterus-delattrii.mp3,2021-11-26,3
682297,Prinia,lepida,birds,Delicate Prinia,Gregory Askew,Saudi Arabia,"Khafji, Al-Khafji, Eastern Province",28.4658,48.4731,B,0:05,"call, subsong","Single phrase of song followed by ""zeet"" call; these are from the first documented observations of this taxon in Saudi Arabia",XC682297-Delicate_Prinia_Subsong_10-23-21.mp3,2021-10-22,..\data\amazonas_audio\XC682297-Prinia-lepida.mp3,2021-10-22,5
682184,Prinia,lepida,birds,Delicate Prinia,Gregory Askew,Saudi Arabia,"Khafji, Al-Khafji, Eastern Province",28.4658,48.4731,B,0:16,call,"A pair of Delicate Prinia (P. lepida irakensis) giving two call types: the ""breep"" contact call and a sharp ""zeet"" at the Khafji wastewater treatment plant. This represents the first documented observation of this taxon in Saudi Arabia, meaning that both P. gracilis and P. lepida occur in the country.",XC682184-Delicate_Prinia_Calls (2 types)_Khafji_10-23-21.mp3,2021-10-22,..\data\amazonas_audio\XC682184-Prinia-lepida.mp3,2021-10-22,16
664297,Basileuterus,delattrii,birds,Chestnut-capped Warbler,Yair Guillermo Molina Martínez.,Colombia,"Finca Ecoturística San Javier, vereda Chucuni, Ibagué, Tolima",4.4615,-75.0514,B,0:11,"call, song",,XC664297-Basileuterus rufifrons Finca San Javier 16 07 21.mp3,2021-07-16,..\data\amazonas_audio\XC664297-Basileuterus-delattrii.mp3,2021-07-16,11
654886,Pyriglena,maura,birds,Western Fire-eye,Jacob Wijpkema,Bolivia,"Baures (near  El Cafetal), Itenez, Beni Department",-13.4377,-61.8985,B,0:14,song,"Terra firme, second growth",XC654886-210511_2340.mp3,2021-05-11,..\data\amazonas_audio\XC654886-Pyriglena-maura.mp3,2021-05-11,14
639031,Illadopsis,distans,birds,Tanzanian Illadopsis,isaac kilusu,Tanzania,"Amani nature reserve, East Usambara,Tanga",-5.101,38.6295,B,0:10,call,"in the net,during a bird ringing session,recorded by Kennedy Elly",XC639031-palebreasted_illadopsis_3.mp3,2021-04-02,..\data\amazonas_audio\XC639031-Illadopsis-distans.mp3,2021-04-02,10
639028,Illadopsis,distans,birds,Tanzanian Illadopsis,isaac kilusu,Tanzania,"Amani nature reserve, East Usambara,Tanga",-5.101,38.6295,B,0:16,call,"during a bird ringing session,recorded by Kennedy Elly",XC639028-palebreasted_Illadopsis.mp3,2021-04-02,..\data\amazonas_audio\XC639028-Illadopsis-distans.mp3,2021-04-02,16
638143,Platysmurus,aterrimus,birds,Bornean Black Magpie,Hobart WQH,Malaysia,"Stapok area of Batu Kawa, Bahagian Kuching, Sarawak",1.5252,110.3126,B,0:08,call,One bird from a group of around 3 seen perched in more open space. After this snippet of call it flew off. Same bird with one member from the group in XC638142. A bit of edits via Audacity with filtering.,XC638143-VID_20200910_091615 BBM.mp3,2020-09-10,..\data\amazonas_audio\XC638143-Platysmurus-aterrimus.mp3,2020-09-10,8
635475,Prinia,lepida,birds,Delicate Prinia,Arya Shafaeipour,Iran,"Khamat, Khuzestan Province",32.0082,48.5233,B,0:07,song,,XC635475-P. gracilis 3.mp3,2019-02-21,..\data\amazonas_audio\XC635475-Prinia-lepida.mp3,2019-02-21,7
634325,Platysmurus,aterrimus,birds,Bornean Black Magpie,Hobart WQH,Malaysia,"Stapok area of Batu Kawa, Bahagian Kuching, Sarawak",1.5252,110.3126,B,0:05,call,"Bird calling from undergrowth, took flight shortly after this singular call.",XC634325-VID_20200723_090624 BBM.mp3,2020-07-23,..\data\amazonas_audio\XC634325-Platysmurus-aterrimus.mp3,2020-07-23,5
634293,Heteromyias,armiti,birds,Black-capped Robin,Marc Anderson,Papua New Guinea,"near Kumul Lodge, Enga province ",-5.7784,143.9621,B,0:11,song,,XC634293-Robin_Ashy2_Kumul_24thJuly2012 (2).mp3,2012-07-24,..\data\amazonas_audio\XC634293-Heteromyias-armiti.mp3,2012-07-24,11
626897,Grallaria,saturata,birds,Equatorial Antpitta,Leonardo Ordóñez-Delgado,Ecuador,Parque Nacional Cayambe Coca - Laguna San Marcos,0.1053,-77.9617,B,0:16,song,,XC626897-30. Grallaria rufula XC.mp3,2012-08-14,..\data\amazonas_audio\XC626897-Grallaria-saturata.mp3,2012-08-14,16
620277,Prinia,lepida,birds,Delicate Prinia,Cedric Mroczko,Turkey,"Göksu deltası, Silifke, Mersin",36.2935,33.9363,B,0:02,call,d-100 + em172 clippy,XC620277-201220_002m.mp3,2020-12-20,..\data\amazonas_audio\XC620277-Prinia-lepida.mp3,2020-12-20,2
616454,Corvus,samarensis,birds,Small Crow,Frank Lambert,Philippines,"Ulot River,  Paranas, Samar National Park, Eastern Visayas",11.8641,125.213,B,0:18,call,,XC616454-Corvus-enca_samarensis-FL calls SamarNP PlumeSite 160m 8.48am 24Feb20 LS114661b.mp3,2020-02-24,..\data\amazonas_audio\XC616454-Corvus-samarensis.mp3,2020-02-24,18
616144,Corvus,samarensis,birds,Small Crow,Frank Lambert,Philippines,"Near waterfall trail, Samar National Park, Eastern Visayas",11.8265,125.289,B,0:10,"flight call, presumed display flight",,XC616144-Corvus-enca_samarensis-FL display flight SamarNatPark waterfall 8.04am 22Feb20 LS114557b.mp3,2020-02-22,..\data\amazonas_audio\XC616144-Corvus-samarensis.mp3,2020-02-22,10
582449,Lalage,leucoptera,birds,Biak Triller,Ken Behrens,Indonesia,Biak,-1.147033,136.129483,B,0:19,song,,XC582449-VOC_190821-0727 Biak Triller EDITED BIG.mp3,2019-08-22,..\data\amazonas_audio\XC582449-Lalage-leucoptera.mp3,2019-08-22,19
580583,Pyrrhula,owstoni,birds,Taiwan Bullfinch,Midroad HSU,Taiwan,"Taiwan, Nantou County, Taiwan Province",24.1784,121.2771,B,0:13,song,https://youtu.be/-bVSAgDQm9g,XC580583-.mp3,2020-07-23,..\data\amazonas_audio\XC580583-Pyrrhula-owstoni.mp3,2020-07-23,13
577033,Oenanthe,seebohmi,birds,Atlas Wheatear,Garry Bakker,Morocco,"Oukaimeden, Al Haouz, Marrakech-Safi",31.194,-7.853,B,0:11,song,,XC577033-30859.mp3,2014-03-21,..\data\amazonas_audio\XC577033-Oenanthe-seebohmi.mp3,2014-03-21,11
572864,Pyrrhula,owstoni,birds,Taiwan Bullfinch,Sunny Tseng,Taiwan,Mount Sylvia,24.3858,121.2977,B,0:17,song,,XC572864-200622_2676_GRBU.mp3,2020-06-22,..\data\amazonas_audio\XC572864-Pyrrhula-owstoni.mp3,2020-06-22,17
552369,Scytalopus,intermedius,birds,Utcubamba Tapaculo,Jonas Nilsson,Peru,"Amazonas: between Leimebamba and Abra Barro Negro, 2900 m",-6.7254,-77.8405,B,0:20,song,date and time approximate,XC552369-SCYINT05songlong.mp3,2000-01-28,..\data\amazonas_audio\XC552369-Scytalopus-intermedius.mp3,2000-01-28,20
545235,Pyriglena,maura,birds,Western Fire-eye,Peter de Rouw,Ecuador,"Old Loja-Zamora Road. Sabanilla, Zamora, Provincia de Zamora Chinchipe",-4.0328,-78.9913,B,0:06,call,Pair seen. Heard calls and song. For a bit more precise location see: https://observation.org/waarneming/view/188587487,XC545235-200127_0464_WhiteBackedFireEye_call_OldLojaZamoraRd_20200127_1718.mp3,2020-01-27,..\data\amazonas_audio\XC545235-Pyriglena-maura.mp3,2020-01-27,6
543646,Zosterops,hamlini,birds,Bougainville White-eye,Iain Woxvold,Papua New Guinea,"Aiope headwaters, Kunua District, Autonomous Region of Bougainville",-5.78146,154.87547,B,0:04,call,,XC543646-Zosterops rendovae hamlini_calls_pcm_1720m_191031_12.mp3,2019-10-31,..\data\amazonas_audio\XC543646-Zosterops-hamlini.mp3,2019-10-31,4
543594,Petroica,polymorpha,birds,Solomons Robin,Iain Woxvold,Papua New Guinea,"Aiope headwaters, Kunua District, Autonomous Region of Bougainville",-5.78146,154.87547,B,0:20,song,"Lost sight of it, but probably the same bird as the previous recordings",XC543594-Petroica pusilla septentrionalis_pcm_1550m_191031_20.mp3,2018-10-31,..\data\amazonas_audio\XC543594-Petroica-polymorpha.mp3,2018-10-31,20
543593,Petroica,polymorpha,birds,Solomons Robin,Iain Woxvold,Papua New Guinea,"Aiope headwaters, Kunua District, Autonomous Region of Bougainville",-5.78146,154.87547,B,0:18,song,,XC543593-Petroica pusilla septentrionalis_pcm_1550m_191031_19.mp3,2018-10-31,..\data\amazonas_audio\XC543593-Petroica-polymorpha.mp3,2018-10-31,18
536672,Trachyphonus,usambiro,birds,Usambiro Barbet,James Bradley,Kenya,"Gwassi Foothills West, Homa Bay County",-0.5636,34.1117,B,0:14,song,,XC536672-Usambiro Barbet_song_GwassiWest_ 5Mar2020_1050_J.Bradley.mp3,2020-03-05,..\data\amazonas_audio\XC536672-Trachyphonus-usambiro.mp3,2020-03-05,14
529757,Merops,cyanophrys,birds,Arabian Green Bee-eater,Gregory Askew,Saudi Arabia,"Riyadh, Al Riyadh, Riyadh Province",24.3696,46.9074,B,0:04,call,,XC529757-arabian_green_bee-eater.mp3,2020-02-22,..\data\amazonas_audio\XC529757-Merops-cyanophrys.mp3,2020-02-22,4
520280,Pomatorhinus,bornensis,birds,Sunda Scimitar Babbler,Hans Matheve,Malaysia,"Borneo Rainforest Lodge, Danum Valley, Sabah",5.0198,117.7462,B,0:17,song,,"XC520280-Chestnut-backed Scimitar Babbler (Borneo, Danum BRL, jun 08).MP3",2008-06-20,..\data\amazonas_audio\XC520280-Pomatorhinus-bornensis.mp3,2008-06-20,17
514375,Illadopsis,distans,birds,Tanzanian Illadopsis,Louis A. Hansen,Tanzania,"Dibililo camp, Mafwemiro forest, Mpwapwa, Dodoma Region",-6.8714,36.5742,B,0:08,call,Volume increase and high pass applied using Audacity.,XC514375-2019_06_04_TIME_07_28_00_plus_00m00s_PaleBreastedIlladopsis_call_VolUpHighPass.mp3,2019-06-04,..\data\amazonas_audio\XC514375-Illadopsis-distans.mp3,2019-06-04,8
514358,Illadopsis,distans,birds,Tanzanian Illadopsis,Louis A. Hansen,Tanzania,"Dibililo camp, Mafwemiro forest, Mpwapwa, Dodoma Region",-6.8714,36.5742,B,0:12,song,Volume increase and high pass applied using Audacity.,XC514358-2019_06_04_TIME_07_05_44_plus_00m00s_PaleBreastedIlladopsis_incomplete_song_VolUpHighPass.mp3,2019-06-04,..\data\amazonas_audio\XC514358-Illadopsis-distans.mp3,2019-06-04,12
514351,Illadopsis,distans,birds,Tanzanian Illadopsis,Louis A. Hansen,Tanzania,"Dibililo camp, Mafwemiro forest, Mpwapwa, Dodoma Region",-6.8714,36.5742,B,0:13,song,"Volume increase and high pass applied using Audacity. Also, applied a Stop band filter.",XC514351-2019_06_04_TIME_06_58_48_plus_00m00s_PaleBreastedIlladopsis_song_VolUpHighPass_StopBandFilter.mp3,2019-06-04,..\data\amazonas_audio\XC514351-Illadopsis-distans.mp3,2019-06-04,13
514350,Illadopsis,distans,birds,Tanzanian Illadopsis,Louis A. Hansen,Tanzania,"Dibililo camp, Mafwemiro forest, Mpwapwa, Dodoma Region",-6.8714,36.5742,B,0:11,song,Volume increase and high pass applied using Audacity.,XC514350-2019_06_04_TIME_06_57_08_plus_00m11s_PaleBreastedIlladpsis_song_VolUpHighPass.mp3,2019-06-04,..\data\amazonas_audio\XC514350-Illadopsis-distans.mp3,2019-06-04,11
511966,Pellorneum,capistratoides,birds,Bornean Black-capped Babbler,Jacob Saucier,Malaysia,"Sarawak; Sri Aman Division, Batang Ai National Park, Lubang Baya field station",1.3032,112.0711,B,0:14,call,"presumed female (member of a pair); undergrowth of second growth clearing with ferns

Field Number: SWK2017 JRS 83",XC511966-SWK2017 JRS 83_a_xc.mp3,2017-10-02,..\data\amazonas_audio\XC511966-Pellorneum-capistratoides.mp3,2017-10-02,14
511547,Pyriglena,maura,birds,Western Fire-eye,Bram Vogels,Ecuador,"WildSumaco Lodge, Hatun Sumaku, Cantón Archidona, Provincia de Napo",-0.623,-77.6028,B,0:09,call,,XC511547-White-backed fire-eye 191106.mp3,2019-11-06,..\data\amazonas_audio\XC511547-Pyriglena-maura.mp3,2019-11-06,9
504459,Penelope,bridgesi,birds,Yungas Guan,Ana Laura Sureda,Argentina,Salta: Parque Nacional El Rey,-24.721,-64.645,B,0:08,"call, drumming",,XC504459-1008Penelope_obscura2019-10-12ElRey_B.mp3,2019-10-12,..\data\amazonas_audio\XC504459-Penelope-bridgesi.mp3,2019-10-12,8
475032,Platysmurus,aterrimus,birds,Bornean Black Magpie,Hobart WQH,Malaysia,"Stapok area of Batu Kawa, Bahagian Kuching, Sarawak",1.5253,110.3125,B,0:07,call,"Singular calls made between somewhat long intervals, bird was seen hopping from branch to branch.",XC475032-VID_20190219_070702 Black Magpie.mp3,2019-02-19,..\data\amazonas_audio\XC475032-Platysmurus-aterrimus.mp3,2019-02-19,7
473594,Ducula,cuprea,birds,Malabar Imperial Pigeon,Frank Lambert,India,"Thattekad Bird Sanctuary--Urulanthanni, Idukki County, Kerala",10.1274,76.7546,B,0:19,song,,XC473594-Ducula_badia_cuprea-FL X song Thattekad  3Feb16 7.44am LS119808b.mp3,2016-02-03,..\data\amazonas_audio\XC473594-Ducula-cuprea.mp3,2016-02-03,19
470518,Pomatorhinus,bornensis,birds,Sunda Scimitar Babbler,Stijn De Win,Brunei,"Amo, Temburong District",4.5521,115.1571,B,0:15,call,,XC470518-B2A_Chestnut-backedScimitarBabblerUluTemburong419_SDW.mp3,2019-04-30,..\data\amazonas_audio\XC470518-Pomatorhinus-bornensis.mp3,2019-04-30,15
470049,Polioptila,bilineata,birds,White-browed Gnatcatcher,Manuel Grosselet,Mexico,"Chemuyil predio el venado Tulum, Quintana Roo",20.3566,-87.3589,B,0:11,"call, song","wildtronics mono amplified
tascam dr05",XC470049-Tropical Gnatcatcher song calls toh may 2 835.mp3,2019-05-02,..\data\amazonas_audio\XC470049-Polioptila-bilineata.mp3,2019-05-02,11
455169,Grallaria,saturata,birds,Equatorial Antpitta,David Monroy Rengifo,Colombia,"Los Nevados NP, above Manizales, Caldas, C Andes",5.005,-75.327,B,0:18,song,,XC455169-119991501.mp3,2018-10-20,..\data\amazonas_audio\XC455169-Grallaria-saturata.mp3,2018-10-20,18
455030,Saltator,grandis,birds,Cinnamon-bellied Saltator,Manuel Grosselet,Mexico,"Isla del Rey, Nayarit,San Blas, Nayarit",21.5347,-105.2926,B,0:06,call,"wildtronics mono amplified 
tascam Dr05
Normalized and Aufilter in Audacity.",XC455030-Grayish Saltator not seen san blas feb 1 1053.mp3,2019-02-01,..\data\amazonas_audio\XC455030-Saltator-grandis.mp3,2019-02-01,6
453968,Platysmurus,aterrimus,birds,Bornean Black Magpie,Hobart WQH,Malaysia,"Stapok area of Batu Kawa, Bahagian Kuching, Sarawak",1.5252,110.3125,B,0:14,call,"Bird was calling from tree but did saw it fly out some time later, it was most likely calling to its flock member as lately there had been a group around the area. Also there are some free-ranging dogs around at the same time.",XC453968-V_20190120_070507(Black magpie).mp3,2019-01-20,..\data\amazonas_audio\XC453968-Platysmurus-aterrimus.mp3,2019-01-20,14
453867,Polioptila,bilineata,birds,White-browed Gnatcatcher,Will Sweet,Costa Rica,Provincia de Puntarenas,10.1471,-84.8522,B,0:16,call,,XC453867-Tropical Gnatcatcher (online-audio-converter.com).mp3,2017-10-01,..\data\amazonas_audio\XC453867-Polioptila-bilineata.mp3,2017-10-01,16
447210,Merops,viridissimus,birds,African Green Bee-eater,Étienne Leroy,Niger,"Île du Lamantin, Parc du W",12.5103,2.5457,B,0:03,flight call,,XC447210-181210-Guepier de Perse@Lamantin.mp3,2018-12-10,..\data\amazonas_audio\XC447210-Merops-viridissimus.mp3,2018-12-10,3
444563,Apalis,flavocincta,birds,Brown-tailed Apalis,James Bradley,Kenya,"Baringo Cliffs, Lake Baringo",0.6155,36.0059,B,0:03,song,,XC444563-Yellow-breasted Apalis_song_Baringo_4Nov2018_0930_J.Bradley.mp3,2018-11-04,..\data\amazonas_audio\XC444563-Apalis-flavocincta.mp3,2018-11-04,3
443573,Pyriglena,maura,birds,Western Fire-eye,Charlie Vogt,Ecuador,"Camp 1 Mirador, Volcan Sumaco, Provincia de Napo",-0.6299,-77.603,B,0:13,song,,XC443573-Track 3 White-backed Fire-eye.mp3,2003-11-14,..\data\amazonas_audio\XC443573-Pyriglena-maura.mp3,2003-11-14,13
438599,Platysmurus,aterrimus,birds,Bornean Black Magpie,Hobart WQH,Malaysia,"Stapok area of Batu Kawa, Bahagian Kuching, Sarawak",1.5251,110.3125,B,0:17,song,"Bird was calling from a distance,it was probably perched in some nearby tree.",XC438599-V_20181015_082430(MYS 1).mp3,2018-10-15,..\data\amazonas_audio\XC438599-Platysmurus-aterrimus.mp3,2018-10-15,17
438454,Platysmurus,aterrimus,birds,Bornean Black Magpie,Hobart WQH,Malaysia,"Stapok area of Batu Kawa, Bahagian Kuching, Sarawak",1.5253,110.3126,B,0:06,call,Bird is calling from dense undergrowth by the road. It is probably quite far off from where I was recording. Recording itself was slightly amplified.,XC438454-V_20181014_104426(MYS pr Hornbill).mp3,2018-10-14,..\data\amazonas_audio\XC438454-Platysmurus-aterrimus.mp3,2018-10-14,6
438183,Saltator,olivascens,birds,Olivaceous Saltator,Blair Jollands,Colombia,"Santa Marta, Magdalena",11.2902,-73.8842,B,0:06,call,ID HELP PLEASE,XC438183-BIRD 024 A ID.mp3,2017-10-01,..\data\amazonas_audio\XC438183-Saltator-olivascens.mp3,2017-10-01,6
432254,Pomatorhinus,bornensis,birds,Sunda Scimitar Babbler,Jason Bugay Reyes,Malaysia,"Lahad Datu, Bahagian Tawau, Sabah",4.9652,118.175,B,0:12,song,,XC432254-180810_0467S3 CHESNUT-BACKED SCIMITAR-BABBLER.mp3,2018-08-18,..\data\amazonas_audio\XC432254-Pomatorhinus-bornensis.mp3,2018-08-18,12
431766,Trachyphonus,usambiro,birds,Usambiro Barbet,James Bradley,Kenya,Narok County,-1.2146,35.7794,B,0:11,song,,XC431766-Usambiro Barbet_call_Naroksouth_23Mar2017_0720_J.Bradley.mp3,2017-03-23,..\data\amazonas_audio\XC431766-Trachyphonus-usambiro.mp3,2017-03-23,11
425441,Merops,viridissimus,birds,African Green Bee-eater,Peter Boesman,Gambia,"Janjanbureh, Janjanbureh, Central River",13.5333,-14.7436,B,0:17,call,,XC425441-LS109804 Little Green Bee-eater soft calls B.mp3,2018-06-22,..\data\amazonas_audio\XC425441-Merops-viridissimus.mp3,2018-06-22,17
417899,Locustella,musculus,birds,Seram Bush Warbler,Ross Gallardy,Indonesia,"Seram Utara, Kabupaten Maluku Tengah, Maluku",-3.1692,129.4714,B,0:16,song,,XC417899-SeramBushWarbler_Seram_song.mp3,2017-08-30,..\data\amazonas_audio\XC417899-Locustella-musculus.mp3,2017-08-30,16
417889,Locustella,musculus,birds,Seram Bush Warbler,Ross Gallardy,Indonesia,"Seram: Trans-Seram Highway, below pass towards north coast",-3.0525,129.1617,B,0:09,call,,XC417889-SeramBushWarbler_Seram_call.mp3,2017-08-26,..\data\amazonas_audio\XC417889-Locustella-musculus.mp3,2017-08-26,9
417492,Carterornis,castus,birds,Tanimbar Monarch,Ross Gallardy,Indonesia,"Tanimbar, nr Kormomolin, Yamdena Island, Maluku",-7.7969,131.388,B,0:04,call,,XC417492-WhitenapedMonarch_Tanimbar_081217_call2.mp3,2017-08-12,..\data\amazonas_audio\XC417492-Carterornis-castus.mp3,2017-08-12,4
409291,Ficedula,owstoni,birds,Ryukyu Flycatcher,Guy Kirwan,Japan,"Taketomi-chō, Yaeyama-gun, Okinawa-ken",24.2943,123.8666,B,0:17,song,"A young male singing from a concealed position within dense second growth bordering a stream, perched at eye level.","XC409291-180306_04_Ryukyu Flycatcher_Iriomote, Japan_5 March 2018.mp3",2018-03-05,..\data\amazonas_audio\XC409291-Ficedula-owstoni.mp3,2018-03-05,17
406078,Prinia,lepida,birds,Delicate Prinia,Patrik Åberg,Iran,"Horolazim wetland, Khuzestan Province",30.3845,48.5115,B,0:19,"call, song, wingbeats",,"XC406078-Graceful Prinia irakensis-sång-Horolazim wetland, Bostan-(2017-04-14 09.39)-LS140462.mp3",2017-04-14,..\data\amazonas_audio\XC406078-Prinia-lepida.mp3,2017-04-14,19
404974,Saltator,olivascens,birds,Olivaceous Saltator,Peter Boesman,Venezuela,"Casa Maria, Carabobo",10.2902,-68.2442,B,0:11,song,,XC404974-114-2007-07-26 22_13_32 Casa Maria greysih Saltator song B.mp3,2007-07-26,..\data\amazonas_audio\XC404974-Saltator-olivascens.mp3,2007-07-26,11
400281,Euphonia,godmani,birds,West Mexican Euphonia,Richard E. Webster,Mexico,"Minas Nuevas, Álamos, Sonora",27.0633,-109.0398,B,0:11,call,"Arroyo Aquamarina; male giving two calls
",XC400281-EUPHONI_Scrub_c_m godmani Alamos 400m 122214 0905.mp3,2014-12-22,..\data\amazonas_audio\XC400281-Euphonia-godmani.mp3,2014-12-22,11
398494,Oenanthe,seebohmi,birds,Atlas Wheatear,Jacob Lotz,Morocco,Oukaimeden,31.1982,-7.8587,B,0:18,call,"Same bird as XC398492 , now calling.",XC398494-160424_31 Seebohms tapuit roep bewerkt.mp3,2016-04-24,..\data\amazonas_audio\XC398494-Oenanthe-seebohmi.mp3,2016-04-24,18
398483,Platysmurus,aterrimus,birds,Bornean Black Magpie,Greg Irving,Malaysia,"Broadbill Tower, Rainforest Discovery Centre, Sandakan, Sabah, Borneo",5.8707,117.9432,B,0:07,call,,XC398483-148 Magpie - Bornean Black (Platysmurus aterrimus) Call DEC 0637h 30m RFDiscovSabah_GI_0137.mp3,2017-12-23,..\data\amazonas_audio\XC398483-Platysmurus-aterrimus.mp3,2017-12-23,7
389157,Saltator,olivascens,birds,Olivaceous Saltator,Andres Angulo ,Colombia,"Aparta Hotel el Oasis, Taganga, Santa Marta, Magdalena",11.2643,-74.1833,B,0:14,song,Another cut XC389156.,XC389157-rc_17_S_coerulescens_2_cut_edited.mp3,2017-01-05,..\data\amazonas_audio\XC389157-Saltator-olivascens.mp3,2017-01-05,14
378934,Alaudala,heinei,birds,Turkestan Short-toed Lark,Oscar Campbell,Kazakhstan,"Jambıl awdanı, Almatı oblısı",44.3528,75.4671,B,0:15,flight call,Bird calling as flying around not long after dawn.,XC378934-170701_LesserShort-toedLark_flightcall_Kanshengel_OC.mp3,2017-07-01,..\data\amazonas_audio\XC378934-Alaudala-heinei.mp3,2017-07-01,15
376366,Saltator,grandis,birds,Cinnamon-bellied Saltator,Albert Lastukhin,Costa Rica,"Monteverde, Provincia de Guanacaste",10.3424,-84.7986,B,0:10,song,,"XC376366-Saltator coerulescens 170115_001,Santa Elena, 6-25,10f.MP3",2017-01-15,..\data\amazonas_audio\XC376366-Saltator-grandis.mp3,2017-01-15,10
376241,Saltator,grandis,birds,Cinnamon-bellied Saltator,Manuel Grosselet,Mexico,SE of Sayulita Nayarit Mexico,20.859,-105.452,B,0:10,song,"wildtronics mono amplifed with DR05 connected by XLR.
",XC376241-Grayish Saltator song bahia bandera Not seen june 17.mp3,2017-06-17,..\data\amazonas_audio\XC376241-Saltator-grandis.mp3,2017-06-17,10
360004,Platysmurus,aterrimus,birds,Bornean Black Magpie,Peter Boesman,Malaysia,"Deremakot forest reserve, Sabah, Borneo",5.37,117.42,B,0:17,call,,XC360004-LS104015 Black Magpie calls B.mp3,2017-02-09,..\data\amazonas_audio\XC360004-Platysmurus-aterrimus.mp3,2017-02-09,17
352084,Pitta,concinna,birds,Ornate Pitta,Gareth K.,Indonesia,"Pagal Road, Flores",-8.4807,120.4924,B,0:10,song,,XC352084-ElegantPittaPagal.mp3,2016-10-24,..\data\amazonas_audio\XC352084-Pitta-concinna.mp3,2016-10-24,10
351681,Pitta,concinna,birds,Ornate Pitta,Gareth K.,Indonesia,"Apui, Alor",-8.2663,124.7237,B,0:03,"call, song",call then song x 1,XC351681-ElegantPittaApuiCallSong.mp3,2016-10-19,..\data\amazonas_audio\XC351681-Pitta-concinna.mp3,2016-10-19,3
351680,Pitta,concinna,birds,Ornate Pitta,Gareth K.,Indonesia,"Apui, Alor",-8.2663,124.7237,B,0:17,song,,XC351680-ElegantPittaApui.mp3,2016-10-19,..\data\amazonas_audio\XC351680-Pitta-concinna.mp3,2016-10-19,17
347192,Anthreptes,tephrolaemus,birds,Grey-chinned Sunbird,James Bradley,Kenya,"Rondo Retreat (Lower garden), Kakamega Forest",0.226,34.8846,B,0:07,call,Frequencies below 3000Hz filtered out.,XC347192-Green Sunbird_Kakamega_14Nov2016_0730_J.Bradley.mp3,2016-11-14,..\data\amazonas_audio\XC347192-Anthreptes-tephrolaemus.mp3,2016-11-14,7
344197,Polioptila,bilineata,birds,White-browed Gnatcatcher,Leonardo Ordóñez-Delgado,Ecuador,"Río Boquerón, Catamayo, Loja",-4.0373,-79.3725,B,0:12,song,,XC344197-1. Polioptila plumbea XC.MP3,2015-11-18,..\data\amazonas_audio\XC344197-Polioptila-bilineata.mp3,2015-11-18,12
332162,Hypsipetes,catarmanensis,birds,Camiguin Bulbul,Yann Muzika,Philippines,Camiguin Sur,9.2062,124.6931,B,0:06,song,,XC332162-140103-220832 Yellowish Bulbul_edit.mp3,2016-08-12,..\data\amazonas_audio\XC332162-Hypsipetes-catarmanensis.mp3,2016-08-12,6
330499,Basileuterus,delattrii,birds,Chestnut-capped Warbler,Guillermo Funes,El Salvador,San Miguel,13.374,-88.189,B,0:08,song,Not a common song. Amplified recording,XC330499-Basileuteurs rufifrons Posada de las aves 9 jul 2016_mezcla.mp3,2016-07-09,..\data\amazonas_audio\XC330499-Basileuterus-delattrii.mp3,2016-07-09,8
322878,Larus,brachyrhynchus,birds,Short-billed Gull,Peter Boesman,United States,"Road Nome to Safety Sound, Nome, Alaska",64.4731,-165.2038,B,0:13,call,,XC322878-LS_52135 ROAD TO SAFETY LAGOON Mew Gull call B.mp3,2016-06-01,..\data\amazonas_audio\XC322878-Larus-brachyrhynchus.mp3,2016-06-01,13
322783,Larus,brachyrhynchus,birds,Short-billed Gull,Peter Boesman,United States,"Nome, Nome, Alaska",64.5035,-165.4053,B,0:10,call,,XC322783-LS_51989 NOME Mew Gull call B.mp3,2016-05-30,..\data\amazonas_audio\XC322783-Larus-brachyrhynchus.mp3,2016-05-30,10
322680,Larus,brachyrhynchus,birds,Short-billed Gull,Peter Boesman,United States,"Road Nome to Safety Sound, Nome, Alaska",64.4731,-165.2038,B,0:08,call,,XC322680-LS_51955 Mew Gull call B.mp3,2016-05-30,..\data\amazonas_audio\XC322680-Larus-brachyrhynchus.mp3,2016-05-30,8
321292,Mulleripicus,fuliginosus,birds,Southern Sooty Woodpecker,Ross Gallardy,Philippines,"PICOP, Bislig, Mindanao",8.2589,126.1537,B,0:09,flight call,,XC321292-SouthernSootyWoodpecker_Mindanao_053116_flightcall.mp3,2016-05-31,..\data\amazonas_audio\XC321292-Mulleripicus-fuliginosus.mp3,2016-05-31,9
318412,Pitta,concinna,birds,Ornate Pitta,Achmad Ridha,Indonesia,"Sano Nggoang, Kabupaten Manggarai Barat, Nusa Tenggara Timur",-8.6191,119.968,B,0:07,song,,XC318412-P. elegans.mp3,2013-06-30,..\data\amazonas_audio\XC318412-Pitta-concinna.mp3,2013-06-30,7
312992,Grallaria,spatiator,birds,Sierra Nevada Antpitta,GABRIEL LEITE,Colombia,"San Lorenzo road, Santa Marta mountains, Magdalena",11.1001,-74.0667,B,0:19,call,,XC312992-Grallaria rufula_SM_1427.mp3,2016-04-04,..\data\amazonas_audio\XC312992-Grallaria-spatiator.mp3,2016-04-04,19
311008,Locustella,disturbans,birds,Buru Bush Warbler,Nick GARDNER,Indonesia,Buru; (near Danau Rana),-3.36,126.66,B,0:16,"call, song","Two birds calling from territory located at the highest part of logging road, overlooking Danau Rana (S 03⁰ 19’16.8”, E126⁰ 33’34.1”)",XC311008-BuruB2b.mp3,2016-03-24,..\data\amazonas_audio\XC311008-Locustella-disturbans.mp3,2016-03-24,16
308189,Prinia,lepida,birds,Delicate Prinia,Mike Nelson,India,"Desert National Park, Thar Desert, near Jaisalmer, Rajasthan",27.2575,70.892,B,0:05,call,,XC308189-Graceful Prinia1DNP2016.mp3,2016-01-14,..\data\amazonas_audio\XC308189-Prinia-lepida.mp3,2016-01-14,5
304221,Illadopsis,distans,birds,Tanzanian Illadopsis,Mikael Bauer,Tanzania,"Uruti, Udzungwa Mts.",-8.2461,36.0135,B,0:18,song,,XC304221-Pale-breasted Illadopsis - Uruti - Mikael Bauer.mp3,2015-11-16,..\data\amazonas_audio\XC304221-Illadopsis-distans.mp3,2015-11-16,18
303388,Pyriglena,maura,birds,Western Fire-eye,Ottavio Janni,Colombia,Parque Arqueologico San Agustin,1.879,-76.298,B,0:04,song,,XC303388-White-backed Fire-eye 180116.MP3,2016-01-18,..\data\amazonas_audio\XC303388-Pyriglena-maura.mp3,2016-01-18,4
300473,Merops,lafresnayii,birds,Ethiopian Bee-eater,Peter Boesman,Ethiopia,"Bishangari area, Lake Langano",7.544907,38.806083,B,0:05,call,,XC300473-LS_59936 Blue-breasted Bee-eater Q call B.mp3,2015-12-08,..\data\amazonas_audio\XC300473-Merops-lafresnayii.mp3,2015-12-08,5
296503,Picus,dedemi,birds,Sumatran Woodpecker,Ashley Banwell,Indonesia,"Tadu Raya, Nagan Raya, Aceh",4.1407,96.5067,B,0:09,call,,XC296503-SUMATRAN WOODY (2).MP3,2015-12-05,..\data\amazonas_audio\XC296503-Picus-dedemi.mp3,2015-12-05,9
292721,Alophoixus,ruficrissus,birds,Penan Bulbul,Mike Nelson,Malaysia,"Rafflesia Information Centre, Crocker Range, Sabah, Borneo ",5.7776,116.3439,B,0:18,alarm call,,XC292721-Ochraceous BulbulKB1815.mp3,2015-08-21,..\data\amazonas_audio\XC292721-Alophoixus-ruficrissus.mp3,2015-08-21,18
292511,Pitta,concinna,birds,Ornate Pitta,Mike Nelson,Indonesia,"Kisol, Flores",-8.8037,120.6601,B,0:16,song,img:https://www.flickr.com/photos/madbirder/19373949293/in/album-72157653860030334/,XC292511-Elegant Pitta1FL2015.mp3,2015-07-17,..\data\amazonas_audio\XC292511-Pitta-concinna.mp3,2015-07-17,16
292282,Apalis,flavocincta,birds,Brown-tailed Apalis,James Bradley,Kenya,Marigat-Kabarnet Rd.,0.4711,35.9115,B,0:07,song,,XC292282-Yellow-breasted Apalis_MarigatRd_9Nov2014_1045.mp3,2014-11-09,..\data\amazonas_audio\XC292282-Apalis-flavocincta.mp3,2014-11-09,7
287695,Penelope,bridgesi,birds,Yungas Guan,Ana Laura Sureda,Argentina," Salta: Vaqueros, 1400 m",-24.68,-65.4227,B,0:07,call,,XC287695-Penelopeobscura1062.mp3,2015-10-28,..\data\amazonas_audio\XC287695-Penelope-bridgesi.mp3,2015-10-28,7
287294,Basileuterus,delattrii,birds,Chestnut-capped Warbler,Alfonso Auerbach,Honduras,"El Tizatillo, near Tegucigalpa",13.9641,-87.1881,B,0:14,song,,XC287294-151024_1168 warbling o fila.MP3,2015-10-25,..\data\amazonas_audio\XC287294-Basileuterus-delattrii.mp3,2015-10-25,14
286133,Larvivora,namiyei,birds,Okinawa Robin,Peter Boesman,Japan,"Yambaru area, Okinawa",26.757173,128.301373,B,0:20,call,,XC286133-LS_58864 Ryukyu Robin call B.mp3,2015-05-28,..\data\amazonas_audio\XC286133-Larvivora-namiyei.mp3,2015-05-28,20
276417,Polioptila,bilineata,birds,White-browed Gnatcatcher,Jonas Nilsson,Ecuador,Guayas: Trasvase dam ca. 20 km W of Guayaquil,-2.226,-80.097,B,0:05,song,Desert scrub. Reference: JN1. Krabbe & Nilsson (2003) (ISBN 90-75838-06-9).,XC276417-Polioptila_plumbea65cut6B.mp3,1996-12-23,..\data\amazonas_audio\XC276417-Polioptila-bilineata.mp3,1996-12-23,5
269403,Corvus,pusillus,birds,Palawan Crow,Frank Lambert,Philippines,"Puerto Princesa, Palawan, MIMAROPA",10.1913,118.8912,B,0:04,call,,XC269403-Corvus_(enca)_pusillus-FL Nr Sabang Palawan PH 21Apr2010 100m R09_0251-3b.MP3,2010-04-22,..\data\amazonas_audio\XC269403-Corvus-pusillus.mp3,2010-04-22,4
269399,Corvus,pusillus,birds,Palawan Crow,Frank Lambert,Philippines,"Sabang, Palawan",10.1913,118.8912,B,0:03,call,,XC269399-Corvus_(enca)_pusillus-FL NrSabang Palawan PH 22Apr2010 30m R09_0045a.MP3,2010-04-22,..\data\amazonas_audio\XC269399-Corvus-pusillus.mp3,2010-04-22,3
269394,Corvus,pusillus,birds,Palawan Crow,Frank Lambert,Philippines,"Puerto Princesa, Palawan, MIMAROPA",10.1913,118.8912,B,0:03,call,,XC269394-Corvus_(enca)_pusillus-FL NrSabang Palawan PH 22Apr2010 30m R09_0045a.MP3,2010-04-22,..\data\amazonas_audio\XC269394-Corvus-pusillus.mp3,2010-04-22,3
256652,Basileuterus,delattrii,birds,Chestnut-capped Warbler,Frank Lambert,Mexico,"Near La Concordia, Chiapas (area 2)",15.8258,-92.9399,B,0:15,call,,XC256652-Basileuterus_rufifrons_nom-FL calls nr La Concordia 17Mar10.59am LS114372b.mp3,2015-03-17,..\data\amazonas_audio\XC256652-Basileuterus-delattrii.mp3,2015-03-17,15
255344,Oriolus,finschi,birds,Wetar Oriole,Stijn Cooleman,Indonesia,Wetar Island,-7.7097,126.3296,B,0:18,song,,XC255344-Olive-Brown_Oriole_Wetar_2013-12-05_1020_SC.mp3,2013-12-05,..\data\amazonas_audio\XC255344-Oriolus-finschi.mp3,2013-12-05,18
251529,Scytalopus,androstictus,birds,Loja Tapaculo,Niels Krabbe,Ecuador,Zamora-Chinchipe: e-slope Cerro Toledo,-4.385,-79.107,B,0:15,call,Humid treeline shrubbery,XC251529-Scytalopus_opacus_south_2005_09_11aB.mp3,2005-09-11,..\data\amazonas_audio\XC251529-Scytalopus-androstictus.mp3,2005-09-11,15
243336,Pellorneum,nigrocapitatum,birds,Malayan Black-capped Babbler,Mike Nelson,Indonesia,"Way Kambas NP, Lampung, Sumatra",-4.9178,105.7489,B,0:19,song,,XC243336-Black-capped Babbler2WK2015.mp3,2015-03-04,..\data\amazonas_audio\XC243336-Pellorneum-nigrocapitatum.mp3,2015-03-04,19
242994,Polioptila,bilineata,birds,White-browed Gnatcatcher,Niels Krabbe,Ecuador,Guayas: 3 km E Pacoa Beach,-2.082,-80.711,B,0:19,call,"Desert all green with herbs owing to ""El Niño"". Reference: B 232-237 (PolpluQ2). Krabbe & Nilsson (2003) (ISBN 90-75838-06-9).",XC242994-Polioptila_plumbea88cut5B.mp3,2003-02-16,..\data\amazonas_audio\XC242994-Polioptila-bilineata.mp3,2003-02-16,19
239425,Corvus,pusillus,birds,Palawan Crow,Mike Nelson,Philippines,"Sabang, Palawan",10.1891,118.9047,B,0:04,call,,XC239425-Slender-billed Crow2SB2015.mp3,2015-01-29,..\data\amazonas_audio\XC239425-Corvus-pusillus.mp3,2015-01-29,4
239387,Corvus,pusillus,birds,Palawan Crow,Mike Nelson,Philippines,"Iwahig, Palawan",9.7429,118.6468,B,0:20,call,,XC239387-Slender-billed Crow1IW2015.mp3,2015-01-28,..\data\amazonas_audio\XC239387-Corvus-pusillus.mp3,2015-01-28,20
236314,Pellorneum,nigrocapitatum,birds,Malayan Black-capped Babbler,Peter Ericsson,Thailand,"Trail to Krung Ching Waterfall, Khao Luang National Park",8.7201,99.6762,B,0:14,song,,"XC236314-Babbler, Black-capped150404.mp3",2015-04-02,..\data\amazonas_audio\XC236314-Pellorneum-nigrocapitatum.mp3,2015-04-02,14
234291,Grallaria,saltuensis,birds,Perija Antpitta,Andres M. Cuervo,Colombia,"Cesar, Manaure, Serranía del Perijá, arriba de El Cinco",10.3643,-72.9458,B,0:10,"song, long song",Perija 142. The long song of *saltuensis* is the descending trill in the center of the cut; natural vocalization. Check out this paper by López-O. et al. 2014 in Ornitología Colombiana 14: 62–93: [The birds of Serranía de Perijá: The northernmost avifauna of the Andes](http://asociacioncolombianadeornitologia.org/wp-content/uploads/2014/12/MS1223.pdf) and [photo album](https://www.flickr.com/photos/amcuervo/sets/72157648905991251/),XC234291-saltuensis_142_long.song.mp3,2008-07-13,..\data\amazonas_audio\XC234291-Grallaria-saltuensis.mp3,2008-07-13,10
230211,Synallaxis,chinchipensis,birds,Chinchipe Spinetail,Peter Boesman,Peru,"Chirinos road, Cajamarca",-5.3333333333,-78.9166666667,B,0:18,song,ID certainty 100%. (Archiv. tape 522 side A track 149 seq. A),XC230211-Chinchipe Spinetail B 5362.mp3,2007-12-27,..\data\amazonas_audio\XC230211-Synallaxis-chinchipensis.mp3,2007-12-27,18
229235,Saltator,grandis,birds,Cinnamon-bellied Saltator,Peter Boesman,Mexico,"Campamento Río Lacandon, Chiapas",16.7166666667,-91.0833333333,B,0:20,song,ID certainty 100%. (Archiv. tape 162 side B track 19 seq. A),XC229235-Grayish Saltator A 16366.mp3,2003-04-08,..\data\amazonas_audio\XC229235-Saltator-grandis.mp3,2003-04-08,20
229234,Saltator,grandis,birds,Cinnamon-bellied Saltator,Peter Boesman,Mexico,"Puerto Arista, Chiapas",16.05,-93.75,B,0:02,song,ID certainty 100%. (Archiv. tape 123 side B track 30 seq. A),XC229234-Grayish Saltator B 16359.mp3,2001-03-17,..\data\amazonas_audio\XC229234-Saltator-grandis.mp3,2001-03-17,2
229230,Saltator,olivascens,birds,Olivaceous Saltator,Peter Boesman,Venezuela,"Posada Puente de Piedra, Falcon",11.5,-69.2833333333,B,0:15,song,ID certainty 90%. (Archiv. tape 60 side B track 1 seq. A),XC229230-Grayish Saltator B 16355.mp3,1997-07-05,..\data\amazonas_audio\XC229230-Saltator-olivascens.mp3,1997-07-05,15
229229,Saltator,olivascens,birds,Olivaceous Saltator,Peter Boesman,Venezuela,"Finca Vuelta Larga, Sucre",10.5,-63.0,B,0:17,song,ID certainty 100%. (Archiv. tape 173 side A track 35 seq. A),XC229229-Grayish Saltator B 16370.mp3,2003-07-29,..\data\amazonas_audio\XC229229-Saltator-olivascens.mp3,2003-07-29,17
229228,Saltator,olivascens,birds,Olivaceous Saltator,Peter Boesman,Venezuela,"Guataparo area, Carabobo",10.2166666667,-68.0833333333,B,0:20,song,ID certainty 100%. (Archiv. tape 18 side A track 13 seq. B),XC229228-Grayish Saltator  16354.mp3,1995-05-27,..\data\amazonas_audio\XC229228-Saltator-olivascens.mp3,1995-05-27,20
228777,Pyriglena,maura,birds,Western Fire-eye,Peter Boesman,Ecuador,"Machalilla NP, Manabí",-1.4666666667,-80.75,B,0:07,call,ID certainty 100%. (Archiv. tape 24 side A track 19 seq. A),XC228777-White-backed Fire-eye  7873.mp3,1993-12-30,..\data\amazonas_audio\XC228777-Pyriglena-maura.mp3,1993-12-30,7
228524,Polioptila,bilineata,birds,White-browed Gnatcatcher,Peter Boesman,Peru,"Bosque Pomac, Lambayeque",-6.4867,-79.7525,B,0:19,song,ID certainty 100%. (Archiv. tape 528 side A track 143 seq. A),XC228524-Tropical Gnatcatcher B 13305.mp3,2008-01-11,..\data\amazonas_audio\XC228524-Polioptila-bilineata.mp3,2008-01-11,19
223711,Grallaria,occabambae,birds,Urubamba Antpitta,Peter Boesman,Peru,"Abra Malaga area, Cuzco",-13.1666666667,-72.3333333333,B,0:13,call?,ID certainty 100%. (Archiv. tape 547 side A track 124 seq. A),XC223711-Rufous Antpitta B 8610.mp3,2009-08-01,..\data\amazonas_audio\XC223711-Grallaria-occabambae.mp3,2009-08-01,13
223710,Grallaria,occabambae,birds,Urubamba Antpitta,Peter Boesman,Peru,"Abra Malaga area, Cuzco",-13.1666666667,-72.3333333333,B,0:16,call?,ID certainty 100%. (Archiv. tape 547 side A track 113 seq. A),XC223710-Rufous Antpitta B 8609.mp3,2009-08-01,..\data\amazonas_audio\XC223710-Grallaria-occabambae.mp3,2009-08-01,16
223709,Grallaria,occabambae,birds,Urubamba Antpitta,Peter Boesman,Peru,"Abra Malaga area, Cuzco",-13.1666666667,-72.3333333333,B,0:15,song,ID certainty 100%. (Archiv. tape 547 side A track 108 seq. A),XC223709-Rufous Antpitta A 8607.mp3,2009-08-01,..\data\amazonas_audio\XC223709-Grallaria-occabambae.mp3,2009-08-01,15
223706,Grallaria,spatiator,birds,Sierra Nevada Antpitta,Peter Boesman,Colombia,"Santa Marta Lorenzo road, Magdalena",11.1035,-74.0609,B,0:10,song,ID certainty 100%. (Archiv. tape 24 side A track 55 seq. A),XC223706-Rufous Antpitta  8589.mp3,1994-01-03,..\data\amazonas_audio\XC223706-Grallaria-spatiator.mp3,1994-01-03,10
223704,Grallaria,cajamarcae,birds,Cajamarca Antpitta,Peter Boesman,Peru,"Celendin, Cajamarca",-6.8333333333,-78.1666666667,B,0:15,"call, soft purring call",ID certainty 100%. (Archiv. tape 527 side A track 199 seq. A),XC223704-Rufous Antpitta B 8599.mp3,2008-01-08,..\data\amazonas_audio\XC223704-Grallaria-cajamarcae.mp3,2008-01-08,15
206979,Platysmurus,aterrimus,birds,Bornean Black Magpie,Marc Anderson,Malaysia,"Kubah National Park, waterfall trail, Sarawak",1.6096,110.187,B,0:08,song,,XC206979-black-magpie1.mp3,2013-12-12,..\data\amazonas_audio\XC206979-Platysmurus-aterrimus.mp3,2013-12-12,8
205322,Pellorneum,capistratoides,birds,Bornean Black-capped Babbler,Mike Nelson,Malaysia,"Paya Maga, Sarawak, Borneo",4.4453,115.4971,B,0:20,song,,XC205322-Black-capped BabblerPM22014.mp3,2014-11-02,..\data\amazonas_audio\XC205322-Pellorneum-capistratoides.mp3,2014-11-02,20
205155,Carterornis,castus,birds,Tanimbar Monarch,Mike Nelson,Indonesia,"Yamdena, West Maluku Tenggara, Maluku",-7.8679,131.2988,B,0:06,call,The subspecies *castus* now often split as Loetoe Monarch. img:https://www.flickr.com/photos/madbirder/15478430109/in/photolist-pzM11D-pzM19p-oVq86q-pzLZQi-pzQtui-pS2PoH-pSgD88,XC205155-Loetoe MonarchTB22014.mp3,2014-10-19,..\data\amazonas_audio\XC205155-Carterornis-castus.mp3,2014-10-19,6
204805,Oriolus,finschi,birds,Wetar Oriole,Mike Nelson,Indonesia,Wetar Island,-7.7072,126.2796,B,0:18,song,"This taxa considered a separate species, Wetar Oriole.",XC204805-Wetar OrioleWT82014.mp3,2014-10-12,..\data\amazonas_audio\XC204805-Oriolus-finschi.mp3,2014-10-12,18
204800,Oriolus,finschi,birds,Wetar Oriole,Mike Nelson,Indonesia,Wetar Island,-7.7072,126.2796,B,0:09,song,"This taxa considered a separate species, Wetar Oriole.",XC204800-Wetar OrioleWT42014.mp3,2014-10-11,..\data\amazonas_audio\XC204800-Oriolus-finschi.mp3,2014-10-11,9
204579,Pitta,concinna,birds,Ornate Pitta,Mike Nelson,Indonesia,"Pantar Island, near Bagang",-8.3556,124.1333,B,0:14,"call, song",img:https://www.flickr.com/photos/madbirder/15634042556/in/set-72157649016884781,XC204579-Elegant PittaPT12014.mp3,2014-10-09,..\data\amazonas_audio\XC204579-Pitta-concinna.mp3,2014-10-09,14
203384,Phylloscopus,nesophilus,birds,Sulawesi Leaf Warbler,Mike Nelson,Indonesia,"Lore Lindu National Park, Sulawesi",-1.5159,120.2301,B,0:15,song,,XC203384-Sulawesi Leaf WarblerLL22014.mp3,2014-09-09,..\data\amazonas_audio\XC203384-Phylloscopus-nesophilus.mp3,2014-09-09,15
202654,Polioptila,bilineata,birds,White-browed Gnatcatcher,Leonardo Ordóñez-Delgado,Ecuador,"Hacienda La Clementina, Los Ríos",-1.7103,-79.3876,B,0:17,call,,XC202654-23.1 Polioptila plumbea XC.mp3,2011-07-09,..\data\amazonas_audio\XC202654-Polioptila-bilineata.mp3,2011-07-09,17
197559,Saltator,olivascens,birds,Olivaceous Saltator,Joe Klaiber,Venezuela,"Romulo Gallegos, Apure",6.8397,-69.5468,B,0:06,song,,XC197559-8510-Grayish-Saltator-2.mp3,2009-12-15,..\data\amazonas_audio\XC197559-Saltator-olivascens.mp3,2009-12-15,6
193080,Basileuterus,delattrii,birds,Chestnut-capped Warbler,Hans Groot,Panama,"Anton Valley, Antón, Cocle",8.614,-80.1162,B,0:04,call,,XC193080-Rufous-capped Warbler El Valle.mp3,2014-07-28,..\data\amazonas_audio\XC193080-Basileuterus-delattrii.mp3,2014-07-28,4
192769,Pellorneum,nigrocapitatum,birds,Malayan Black-capped Babbler,Mike Nelson,Malaysia,"Panti Bird Sanctuary, Johor",1.8773,103.9181,B,0:17,song,,XC192769-Black-capped BabblerPT22014.mp3,2014-07-19,..\data\amazonas_audio\XC192769-Pellorneum-nigrocapitatum.mp3,2014-07-19,17
192768,Pellorneum,nigrocapitatum,birds,Malayan Black-capped Babbler,Mike Nelson,Malaysia,"Panti Bird Sanctuary, Johor",1.8773,103.9181,B,0:09,song,,XC192768-Black-capped BabblerPT12014.mp3,2014-06-26,..\data\amazonas_audio\XC192768-Pellorneum-nigrocapitatum.mp3,2014-06-26,9
192631,Pellorneum,nigrocapitatum,birds,Malayan Black-capped Babbler,Mike Nelson,Malaysia,"Taman Negara, Pahang",4.3864,102.4017,B,0:11,call,,XC192631-Black-capped BabblerMT22014.mp3,2014-08-01,..\data\amazonas_audio\XC192631-Pellorneum-nigrocapitatum.mp3,2014-08-01,11
182759,Alaudala,heinei,birds,Turkestan Short-toed Lark,Albert Lastukhin,Kazakhstan,"Kazaly District, Kyzylorda Province",46.0192,61.846,B,0:20,call,,"XC182759-Calandrella rufescens heinei 0430_044301,BB.MP3",2014-04-30,..\data\amazonas_audio\XC182759-Alaudala-heinei.mp3,2014-04-30,20
180517,Scytalopus,intermedius,birds,Utcubamba Tapaculo,Mike Nelson,Peru,"Calla Calla pass, Leymebamba",-6.7732,-77.8832,B,0:06,song,Seen very briefly moving through thick underbrush next to the road on the east side of the pass.,XC180517-Blackish TapaculoCL32014.mp3,2014-05-17,..\data\amazonas_audio\XC180517-Scytalopus-intermedius.mp3,2014-05-17,6
180515,Scytalopus,intermedius,birds,Utcubamba Tapaculo,Mike Nelson,Peru,"Calla Calla pass, Leymebamba",-6.7732,-77.8832,B,0:04,song,Seen very briefly moving through thick underbrush next to the road on the east side of the pass.,XC180515-Blackish TapaculoCL12014.mp3,2014-05-17,..\data\amazonas_audio\XC180515-Scytalopus-intermedius.mp3,2014-05-17,4
177925,Platysmurus,aterrimus,birds,Bornean Black Magpie,Johannes Fischer,Indonesia,"Seribu Riam, Murung Raya, Central Kalimantan",0.2334,113.3689,B,0:14,call,,XC177925-Bornean Black Magpie.mp3,2014-04-16,..\data\amazonas_audio\XC177925-Platysmurus-aterrimus.mp3,2014-04-16,14
172872,Apalis,flavocincta,birds,Brown-tailed Apalis,Bram Piot,Somalia,"Qori Jabley area, Woqooyi Galbeed, Somaliland",9.2002,44.417,B,0:20,song,"This ssp. sometimes considered a separate species, Brown-tailed Apalis. Coordinates approximate.",XC172872-Yellow-breastedApalis_QoriJabley_20140404_135656_edited.mp3,2014-04-04,..\data\amazonas_audio\XC172872-Apalis-flavocincta.mp3,2014-04-04,20
166307,Polioptila,bilineata,birds,White-browed Gnatcatcher,Mike Nelson,Costa Rica,La Ensenada,10.1434,-85.0428,B,0:17,song,,XC166307-Tropical GnatcatcherLE12014.mp3,2014-01-15,..\data\amazonas_audio\XC166307-Polioptila-bilineata.mp3,2014-01-15,17
166000,Saltator,grandis,birds,Cinnamon-bellied Saltator,Mike Nelson,Costa Rica,"Carara National Park, Puntarenas Province",9.7751,-84.6167,B,0:01,call,"not 100% sure on this one. Bird seen with grey back, brownish vent and white eyebrow. Bill was not seen and this shouldn't really be here. Bird was moving through understory foliage.",XC166000-Greyish SaltatorCR12014.mp3,2014-01-19,..\data\amazonas_audio\XC166000-Saltator-grandis.mp3,2014-01-19,1
164939,Pellorneum,nigrocapitatum,birds,Malayan Black-capped Babbler,Yong Ding Li,Malaysia,"Johor, Panti Forest Reserve",1.8773,103.9184,B,0:20,"call, song",,XC164939-Black-capped Babbler4_panti.mp3,2014-01-18,..\data\amazonas_audio\XC164939-Pellorneum-nigrocapitatum.mp3,2014-01-18,20
164206,Oenanthe,seebohmi,birds,Atlas Wheatear,Tero Linjama,Morocco,Oukaimeden,31.1982,-7.8587,B,0:09,alarm call,,XC164206-643_oenoensee_varoitus_Marokko_Oukaimeden_2012-05-01.mp3,2012-04-30,..\data\amazonas_audio\XC164206-Oenanthe-seebohmi.mp3,2012-04-30,9
159929,Larus,brachyrhynchus,birds,Short-billed Gull,Ian Cruickshank,Canada,"Witty's Lagoon, Metchosin, Vancouver Island, BC",48.385955,-123.514237,B,0:10,call,"bathing; louder calls at end were from 1st cycle MEGU perched on shore

Recorded on a Marantz PMD661 recorder using a Sennheiser ME66 microphone.",XC159929-IAC 2013-02-12 T10-33-48.mp3,2013-02-12,..\data\amazonas_audio\XC159929-Larus-brachyrhynchus.mp3,2013-02-12,10
154229,Grallaria,cajamarcae,birds,Cajamarca Antpitta,Willem-Pier Vellinga,Peru,"Bosque Paja Blanca, Chota, Cajamarca",-6.3876,-79.1167,B,0:05,song,,XC154229-07082008_060-GraRuf.mp3,2008-08-08,..\data\amazonas_audio\XC154229-Grallaria-cajamarcae.mp3,2008-08-08,5
152852,Grallaria,obscura,birds,Junin Antpitta,Herman van Oosten,Peru,"Apalla-Andamarca Road, Junin",-11.5453,-74.8109,B,0:03,alarm call,"Bizar call! First note missed, so should be seven instead of my six.

Highpass 250Hz, volume up.",XC152852-B15h15m41s04oct2013_Rufous AP obscura alarm first note missed.mp3,2013-10-04,..\data\amazonas_audio\XC152852-Grallaria-obscura.mp3,2013-10-04,3
151206,Pellorneum,nigrocapitatum,birds,Malayan Black-capped Babbler,Mike Nelson,Malaysia,"Meru Valley, Ipoh, Kinta, Perak",4.6509,101.0566,B,0:18,song,,XC151206-Black-capped BabblerMV12013.mp3,2013-08-30,..\data\amazonas_audio\XC151206-Pellorneum-nigrocapitatum.mp3,2013-08-30,18
151022,Pellorneum,capistratoides,birds,Bornean Black-capped Babbler,Mike Nelson,Malaysia,"Tabin Wildlife Preserve, Lahad Datu, Sabah",5.2205,118.5499,B,0:20,song,,XC151022-Black-capped BabblerBN32013.mp3,2013-08-24,..\data\amazonas_audio\XC151022-Pellorneum-capistratoides.mp3,2013-08-24,20
151021,Pellorneum,capistratoides,birds,Bornean Black-capped Babbler,Mike Nelson,Malaysia,"Tabin Wildlife Preserve, Lahad Datu, Sabah",5.2205,118.5499,B,0:20,song,,XC151021-Black-capped BabblerBN22013.mp3,2013-08-24,..\data\amazonas_audio\XC151021-Pellorneum-capistratoides.mp3,2013-08-24,20
150944,Platysmurus,aterrimus,birds,Bornean Black Magpie,Mike Nelson,Malaysia,"Menanggol tributary, Lower Kinabatangan River, Sabah, Borneo ",5.5047,118.2638,B,0:14,song,,XC150944-Bornean Black MagpieBN42013.mp3,2013-08-21,..\data\amazonas_audio\XC150944-Platysmurus-aterrimus.mp3,2013-08-21,14
150941,Platysmurus,aterrimus,birds,Bornean Black Magpie,Mike Nelson,Malaysia,"Menanggol tributary, Lower Kinabatangan River, Sabah, Borneo ",5.5047,118.2638,B,0:19,song,,XC150941-Bornean Black MagpieBN22013.mp3,2013-08-21,..\data\amazonas_audio\XC150941-Platysmurus-aterrimus.mp3,2013-08-21,19
149129,Heteromyias,armiti,birds,Black-capped Robin,Phil Gregory,Papua New Guinea,"Pigites trail near Kumul Lodge, Enga province",-5.7912,143.9706,B,0:17,call,The usual piping contact call,XC149129-Ashy Robin Pigites 22 7 10 .mp3,2010-07-22,..\data\amazonas_audio\XC149129-Heteromyias-armiti.mp3,2010-07-22,17
143240,Ptilinopus,speciosus,birds,Geelvink Fruit Dove,Bas van Balen,Indonesia,"Sansundi, Biak, Papua",-0.8289,135.8773,B,0:09,song,,XC143240-Ptilsolo15i97_908_125B7.mp3,1997-01-15,..\data\amazonas_audio\XC143240-Ptilinopus-speciosus.mp3,1997-01-15,9
140414,Heteromyias,armiti,birds,Black-capped Robin,Bas van Balen,Indonesia,"Tembagapura, Freeport, Papua",-4.09,137.06,B,0:16,song,,XC140414-Poecilodryas albospecularis_16iv02_1046_155B076.mp3,2002-04-16,..\data\amazonas_audio\XC140414-Heteromyias-armiti.mp3,2002-04-16,16
140327,Charmosyna,stellae,birds,Stella's Lorikeet,Bas van Balen,Indonesia,"Darnell Ridge, Freeport, Papua",-4.2648,137.0697,B,0:20,song,,XC140327-Charmosyna papou_12iv02_xxx_154A318.mp3,2002-04-12,..\data\amazonas_audio\XC140327-Charmosyna-stellae.mp3,2002-04-12,20
125125,Illadopsis,distans,birds,Tanzanian Illadopsis,Louis A. Hansen,Tanzania,"Ndundulu, Udzungwa Mts, Iringa Region",-7.7834,36.4995,B,0:05,call,"Pale-breasted Illadopsis s.l. a complex of several species - song and call not resembling those from west Africa – much closer to the mountain illadopsis call, but dna wise like the complex (of again several species) in east Africa - more recordings are required from all populations even from Zanzibar - if population is extirpated. Here we hear call from small (family) group.",XC125125-PaleBreasted_illadopsis_call_group_very-short_August-05-1991-altitude-1720m_at_0630hrs-side-B.mp3,1991-08-05,..\data\amazonas_audio\XC125125-Illadopsis-distans.mp3,1991-08-05,5
122189,Synallaxis,chinchipensis,birds,Chinchipe Spinetail,Eric DeFonso,Peru,"Jaén, Cajamarca Region",-5.6833,-78.7962,B,0:17,song,duetting birds singing from hidden area in tall grass just off the road,XC122189-20110515-0632-1087-PE-CJ-Jaen-Necklaced Spinetails.mp3,2011-05-15,..\data\amazonas_audio\XC122189-Synallaxis-chinchipensis.mp3,2011-05-15,17
121788,Pitta,concinna,birds,Ornate Pitta,Frank Lambert,Indonesia,"Kisol, Flores",-8.8037,120.6601,B,0:20,"call, song",There seem to be two birds singing on this track,"XC121788-Pitta_elegans_concinna-FL Kisol, Flores 13Aug12 LS112138.mp3",2012-08-13,..\data\amazonas_audio\XC121788-Pitta-concinna.mp3,2012-08-13,20
121782,Pitta,concinna,birds,Ornate Pitta,Frank Lambert,Indonesia,FLores: near Puarlolo Telecom Station,-8.6075,120.0315,B,0:09,song,,XC121782-Pitta_elegans_concinna-FL West Flores 15Aug12 LS112206.mp3,2012-08-15,..\data\amazonas_audio\XC121782-Pitta-concinna.mp3,2012-08-15,9
119198,Pyriglena,similis,birds,Tapajos Fire-eye,GABRIEL LEITE,Brazil,"Itaituba, Para",-5.8483,-55.8298,B,0:09,song,,XC119198-Pyriglena leuconota_Itaituba.MP3,2011-12-03,..\data\amazonas_audio\XC119198-Pyriglena-similis.mp3,2011-12-03,9
118201,Merops,cyanophrys,birds,Arabian Green Bee-eater,Thijs Fijen,Oman,"Rubish dump Quriyat, Oman",23.200683,58.9307,B,0:06,call,Call from perched bird,XC118201-Little Green Bee-eater_20121218_12_roep.mp3,2012-12-18,..\data\amazonas_audio\XC118201-Merops-cyanophrys.mp3,2012-12-18,6
109803,Gallinago,magellanica,birds,Magellanic Snipe,Francisco Rivas Fuenzalida,Chile,Ruta Curauma-Melosilla,-33.178,-71.534,B,0:06,"flight song, vuelo nupcial.",,Becacinas 8.mp3,2012-06-24,..\data\amazonas_audio\XC109803-Gallinago-magellanica.mp3,2012-06-24,6
104540,Centropus,spilopterus,birds,Kai Coucal,Bas van Balen,Indonesia,"Bukit Indah, Elat, Kai Besar ",-5.638,133.013,B,0:06,alarm call?,,Centropus spilopterus 30apr94 0540_vanBalen.mp3,1994-04-30,..\data\amazonas_audio\XC104540-Centropus-spilopterus.mp3,1994-04-30,6
101062,Grallaria,saturata,birds,Equatorial Antpitta,Jon King,Ecuador,"Reserva Yanacocha, Volcan Pichincha, Pichincha",-0.1114,-78.5845,B,0:10,"song, short song","After playback (of short song) Distance to mic. 5m. Single phrase only, another countersinging in distance.",Antpitta_rufula_19032011_0747_0208.mp3,2011-03-19,..\data\amazonas_audio\XC101062-Grallaria-saturata.mp3,2011-03-19,10
101061,Grallaria,saturata,birds,Equatorial Antpitta,Jon King,Ecuador,"Reserva Yanacocha, Volcan Pichincha, Pichincha",-0.1114,-78.5845,B,0:07,"song, short song","After playback (of short song) Distance to mic. 5m. Single phrase only, another countersinging in distance.",Antpitta_rufula_19032011_0746_0207.mp3,2011-03-19,..\data\amazonas_audio\XC101061-Grallaria-saturata.mp3,2011-03-19,7
101056,Grallaria,saturata,birds,Equatorial Antpitta,Jon King,Ecuador,"Reserva Yanacocha, Volcan Pichincha, Pichincha",-0.1114,-78.5845,B,0:17,"song, long song","After playback. Distance to mic. 10m, seen down to 3m. Different individual from 19/03 recordings.",Antpitta_Rufous_longsng_18032011_1132_0203.mp3,2011-03-18,..\data\amazonas_audio\XC101056-Grallaria-saturata.mp3,2011-03-18,17
90653,Gallinago,magellanica,birds,Magellanic Snipe,Andrew Spencer,Chile,"Estancia San Gregorio, XII Region",-52.5709,-70.087,B,0:18,call,natural vocalization; calls from a bird on the ground.,South American Snipe2011-10-26-3.mp3,2011-10-26,..\data\amazonas_audio\XC90653-Gallinago-magellanica.mp3,2011-10-26,18
90268,Chloropsis,moluccensis,birds,Blue-winged Leafbird,Frank Lambert,Malaysia,"Ulu Mudah, Kedah (nr Earth Lodge)",6.1151,100.9634,B,0:07,"call, calls male",,Chloropsis_cochinchinensis_moluccensis-FL male calls UluMuda Kedah MY 13Nov11 R05_0123.mp3,2011-11-13,..\data\amazonas_audio\XC90268-Chloropsis-moluccensis.mp3,2011-11-13,7
83099,Basileuterus,delattrii,birds,Chestnut-capped Warbler,Brian Cox,Panama,"La Finca Suiza, Fortuna NP, Chiriqui, Panama.",8.6759,-82.2234,B,0:14,call,,rufous-capped_warbler_finca_la_suisse.mp3,2010-04-15,..\data\amazonas_audio\XC83099-Basileuterus-delattrii.mp3,2010-04-15,14
79322,Treron,permagnus,birds,Ryukyu Green Pigeon,Desmond Allen,Japan,"Iriomotejima, Ryukyu Islands",24.3477222107519,123.815231323242,B,0:15,call,bird calling from tree,99482.mp3,2001-01-01,..\data\amazonas_audio\XC79322-Treron-permagnus.mp3,2001-01-01,15
74984,Saltator,olivascens,birds,Olivaceous Saltator,Daniel Lane,Suriname,Weg naar zee,5.9001,-55.2301,B,0:14,song,Natural song from a bird perched in a Mimosa-like plant along tidal ditch in marsh.,Saltator coerulescens110311_T681.mp3,2011-03-11,..\data\amazonas_audio\XC74984-Saltator-olivascens.mp3,2011-03-11,14
60124,Gallinago,magellanica,birds,Magellanic Snipe,Alvaro Jaramillo,Chile,"Punta Arenas, XII Region",,,B,0:09,song,<a href=http://www.xeno-canto.org/graphics/conosur.jpg rel=lightbox>From Bird Sounds of Southern South America by Lopez-Lanus (2008)</a>,SNIPE (S-A) Magellanic_28_Punta Arenas_XII Region_CH_13NOV99_Alvaro Jaramillo.mp3,1999-11-13,..\data\amazonas_audio\XC60124-Gallinago-magellanica.mp3,1999-11-13,9
59517,Polioptila,bilineata,birds,White-browed Gnatcatcher,Mike Nelson,Panama,"Parque Metropolitano, Panama City",9.0245,-79.5528,B,0:05,song,,TropicalGnatcatcher1.mp3,2009-01-16,..\data\amazonas_audio\XC59517-Polioptila-bilineata.mp3,2009-01-16,5
51177,Penelope,bridgesi,birds,Yungas Guan,Bernabe Lopez-Lanus,Argentina,"Acambuco, Tartagal, Salta",-22.193127,-63.94455,B,0:04,song,<a href=http://www.xeno-canto.org/graphics/conosur.jpg rel=lightbox>From Bird Sounds of Southern South America by Lopez-Lanus (2008)</a>,GUAN Dusky-legged_15_Acambuco_Salta_AR_2OCT05_Bernabe Lopez-Lanus  AA (BLL et al 2007).mp3,2005-02-10,..\data\amazonas_audio\XC51177-Penelope-bridgesi.mp3,2005-02-10,4
51176,Penelope,bridgesi,birds,Yungas Guan,Bernabe Lopez-Lanus,Argentina,"Acambuco, Tartagal, Salta",-22.193127,-63.94455,B,0:10,song,<a href=http://www.xeno-canto.org/graphics/conosur.jpg rel=lightbox>From Bird Sounds of Southern South America by Lopez-Lanus (2008)</a>,GUAN Dusky-legged_14_Acambuco_Salta_AR_6OCT05_Bernabe Lopez-Lanus  AA (BLL et al 2007).mp3,2005-06-10,..\data\amazonas_audio\XC51176-Penelope-bridgesi.mp3,2005-06-10,10
51175,Penelope,bridgesi,birds,Yungas Guan,Bernabe Lopez-Lanus,Argentina,"Acambuco, Tartagal, Salta",-22.193127,-63.94455,B,0:13,song,<a href=http://www.xeno-canto.org/graphics/conosur.jpg rel=lightbox>From Bird Sounds of Southern South America by Lopez-Lanus (2008)</a>,GUAN Dusky-legged_13_Acambuco_Salta_AR_5OCT05_Bernabe Lopez-Lanus  AA (BLL et al 2007).mp3,2005-05-10,..\data\amazonas_audio\XC51175-Penelope-bridgesi.mp3,2005-05-10,13
51171,Penelope,bridgesi,birds,Yungas Guan,Bernabe Lopez-Lanus,Argentina,"Acambuco, Tartagal, Salta",-22.193127,-63.94455,B,0:11,song,<a href=http://www.xeno-canto.org/graphics/conosur.jpg rel=lightbox>From Bird Sounds of Southern South America by Lopez-Lanus (2008)</a>,GUAN Dusky-legged_03_Acambuco_Salta_AR_25MAR05_Bernabe Lopez-Lanus  AA (BLL et al 2007).mp3,2005-03-25,..\data\amazonas_audio\XC51171-Penelope-bridgesi.mp3,2005-03-25,11
51170,Penelope,bridgesi,birds,Yungas Guan,Bernabe Lopez-Lanus,Argentina,"Acambuco, Tartagal, Salta",-22.193127,-63.94455,B,0:13,song,<a href=http://www.xeno-canto.org/graphics/conosur.jpg rel=lightbox>From Bird Sounds of Southern South America by Lopez-Lanus (2008)</a>,GUAN Dusky-legged_02_Acambuco_Salta_AR_5OCT05_Diego Monteleone (Lopez-Lanus et al 2007).mp3,2005-05-10,..\data\amazonas_audio\XC51170-Penelope-bridgesi.mp3,2005-05-10,13
49729,Rhynchospiza,dabbenei,birds,Yungas Sparrow,Rosendo Fraga,Argentina,"Lozano, Doctor Manuel Belgrano, Jujuy",-24.0778,-65.4204,B,0:10,call,"Calls of one sparrow. Open dry woodland with native trees (tipa, nogal criollo, curupí, espinillo) and some thorny shrubs.",SPARROW Stripe-capped_13_Lozano-1200 msnm-Jujuy_AR_4DIC98_Rosendo Fraga.mp3,1998-12-04,..\data\amazonas_audio\XC49729-Rhynchospiza-dabbenei.mp3,1998-12-04,10
47913,Pitta,concinna,birds,Ornate Pitta,Colin Trainor,Indonesia,"Lewoleba, Lembata, Nusa Tenggara",-8.382,123.386,B,0:20,call,,"Pitta, Lembata, 30Noc2009.mp3",2009-12-30,..\data\amazonas_audio\XC47913-Pitta-concinna.mp3,2009-12-30,20
44500,Prinia,lepida,birds,Delicate Prinia,Herman van Oosten,Oman,Wadi Ghul,23.14,57.203,B,0:18,song,"Bird not seen, close to school, lovely spot but where have the Long-billed Pipits gone to?",Prinia gracilis WGhul.mp3,2010-01-27,..\data\amazonas_audio\XC44500-Prinia-lepida.mp3,2010-01-27,18
42254,Scytalopus,androstictus,birds,Loja Tapaculo,Niels Krabbe,Ecuador,"Zamora-Chinchipe: Quebrada Calderón, upper Río Isimanchi, Cordillera Las Lagunillas",-4.776,-79.409,B,0:16,song,Tape ref. LXIA 4-13,SCYOPA31.mp3,1992-11-08,..\data\amazonas_audio\XC42254-Scytalopus-androstictus.mp3,1992-11-08,16
42247,Scytalopus,androstictus,birds,Loja Tapaculo,Niels Krabbe,Ecuador,Zamora-Chinchipe: e-slope Cerro Toledo,-4.385,-79.107,B,0:14,call,Tape ref. CXXXIA 3-7,SCYOPA47.mp3,1996-02-21,..\data\amazonas_audio\XC42247-Scytalopus-androstictus.mp3,1996-02-21,14
40705,Ducula,geelvinkiana,birds,Geelvink Imperial Pigeon,Patrik Åberg,Indonesia,"Biak Island, Papua ",-1.0806,136.2906,B,0:20,song,,Spice_Imperial-Pigeon_song_Biak_2009-08-08.mp3,2009-08-08,..\data\amazonas_audio\XC40705-Ducula-geelvinkiana.mp3,2009-08-08,20
39229,Pycnonotus,leucops,birds,Pale-faced Bulbul,Mike Nelson,Malaysia,"Mount Kinabalu, Mesilau Sector, Sabah, Borneo ",6.0448,116.5964,B,0:11,call,"*leucops* subspecies possible upgrade to species level, Pale-faced Bulbul, confined to mountains of N. Borneo. img:http://www.flickr.com/photos/madbirder/7173238852/",Pale-facedBulbul.mp3,2009-08-16,..\data\amazonas_audio\XC39229-Pycnonotus-leucops.mp3,2009-08-16,11
39060,Pyriglena,maura,birds,Western Fire-eye,Frank Lambert,Peru,Tumbes National Reserve ,-3.837536,-80.304565,B,0:20,song,'Pacific Fire-eye',FIREEYEPacific_FL1 QuebFaical 31Nov04 (2).mp3,0000-00-00,..\data\amazonas_audio\XC39060-Pyriglena-maura.mp3,,20
37725,Grallaria,cajamarcae,birds,Cajamarca Antpitta,Bob Planqué,Peru,"Bosque Paja Blanca, Chotas, Cajamarca ",-6.3876,-79.1167,B,0:09,song,the second (of three) songtypes here,RufousAntpitta_songtype2_PajaBlanca_070909_615.mp3,2008-08-07,..\data\amazonas_audio\XC37725-Grallaria-cajamarcae.mp3,2008-08-07,9
37704,Grallaria,cajamarcae,birds,Cajamarca Antpitta,Bob Planqué,Peru,"Bosque Paja Blanca, Chotas, Cajamarca ",-6.3876,-79.1167,B,0:10,song,the third song type heard at this site,RufousAntpitta_thirdcalltype_PajaBlanca_090909_600.mp3,2008-08-09,..\data\amazonas_audio\XC37704-Grallaria-cajamarcae.mp3,2008-08-09,10
36105,Scytalopus,intermedius,birds,Utcubamba Tapaculo,Fabrice Schmitt,Peru,Las Palmas,-6.7128,-77.852,B,0:13,"call, song, call/song (after playback)",,"Blackish Tapaculo intermedius, EMaranon, 21sep08 FS2.mp3",2008-09-21,..\data\amazonas_audio\XC36105-Scytalopus-intermedius.mp3,2008-09-21,13
36091,Scytalopus,intermedius,birds,Utcubamba Tapaculo,Frank Lambert,Peru,near Huiquilla (not far from Chachopoyas) This is a forest patch on the small road going up to Kuelap,-6.3706,-78.0103,B,0:12,song,ID confirmed by Niels Krabbe,TAPBlackish_FL Huiquilla9Jun06 2600m.mp3,2006-06-09,..\data\amazonas_audio\XC36091-Scytalopus-intermedius.mp3,2006-06-09,12
34470,Pellorneum,capistratoides,birds,Bornean Black-capped Babbler,Tjalle Boorsma,Indonesia,"Swanslutung, Gunung Lumut Protection Forest, East Kalimantan, Borneo",-1.4001,115.8667,B,0:13,song,,072. Black-capped Babbler (Song).mp3,2007-06-00,..\data\amazonas_audio\XC34470-Pellorneum-capistratoides.mp3,,13
34469,Pellorneum,capistratoides,birds,Bornean Black-capped Babbler,Tjalle Boorsma,Indonesia,"Pinang Jatus, Gunung Lumut Protection Forest, East Kalimantan, Borneo",-1.3806,116.1306,B,0:19,song,"Same as recording 115, but uploaded under different species.","071. Black capped Babbler (Song, 115).mp3",2007-05-00,..\data\amazonas_audio\XC34469-Pellorneum-capistratoides.mp3,,19
24867,Charmosyna,stellae,birds,Stella's Lorikeet,Niels Krabbe,Papua New Guinea,"'Warili Lodge' near Tari, Southern Highlands ",-5.9667,143.0501,B,0:17,call,Seen well. Ref.: NK (A 479-485),Charmosyna_papou_2006_12_24_A_479-485.mp3,2006-12-24,..\data\amazonas_audio\XC24867-Charmosyna-stellae.mp3,2006-12-24,17
23922,Copsychus,superciliaris,birds,Visayan Shama,William Ruscher,Philippines,"Mt. Talinas,  Negros Oriental",9.2539,123.2153,B,0:14,song,"recorded with the internal mics of a Sony pocket recorder, while climbing the trail up Mt. Talinas",WBshama.mp3,2004-04-22,..\data\amazonas_audio\XC23922-Copsychus-superciliaris.mp3,2004-04-22,14
23740,Grallaria,cajamarcae,birds,Cajamarca Antpitta,Willem-Pier Vellinga,Peru,"bosque protector Pagaibamba, Chotas, Cajamarca",-6.4334,-79.0667,B,0:13,song?,these longer songs can be much longer than this one.,14082008_138GraRufIIIPagaibamba.mp3,2008-08-18,..\data\amazonas_audio\XC23740-Grallaria-cajamarcae.mp3,2008-08-18,13
18946,Heteromyias,armiti,birds,Black-capped Robin,Nick Athanas,Papua New Guinea,"Tari Valley, Southern Highlands Province",-5.6334,142.9001,B,0:11,song,,R09_0835-Ashy-Robin.mp3,2007-06-25,..\data\amazonas_audio\XC18946-Heteromyias-armiti.mp3,2007-06-25,11
12113,Synallaxis,chinchipensis,birds,Chinchipe Spinetail,Frank Lambert,Peru,near Jean,,,B,0:18,song,,ChinchipSp-FL.mp3,0000-00-00,..\data\amazonas_audio\XC12113-Synallaxis-chinchipensis.mp3,,18
10744,Grallaria,spatiator,birds,Sierra Nevada Antpitta,Nick Athanas,Colombia,"RNA El Dorado, Sierra de Santa Marta, Magdalena",11.1009,-74.072,B,0:09,song,A likely future split. link:http://www.proaves.org/rubrique.php?id_rubrique=182,R09_0319-Rufous-Antpitta.mp3,2007-02-09,..\data\amazonas_audio\XC10744-Grallaria-spatiator.mp3,2007-02-09,9
8283,Grallaria,cajamarcae,birds,Cajamarca Antpitta,Herman van Oosten,Peru,Cajamarca,,,B,0:04,song,Bird spontaneously called but could only catch one phrase unfortunately. In natural vegetation.,GrallRufCaja_towCaja.mp3,2006-10-04,..\data\amazonas_audio\XC8283-Grallaria-cajamarcae.mp3,2006-10-04,4
7089,Scytalopus,androstictus,birds,Loja Tapaculo,Todd Mark,Peru,"Rio Blanco, Majaz Mine, Piura",-4.9001,-79.3334,B,0:06,song?,,ScyCanII.mp3,2004-08-00,..\data\amazonas_audio\XC7089-Scytalopus-androstictus.mp3,,6
4352,Penelope,bridgesi,birds,Yungas Guan,Aidan Maccormick,Bolivia,"Entre Rios, Paraiso del Tordo, Tarija",-21.4927777777778,-65.07,B,0:04,alarm call,link:http://www.boliviakba.co.uk/yungas.htm ,005.mp3,2005-02-24,..\data\amazonas_audio\XC4352-Penelope-bridgesi.mp3,2005-02-24,4
1959,Grallaria,cochabambae,birds,Bolivian Antpitta,Sjoerd Mayer,Bolivia,"Cotapata Trail (behind the petrol station), La Paz",-16.283,-67.883,B,0:07,longer vocalization.,"cd:http://www.birdsongs.com/Bolivia/main.htm.
( Originally ID'd by Sjoerd as 'cochabambae'. WP)",32/b06b.mp3,1993-11-08,..\data\amazonas_audio\XC1959-Grallaria-cochabambae.mp3,1993-11-08,7
1122,Polioptila,bilineata,birds,White-browed Gnatcatcher,Robin Carter,Panama,Canopy Tower,9.1334,-79.6501,B,0:19,song,,TropicalGnatcatcher2001052111.mp3,2001-05-21,..\data\amazonas_audio\XC1122-Polioptila-bilineata.mp3,2001-05-21,19
1074,Saltator,olivascens,birds,Olivaceous Saltator,Jan-Hein Ribot,Suriname,Nanni swamp,5.6001,-56.9001,B,0:15,song,duet? link:http://webserv.nhl.nl/~ribot/english/index.htm,saco.mp3,1983-09-25,..\data\amazonas_audio\XC1074-Saltator-olivascens.mp3,1983-09-25,15
1026,Basileuterus,delattrii,birds,Chestnut-capped Warbler,Robin Carter,Costa Rica,Finca Daniel,10.1167,-84.7001,B,0:11,song,,RufouscappedWarbler2002071712.mp3,2002-07-17,..\data\amazonas_audio\XC1026-Basileuterus-delattrii.mp3,2002-07-17,11
150,Grallaria,gravesi,birds,Chachapoya Antpitta,Willem-Pier Vellinga,Peru,"Quintecocha, Leimebamba, Amazonas",-6.8583,-77.7,B,0:13,song,subspecies initially presumed. 2020-7-21: G.r.obscura =&gt;; G.gravesi!,disk2nr53rufula.mp3,2002-07-00,..\data\amazonas_audio\XC150-Grallaria-gravesi.mp3,,13
763502,Scytalopus,intermedius,birds,Utcubamba Tapaculo,GABRIEL LEITE,Peru,"Cresta San Lorenzo, Amazonas",-5.8014,-78.0298,C,0:16,call,,XC763502-Scytalopus-intermedius_San-Lorenzo_MixPre-1672.wav,2022-11-17,..\data\amazonas_audio\XC763502-Scytalopus-intermedius.wav,2022-11-17,16
745270,Chloropsis,moluccensis,birds,Blue-winged Leafbird,Kim Chuah Lim,Malaysia,"Johor, Panti Forest Reserve, Bunker Trail",1.8636,103.8864,C,0:20,call,A juvenile (single note) following a male bird. Male was seen feeding the juvenile,XC745270-Blue-winged Leafbird (male + juvenile) 220821_2336.mp3,2022-08-21,..\data\amazonas_audio\XC745270-Chloropsis-moluccensis.mp3,2022-08-21,20
739383,Anthreptes,tephrolaemus,birds,Grey-chinned Sunbird,Peter Boesman,Uganda,"Buhoma, Bwindi Impenetrable Forest",-0.989,29.616,C,0:19,call,,XC739383-LS_51186 Green Sunbird call C.mp3,2022-06-25,..\data\amazonas_audio\XC739383-Anthreptes-tephrolaemus.mp3,2022-06-25,19
731551,Illadopsis,distans,birds,Tanzanian Illadopsis,Elia Mulungu (via Louis A. Hansen),Tanzania,Amani_East_Usambara_24_Tanzania,-5.0981,38.6235,C,0:17,call,Same as XC731550,XC731551-220520-130401_plus_00m006s_PaleBreastedIlladopsis_call_NoChange.mp3,2022-05-20,..\data\amazonas_audio\XC731551-Illadopsis-distans.mp3,2022-05-20,17
721429,Chloropsis,moluccensis,birds,Blue-winged Leafbird,Bram Piot,Laos,"Phahom slope forest, Vientiane Province",19.1421,102.3655,C,0:13,call,Call or song? Probably two birds.,XC721429-BluewingedLeafbird_VangVieng-Phahom_220502_2947_edited.mp3,2022-05-02,..\data\amazonas_audio\XC721429-Chloropsis-moluccensis.mp3,2022-05-02,13
717484,Illadopsis,distans,birds,Tanzanian Illadopsis,Elia Mulungu (via Louis A. Hansen),Tanzania,"Jozani Forest NP, Kusini, Unguja South Region, Tanzania",-6.2633,39.4034,C,0:14,song,Same as XC717479,XC717484-210108-063456_plus_01m43s_PaleBreastedIlladopsis_song_VolUpHighPass.mp3,2021-01-08,..\data\amazonas_audio\XC717484-Illadopsis-distans.mp3,2021-01-08,14
717223,Illadopsis,distans,birds,Tanzanian Illadopsis,Elia Mulungu (via Louis A. Hansen),Tanzania,"Pugu Hills Nature Forest, Tanzania",-6.8924,39.0892,C,0:18,song,,XC717223-210126-072156_plus_00m05s_PaleBreastedIlladopsis_song_VolUpHighPass.mp3,2021-01-26,..\data\amazonas_audio\XC717223-Illadopsis-distans.mp3,2021-01-26,18
714470,Prinia,lepida,birds,Delicate Prinia,Gregory Askew,Saudi Arabia,"Dammam, Dammam, Eastern Province",26.5137,49.8114,C,0:17,song,First of five singing males recorded at this site.,XC714470-Delicate_Prinia_song_Airport_Lake_4-7-2022_ZOOM0001.mp3,2022-04-07,..\data\amazonas_audio\XC714470-Prinia-lepida.mp3,2022-04-07,17
708373,Campylopterus,diamantinensis,birds,Diamantina Sabrewing,Guilherme de Melo Becher,Brazil,"Trilha do Pico da Lapinha, Lapinha da Serra-MG, Minas Gerais",-19.1083,-43.6708,C,0:07,flight call,,XC708373-MixPre-127 Campylopterus diamantinensis.mp3,2022-03-03,..\data\amazonas_audio\XC708373-Campylopterus-diamantinensis.mp3,2022-03-03,7
708008,Chloropsis,moluccensis,birds,Blue-winged Leafbird,Kim Chuah Lim,Singapore,"Bukit Timah Nature Reserve, Singapore",1.3508,103.7737,C,0:14,song,,XC708008-Blue-winged LEafbird @ BTNR 220311_1760.mp3,2022-03-11,..\data\amazonas_audio\XC708008-Chloropsis-moluccensis.mp3,2022-03-11,14
708006,Chloropsis,moluccensis,birds,Blue-winged Leafbird,Kim Chuah Lim,Singapore,"Bukit Timah Nature Reserve, Singapore",1.3508,103.7737,C,0:19,song,,XC708006-Blue-winged Leafbird @ BTNR 220311_1756.mp3,2022-03-11,..\data\amazonas_audio\XC708006-Chloropsis-moluccensis.mp3,2022-03-11,19
704870,Illadopsis,distans,birds,Tanzanian Illadopsis,Louis A. Hansen,Tanzania,Mafuta_camp_site_forest_edge_near_Mafuta_village_South_Ukingu_(aka_Nguru)_Tanzania,-6.076558,37.559272,C,0:03,song,,XC704870-S4A15551_20210812_062123_plus_57m11s_PaleBreastedIlladopsis_semi-song_short_VolUpHighPass.mp3,2021-08-12,..\data\amazonas_audio\XC704870-Illadopsis-distans.mp3,2021-08-12,3
704606,Batis,occulta,birds,West African Batis,Étienne Leroy,Ivory Coast,"Forêt classée du Mont Tonkoui, Man, Montagnes District",7.4498,-7.6382,C,0:13,song,,XC704606-220127-Pririt de Lawson#2@Tonkoui.mp3,2022-01-26,..\data\amazonas_audio\XC704606-Batis-occulta.mp3,2022-01-26,13
699152,Merops,cyanophrys,birds,Arabian Green Bee-eater,David Darrell-Lambert,United Arab Emirates,"Dubai, Dubai",25.1165,55.1668,C,0:10,call,,"XC699152-Arabian Green Bee-eater call good 2022 01 27 Open Beach, Sufouh, Dubai, UAE_1219_short.mp3",2022-01-27,..\data\amazonas_audio\XC699152-Merops-cyanophrys.mp3,2022-01-27,10
699151,Merops,cyanophrys,birds,Arabian Green Bee-eater,David Darrell-Lambert,United Arab Emirates,"Dubai, Dubai",25.1165,55.1668,C,0:11,call,,"XC699151-Arabian Green Bee-eater call good 2022 01 27 Open Beach, Sufouh, Dubai, UAE_1217.mp3",2022-01-27,..\data\amazonas_audio\XC699151-Merops-cyanophrys.mp3,2022-01-27,11
694818,Prinia,lepida,birds,Delicate Prinia,Gregory Askew,Saudi Arabia,"Al Jubail, Jubail, Eastern Province",26.8077,49.5833,C,0:08,song,Images and audio support the ID of the birds in this area as Delicate Prinia (P. lepida irakensis),XC694818-Delicate_Prinia_Song (7th)_Khafra_12-31-21_ZOOM0108.mp3,2021-12-31,..\data\amazonas_audio\XC694818-Prinia-lepida.mp3,2021-12-31,8
694814,Prinia,lepida,birds,Delicate Prinia,Gregory Askew,Saudi Arabia,"Al Jubail, Jubail, Eastern Province",26.8077,49.5833,C,0:06,song,Images and audio support the ID of the birds in this area as Delicate Prinia (P. lepida irakensis),XC694814-Delicate_Prinia_Song (3rd)_Khafra_12-31-21_ZOOM0100.mp3,2021-12-31,..\data\amazonas_audio\XC694814-Prinia-lepida.mp3,2021-12-31,6
694813,Prinia,lepida,birds,Delicate Prinia,Gregory Askew,Saudi Arabia,"Al Qatif, Al-Qatif, Eastern Province",26.5338,49.988,C,0:14,song,Images and audio support the ID of the birds in this area as Delicate Prinia (P. lepida irakensis),XC694813-Delicate_Prinia_Song (2nd)_Qatif_12-31-21_ZOOM0115.mp3,2021-12-31,..\data\amazonas_audio\XC694813-Prinia-lepida.mp3,2021-12-31,14
694811,Prinia,lepida,birds,Delicate Prinia,Gregory Askew,Saudi Arabia,"Al Qatif, Al-Qatif, Eastern Province",26.5338,49.988,C,0:14,song,Images and audio support the ID of the birds in this area as Delicate Prinia (P. lepida irakensis),XC694811-Delicate_PRinia_Song_1st_Qatif_12-31-21_ZOOM0112.mp3,2021-12-31,..\data\amazonas_audio\XC694811-Prinia-lepida.mp3,2021-12-31,14
690241,Alaudala,heinei,birds,Turkestan Short-toed Lark,Gregory Askew,Saudi Arabia,"Alkwifriah, Al-Ahsa, Eastern Province",24.2285,51.4838,C,0:10,flight call,,XC690241-Alaudala_Heinei_AlBatha_ZOOM0079.mp3,2021-12-03,..\data\amazonas_audio\XC690241-Alaudala-heinei.mp3,2021-12-03,10
690240,Alaudala,heinei,birds,Turkestan Short-toed Lark,Gregory Askew,Saudi Arabia,"Alkwifriah, Al-Ahsa, Eastern Province",24.2285,51.4838,C,0:12,flight call,,XC690240-Alaudala_heinei_AlBatha_12-3-21_ZOOM0083.mp3,2021-12-03,..\data\amazonas_audio\XC690240-Alaudala-heinei.mp3,2021-12-03,12
681996,Euphonia,godmani,birds,West Mexican Euphonia,Oveth Fuentes,Mexico,"Parque Ecológico La Campana, Villa de Álvarez, Villa de Álvarez Municipality, Colima",19.2693,-103.7263,C,0:07,song,"selva baja, perchado en árbol seco",XC681996-Scrub Euphonia La Campana.mp3,2021-10-16,..\data\amazonas_audio\XC681996-Euphonia-godmani.mp3,2021-10-16,7
680456,Prinia,lepida,birds,Delicate Prinia,Gregory Askew,Saudi Arabia,"Al Jubail, Jubail, Eastern Province",26.8077,49.5833,C,0:16,call,Isolated from a video shot by Paul Kairouh. ID of interest as the call not identical with those of nearby Graceful Prinia (P. gracilis hufufae). The birds at this location are now believed to be Delicate Prinia (P. lepida irakensis) based on differences in song and morphology compared to the nearest confirmed population of Graceful Prinia in Al Ahsa. ,XC680456-MVI_7558 (online-audio-converter.com).mp3,2021-10-15,..\data\amazonas_audio\XC680456-Prinia-lepida.mp3,2021-10-15,16
663611,Chloropsis,moluccensis,birds,Blue-winged Leafbird,Bram Piot,Laos,"Tad Song Sou, Ban Lao, Khammouane",17.6674,105.1773,C,0:14,call," At least one male present, but this may be a begging call?",XC663611-BluewingedLeafbird_NakaiNamTheun2_210711_2098_edited.mp3,2021-07-11,..\data\amazonas_audio\XC663611-Chloropsis-moluccensis.mp3,2021-07-11,14
660336,Ficedula,owstoni,birds,Ryukyu Flycatcher,Brendan Sloan,Japan,"Yuwandake area, Amami Island",,,C,0:16,"call, fledgling(s)",Fledglings not seen but adult male seen well in vicinity ,XC660336-0607_092153 UK 7-6-13 Amami.mp3,2013-06-07,..\data\amazonas_audio\XC660336-Ficedula-owstoni.mp3,2013-06-07,16
640162,Eremalauda,eremodites,birds,Arabian Lark,Gregory Askew,Saudi Arabia,"AlUla, Al Madinah Province",27.0575,37.8377,C,0:06,alarm call,"Encountered a flock of 35+ birds at this location. Mostly recorded calls and some faint singing. This call (""purr-YIP"") might be the alarm call as it was given by birds just as they were taking off as we approached.",XC640162-XC612725 - Dunn's Lark - Eremalauda dunni eremodites.mp3,2020-12-11,..\data\amazonas_audio\XC640162-Eremalauda-eremodites.mp3,2020-12-11,6
640158,Eremalauda,eremodites,birds,Arabian Lark,Gregory Askew,Saudi Arabia,Riyadh Province,25.5962,46.0737,C,0:02,subsong,"Vocalization of a distant bird while video recording a nearby Arabian Dunn's Lark. There were a few in the vicinity but none observed singing. Is this the ""clik whirr"" phrase noted in Birds of the World? There were numerous Bar-tailed Larks and Greater Hoopoe-Larks in the area as well.",XC640158-XC608846 - Dunn's Lark - Eremalauda dunni eremodites.mp3,2020-12-11,..\data\amazonas_audio\XC640158-Eremalauda-eremodites.mp3,2020-12-11,2
640156,Eremalauda,eremodites,birds,Arabian Lark,Gregory Askew,Saudi Arabia,Riyadh Province,25.5962,46.0737,C,0:10,subsong,"Vocalization of a distant bird while video recording a nearby Arabian Dunn's Lark. There were a few in the vicinity but none observed singing. Is this the ""dweertzy-dwerr"" phrase noted in Birds of the World? There were numerous Bar-tailed Larks and Greater Hoopoe-Larks in the area as well.",XC640156-XC608847 - Dunn's Lark - Eremalauda dunni eremodites.mp3,2020-12-11,..\data\amazonas_audio\XC640156-Eremalauda-eremodites.mp3,2020-12-11,10
640150,Eremalauda,eremodites,birds,Arabian Lark,Gregory Askew,Saudi Arabia,Riyadh Province,25.5962,46.0737,C,0:11,flight call,"Vocalization of two birds passing low overhead in an area where a few Dunn's were observed on the ground shortly before. There were numerous Bar-tailed Larks and Greater Hoopoe-Larks in the area as well. The flight call, according to the Birds of the World, is sometimes ""a thin liquid prrp"". However, these could possibly be Lesser Short-toed Lark though none were observed this particular morning.",XC640150-XC608850 - Dunn's Lark - Eremalauda dunni eremodites.mp3,2020-12-11,..\data\amazonas_audio\XC640150-Eremalauda-eremodites.mp3,2020-12-11,11
640146,Eremalauda,eremodites,birds,Arabian Lark,Gregory Askew,Saudi Arabia,"AlUla, Al Madinah Province",27.0575,37.8377,C,0:09,subsong,Encountered a flock of 35+ birds at this location. Mostly recorded calls but also caught a little of this faint singing. Bird was likely on the ground as the entire flock was actively foraging.,XC640146-XC612727 - Dunn's Lark - Eremalauda dunni eremodites.mp3,2020-12-31,..\data\amazonas_audio\XC640146-Eremalauda-eremodites.mp3,2020-12-31,9
640144,Eremalauda,eremodites,birds,Arabian Lark,Gregory Askew,Saudi Arabia,"AlUla, Al Madinah Province",27.0575,37.8377,C,0:02,"alarm call, flight call","Encountered a flock of 35+ birds at this location. Mostly recorded calls and a little faint singing. Bird was likely on the ground as the entire flock was actively foraging. Here is the ""tu-wep"" alarm call of a bird/birds taking off followed by the ""prrp"" flight call.",XC640144-XC612728 - Dunn's Lark - Eremalauda dunni eremodites.mp3,2020-12-31,..\data\amazonas_audio\XC640144-Eremalauda-eremodites.mp3,2020-12-31,2
638142,Platysmurus,aterrimus,birds,Bornean Black Magpie,Hobart WQH,Malaysia,"Stapok area of Batu Kawa, Bahagian Kuching, Sarawak",1.5252,110.3126,C,0:19,"call, song",A group of about 3 birds were calling from trees while flying from one to another. ,XC638142-VID_20200910_091224 BBM.mp3,2020-09-10,..\data\amazonas_audio\XC638142-Platysmurus-aterrimus.mp3,2020-09-10,19
634176,Illadopsis,distans,birds,Tanzanian Illadopsis,Louis A. Hansen,Tanzania,Unguja Ukuu (western part of Jozani NP_rarely visited_includes birds from just outside the forest),-6.256,39.3761,C,0:03,song,,XC634176-210124_0711_plus_00m44s_PaleBreastedIlladopsis_song_short_VolUpAggressLowPass.mp3,2021-01-24,..\data\amazonas_audio\XC634176-Illadopsis-distans.mp3,2021-01-24,3
634100,Illadopsis,distans,birds,Tanzanian Illadopsis,Louis A. Hansen,Tanzania,Unguja Ukuu (western part of Jozani NP_rarely visited_includes birds from just outside the forest),-6.256,39.3761,C,0:16,song,,XC634100-210122_0627_plus_00m03s_PaleBreastedIlladopsis_song_VolUp_stopBandFilter_HaveCutAway_sp.mp3,2021-01-22,..\data\amazonas_audio\XC634100-Illadopsis-distans.mp3,2021-01-22,16
634066,Illadopsis,distans,birds,Tanzanian Illadopsis,Louis A. Hansen,Tanzania,"Jozani Forest NP, Kusini, Unguja South Region, Tanzania",-6.2633,39.4034,C,0:02,song,,XC634066-210120_0598_plus_00m005s_PaleBreastedIlladopsis_song_VolUpStopBnadFilter.mp3,2021-01-20,..\data\amazonas_audio\XC634066-Illadopsis-distans.mp3,2021-01-20,2
634064,Illadopsis,distans,birds,Tanzanian Illadopsis,Louis A. Hansen,Tanzania,"Jozani Forest NP, Kusini, Unguja South Region, Tanzania",-6.2633,39.4034,C,0:13,song,,XC634064-210120_0597_plus_00m07s_PaleBreastedIlladopsis_song_VolUpHighPass_StopBandFilter.mp3,2021-01-20,..\data\amazonas_audio\XC634064-Illadopsis-distans.mp3,2021-01-20,13
634062,Illadopsis,distans,birds,Tanzanian Illadopsis,Louis A. Hansen,Tanzania,"Jozani Forest NP, Kusini, Unguja South Region, Tanzania",-6.2633,39.4034,C,0:18,song,,XC634062-210120_0595_plus_00m09s_PaleBreastedIlladopsis_song_and_call_VolUpHighPass_StopBandFilter.mp3,2021-01-20,..\data\amazonas_audio\XC634062-Illadopsis-distans.mp3,2021-01-20,18
634059,Illadopsis,distans,birds,Tanzanian Illadopsis,Louis A. Hansen,Tanzania,"Jozani Forest NP, Kusini, Unguja South Region, Tanzania",-6.2633,39.4034,C,0:09,"call, song",,XC634059-210120_0594_plus_00m22s_PaleBreastedIlladopsis_song_and_call_VolUpHighPass.mp3,2021-01-20,..\data\amazonas_audio\XC634059-Illadopsis-distans.mp3,2021-01-20,9
634058,Illadopsis,distans,birds,Tanzanian Illadopsis,Louis A. Hansen,Tanzania,"Jozani Forest NP, Kusini, Unguja South Region, Tanzania",-6.2633,39.4034,C,0:05,call,,XC634058-210120_0594_plus_00m002s_PaleBreastedIlladopsis_call_VolUp.mp3,2021-01-20,..\data\amazonas_audio\XC634058-Illadopsis-distans.mp3,2021-01-20,5
634057,Illadopsis,distans,birds,Tanzanian Illadopsis,Louis A. Hansen,Tanzania,"Jozani Forest NP, Kusini, Unguja South Region, Tanzania",-6.2633,39.4034,C,0:10,call,,XC634057-210120_0593_plus_01m40s_PaleBreastedIlladopsis_call_VolUpHIghPass.mp3,2021-01-20,..\data\amazonas_audio\XC634057-Illadopsis-distans.mp3,2021-01-20,10
634052,Illadopsis,distans,birds,Tanzanian Illadopsis,Louis A. Hansen,Tanzania,"Jozani Forest NP, Kusini, Unguja South Region, Tanzania",-6.2633,39.4034,C,0:14,song,,XC634052-210120_0589_plus_00m00s_PaleBreastedIlladospsis_song_VolUpHighPass.mp3,2021-01-20,..\data\amazonas_audio\XC634052-Illadopsis-distans.mp3,2021-01-20,14
615864,Prinia,lepida,birds,Delicate Prinia,Cedric Mroczko,Turkey,"Yumurtalık Lagünleri Milli Parkı (Halep çamı ormanı), Adana",36.741,35.6243,C,0:07,call,"High-pass fitered (1000Hz, 6dB). d100 + clippy em272 stereo",XC615864-201213_002l.mp3,2020-12-13,..\data\amazonas_audio\XC615864-Prinia-lepida.mp3,2020-12-13,7
614722,Prinia,lepida,birds,Delicate Prinia,Cedric Mroczko,Turkey,"Yumurtalık Lagünleri Milli Parkı (Halep çamı ormanı), Adana",36.741,35.6243,C,0:03,call,"High-pass filtered (1000Hz, 6dB). d100 + clippy em272 stereo",XC614722-201213_004z4.mp3,2020-12-13,..\data\amazonas_audio\XC614722-Prinia-lepida.mp3,2020-12-13,3
614719,Prinia,lepida,birds,Delicate Prinia,Cedric Mroczko,Turkey,"Yumurtalık Lagünleri Milli Parkı (Halep çamı ormanı), Adana",36.741,35.6243,C,0:03,call,d100 + clippy em272 stereo,XC614719-201213_004yek.mp3,2020-12-13,..\data\amazonas_audio\XC614719-Prinia-lepida.mp3,2020-12-13,3
614715,Prinia,lepida,birds,Delicate Prinia,Cedric Mroczko,Turkey,"Yumurtalık Lagünleri Milli Parkı (Halep çamı ormanı), Adana",36.741,35.6243,C,0:02,call,"High-pass filtered (500Hz, 6dB). d100 + clippy em272 stereo",XC614715-201213_004w.mp3,2020-12-13,..\data\amazonas_audio\XC614715-Prinia-lepida.mp3,2020-12-13,2
614624,Trachyphonus,usambiro,birds,Usambiro Barbet,Bernard BOUSQUET,Tanzania,"Bariadi, Shinyanga Region",-2.5727,34.7597,C,0:15,song,,XC614624-55255 - STE--077 - barbican d'Arnaud.mp3,2018-06-12,..\data\amazonas_audio\XC614624-Trachyphonus-usambiro.mp3,2018-06-12,15
610747,Chloropsis,moluccensis,birds,Blue-winged Leafbird,Okamoto Keita Sin,Singapore,"Dairy Farm Nature Park, Singapore",1.3638,103.776,C,0:19,call,,"XC610747-Leafbird, Blue-winged_2020-09-09_0732_SG_DFNP.mp3",2020-09-09,..\data\amazonas_audio\XC610747-Chloropsis-moluccensis.mp3,2020-09-09,19
609378,Prinia,lepida,birds,Delicate Prinia,Cedric Mroczko,Turkey,"Yumurtalık, Adana",36.6293,35.6173,C,0:02,call,High-pass filtered,XC609378-1215_120155.mp3,2020-12-15,..\data\amazonas_audio\XC609378-Prinia-lepida.mp3,2020-12-15,2
604709,Trachyphonus,usambiro,birds,Usambiro Barbet,Bernard BOUSQUET,Tanzania,Arusha Region,-2.9847,34.9983,C,0:14,call,Near the lake.,XC604709-5215 - STE-096 Barbican d'Arnaud.mp3,2018-06-12,..\data\amazonas_audio\XC604709-Trachyphonus-usambiro.mp3,2018-06-12,14
604416,Chloropsis,lazulina,birds,Greyish-crowned Leafbird,Teus Luijendijk,Vietnam,Bach Ma National Park ,16.2,107.8667,C,0:18,song,,XC604416-20000427Orange-belliedLeafbirdTLC23B429.mp3,2000-04-27,..\data\amazonas_audio\XC604416-Chloropsis-lazulina.mp3,2000-04-27,18
595548,Bubo,milesi,birds,Arabian Eagle-Owl,Micha Luhn,Oman,"Wadi Darbat, Dhofar",17.1024,54.45,C,0:06,call,"Same individuum as in **XC595546**
A distant call in the rocks.
orig: 29 s  48 kHz  16 bit  wav
mp3:  6 s  320 Kb/s
setup: Sennheiser MKE 400 + dead cat +Samsung Galaxy A510 ""Bat recorder""-App by Bill Kraus",XC595548-evtl_Uhu-C_ML_20171225_190117.mp3,2017-12-25,..\data\amazonas_audio\XC595548-Bubo-milesi.mp3,2017-12-25,6
595546,Bubo,milesi,birds,Arabian Eagle-Owl,Micha Luhn,Oman,"Wadi Darbat, Dhofar",17.1024,54.45,C,0:06,call,"A distant call in the rocks.
orig: 29 s  48 kHz 16 bit wav
mp3:  6 s  320 Kb/s
setup: Sennheiser MKE 400 + dead cat +Samsung Galaxy A510 ""Bat recorder""-App by Bill Kraus",XC595546-evtl_Uhu-C_ML_20171225_190044.mp3,2017-12-25,..\data\amazonas_audio\XC595546-Bubo-milesi.mp3,2017-12-25,6
586742,Gallinago,magellanica,birds,Magellanic Snipe,Juanjo Soto,Chile,"Natales, Ultima Esperanza, Magallanes y la Antártica Chilena",-51.6864,-72.5099,C,0:18,"flight call, non verbal sound made it on display",Bird in flight. At that moment just making displays during the afternoon and very active during the night.,XC586742-Gallinago paraguaiae magellanicus_01092020_2206_nonvocal song.mp3,2020-09-01,..\data\amazonas_audio\XC586742-Gallinago-magellanica.mp3,2020-09-01,18
578391,Pitta,concinna,birds,Ornate Pitta,Okamoto Keita Sin,Indonesia,"Kerandangan National Park, Lombok",-8.476927,116.05606,C,0:01,call,,"XC578391-Pitta, Elegant_2019-08-03_1635_Indonesia_Lombok.mp3",2019-08-03,..\data\amazonas_audio\XC578391-Pitta-concinna.mp3,2019-08-03,1
572865,Pyrrhula,owstoni,birds,Taiwan Bullfinch,Sunny Tseng,Taiwan,Mount Sylvia,24.3858,121.2977,C,0:12,call,,XC572865-200622_2677_GRBU.mp3,2020-06-22,..\data\amazonas_audio\XC572865-Pyrrhula-owstoni.mp3,2020-06-22,12
572779,Saltator,grandis,birds,Cinnamon-bellied Saltator,Efraín Octavio,Mexico,"San Patricio, Cihuatlán, Jalisco",19.2253,-104.7154,C,0:17,song,,XC572779-Saltator caerulescens 03 05 2020.mp3,2020-05-03,..\data\amazonas_audio\XC572779-Saltator-grandis.mp3,2020-05-03,17
570880,Scytalopus,androstictus,birds,Loja Tapaculo,Peter de Rouw,Ecuador,"Cerro Toledo, Podocarpus NP, Loja",-4.3777,-79.1122,C,0:05,song,Only part of song recorded. See also <https://observation.org/waarneming/view/194461764>.,XC570880-200204_0592_ParamoTapaculo_song_CerroToledo_Podocarpus_20200204_0824.mp3,2020-02-04,..\data\amazonas_audio\XC570880-Scytalopus-androstictus.mp3,2020-02-04,5
552670,Sterrhoptilus,affinis,birds,Calabarzon Babbler,Joshua Bergmark,Philippines,"Real, Quezon, Calabarzon",14.5633,121.4968,C,0:20,call,Small group moving with feeding flock just in from the road.,XC552670-BERGMARK Black-crowned Babbler.mp3,2020-01-31,..\data\amazonas_audio\XC552670-Sterrhoptilus-affinis.mp3,2020-01-31,20
548893,Pyriglena,maura,birds,Western Fire-eye,Jorge L. Peña,Colombia,"Cañón alto río Guachicos, Vda. Porvenir, Pitalito, Huila",1.7135,-76.257,C,0:17,song,,XC548893-P. leuconota.mp3,2020-04-06,..\data\amazonas_audio\XC548893-Pyriglena-maura.mp3,2020-04-06,17
546704,Grallaria,saturata,birds,Equatorial Antpitta,Yair Guillermo Molina Martínez.,Colombia,"La línea, Cajamarca, Tolima - camino desde el corregimiento de Toche",4.5527,-75.5162,C,0:19,song,,XC546704-G rufula sep 2018.mp3,2018-09-20,..\data\amazonas_audio\XC546704-Grallaria-saturata.mp3,2018-09-20,19
543592,Petroica,polymorpha,birds,Solomons Robin,Iain Woxvold,Papua New Guinea,"Aiope headwaters, Kunua District, Autonomous Region of Bougainville",-5.78146,154.87547,C,0:02,song,,XC543592-Petroica pusilla septentrionalis_pcm_1550m_191031_18.mp3,2018-10-31,..\data\amazonas_audio\XC543592-Petroica-polymorpha.mp3,2018-10-31,2
530841,Chloropsis,lazulina,birds,Greyish-crowned Leafbird,lchunfai,China,Hong Kong,22.2561,114.1857,C,0:04,alarm call,,XC530841-Orange-bellied Leafbird 20200223 .mp3,2020-02-23,..\data\amazonas_audio\XC530841-Chloropsis-lazulina.mp3,2020-02-23,4
517320,Illadopsis,distans,birds,Tanzanian Illadopsis,Louis A. Hansen,Tanzania,"Suni camp, Chita Forest, southern Udzungwa Scarp",-8.4935,35.9031,C,0:09,call,Volume increase,XC517320-2019_07_20_TIME_15_31_08_plus_00m00s_PaleBreastedIlladopsis_call_VolUp.mp3,2019-07-20,..\data\amazonas_audio\XC517320-Illadopsis-distans.mp3,2019-07-20,9
516660,Illadopsis,distans,birds,Tanzanian Illadopsis,Louis A. Hansen,Tanzania,"Suni camp, Chita Forest, southern Udzungwa Scarp",-8.4935,35.9031,C,0:08,call,"Volume increase applied using Audacity. Also, applied a Stop band filter.",XC516660-2019_07_08_TIME_16_40_16_plus_02m44s_PaleBreastedIlladopsis_call_VolUp_StopBandFilter.mp3,2019-07-08,..\data\amazonas_audio\XC516660-Illadopsis-distans.mp3,2019-07-08,8
516659,Illadopsis,distans,birds,Tanzanian Illadopsis,Louis A. Hansen,Tanzania,"Suni camp, Chita Forest, southern Udzungwa Scarp",-8.4935,35.9031,C,0:11,call,"Volume increase applied using Audacity. Also, have cut away species.",XC516659-2019_07_08_TIME_16_40_16_plus_02m26s_PaleBreastedIlladopsis_call_VolUp_HaveCutAway_sp.mp3,2019-07-08,..\data\amazonas_audio\XC516659-Illadopsis-distans.mp3,2019-07-08,11
516658,Illadopsis,distans,birds,Tanzanian Illadopsis,Louis A. Hansen,Tanzania,"Suni camp, Chita Forest, southern Udzungwa Scarp",-8.4935,35.9031,C,0:08,call,Volume increase,XC516658-2019_07_08_TIME_16_40_16_plus_02m02s_PaleBreastedIlladopsis_call_VolUp.mp3,2019-07-08,..\data\amazonas_audio\XC516658-Illadopsis-distans.mp3,2019-07-08,8
516588,Illadopsis,distans,birds,Tanzanian Illadopsis,Louis A. Hansen,Tanzania,"Suni camp, Chita Forest, southern Udzungwa Scarp",-8.4935,35.9031,C,0:12,"call, song",Volume increase,XC516588-2019_07_08_TIME_06_16_12_plus_01h03m16s_PaleBreastedIlladopsis_call_and_song_VolUpHighPass.mp3,2019-07-08,..\data\amazonas_audio\XC516588-Illadopsis-distans.mp3,2019-07-08,12
515023,Illadopsis,distans,birds,Tanzanian Illadopsis,Louis A. Hansen,Tanzania,"Dibililo camp, Mafwemiro forest, Mpwapwa, Dodoma Region",-6.8714,36.5742,C,0:13,call,Volume increase and high pass applied using Audacity.,XC515023-2019_06_12_TIME_06_26_48_plus_38m40s_PaleBreastedIlladopsis_call_VolUpHighPass.mp3,2019-06-12,..\data\amazonas_audio\XC515023-Illadopsis-distans.mp3,2019-06-12,13
514472,Illadopsis,distans,birds,Tanzanian Illadopsis,Louis A. Hansen,Tanzania,"Dibililo camp, Mafwemiro forest, Mpwapwa, Dodoma Region",-6.8714,36.5742,C,0:17,call,Volume increase and high pass applied using Audacity.,XC514472-2019_06_07_TIME_08_27_12_plus_10m47s_PaleBreastedIlladopsis_call_VolUpHighPass.mp3,2019-06-07,..\data\amazonas_audio\XC514472-Illadopsis-distans.mp3,2019-06-07,17
514442,Illadopsis,distans,birds,Tanzanian Illadopsis,Louis A. Hansen,Tanzania,"Dibililo camp, Mafwemiro forest, Mpwapwa, Dodoma Region",-6.8714,36.5742,C,0:15,song,Volume increase and high pass applied using Audacity.,XC514442-2019_06_07_TIME_08_00_34_plus_00m10s_PaleBreastedIlladopsis_song_VolUpHighPass.mp3,2019-06-07,..\data\amazonas_audio\XC514442-Illadopsis-distans.mp3,2019-06-07,15
514372,Illadopsis,distans,birds,Tanzanian Illadopsis,Louis A. Hansen,Tanzania,"Dibililo camp, Mafwemiro forest, Mpwapwa, Dodoma Region",-6.8714,36.5742,C,0:04,call,Volume increase and high pass applied using Audacity.,XC514372-2019_06_04_TIME_07_24_26_plus_00m34s_PaleBreastedIlladopsis_3Birds_call_VolUpHighPass.mp3,2019-06-04,..\data\amazonas_audio\XC514372-Illadopsis-distans.mp3,2019-06-04,4
514326,Illadopsis,distans,birds,Tanzanian Illadopsis,Louis A. Hansen,Tanzania,"Dibililo camp, Mafwemiro forest, Mpwapwa, Dodoma Region",-6.8714,36.5742,C,0:17,call,Volume increase and high pass applied using Audacity.,XC514326-2019_06_04_TIME_06_31_58_plus_02m19s_PaleBreastedIlladopsis_call_VolUpHighPass.mp3,2019-06-04,..\data\amazonas_audio\XC514326-Illadopsis-distans.mp3,2019-06-04,17
514318,Illadopsis,distans,birds,Tanzanian Illadopsis,Louis A. Hansen,Tanzania,"Dibililo camp, Mafwemiro forest, Mpwapwa, Dodoma Region",-6.8714,36.5742,C,0:06,call,To nght rest,XC514318-2019_06_03_TIME_18_33_12_plus_00m01s_PaleBreastedIlladopsis_to_Night-rest_cal_VolUpHighPass.mp3,2019-06-03,..\data\amazonas_audio\XC514318-Illadopsis-distans.mp3,2019-06-03,6
514217,Illadopsis,distans,birds,Tanzanian Illadopsis,Louis A. Hansen,Tanzania,"Dibililo camp, Mafwemiro forest, Mpwapwa, Dodoma Region",-6.8714,36.5742,C,0:09,song,,XC514217-2019_06_03_TIME_06_45_22_plus_01m24s_PaleBreastedIlladopsis_song_VolUpHighPass.mp3,2019-06-03,..\data\amazonas_audio\XC514217-Illadopsis-distans.mp3,2019-06-03,9
508249,Bubo,milesi,birds,Arabian Eagle-Owl,Alain Malengreau,Oman,"رعد, Dhofar Governorate",17.1863,54.0821,C,0:03,song,Not Filtered.,XC508249-Grand-duc africain.mp3,2019-11-18,..\data\amazonas_audio\XC508249-Bubo-milesi.mp3,2019-11-18,3
485257,Saltator,grandis,birds,Cinnamon-bellied Saltator,Mario Reyes Jr,Honduras,"Tegucigalpa, Departamento de Francisco Morazán",14.0879,-87.1675,C,0:08,song,Recorded with my Huawei P10 Rec Forge II app at 44Khz/16 bit,XC485257-Saltator Coerulescens.mp3,0000-00-00,..\data\amazonas_audio\XC485257-Saltator-grandis.mp3,,8
476259,Chloropsis,moluccensis,birds,Blue-winged Leafbird,Laura Berman,Singapore,Central Catchment Area,1.3518,103.8067,C,0:12,song,A pair of Blue-winged leafbirds at Jelutung Tower (male and female). Vocalization is by the male.,XC476259-blue winged leafbird.mp3,2019-03-25,..\data\amazonas_audio\XC476259-Chloropsis-moluccensis.mp3,2019-03-25,12
471099,Grallaria,cochabambae,birds,Bolivian Antpitta,Rolf A. de By,Bolivia,"Cotapata Trail (behind the petrol station), La Paz",-16.283,-67.883,C,0:06,song,"With Sjoerd Mayer.

See [full trip report](https://www.cloudbirders.com/tripreport/show/25358/37956)",XC471099-Bolivia1991b_19911226_RufousAntpitta_song_14.mp3,1991-12-26,..\data\amazonas_audio\XC471099-Grallaria-cochabambae.mp3,1991-12-26,6
465823,Pyriglena,maura,birds,Western Fire-eye,Charlie Vogt,Ecuador,"Reserva Maycu, Nangaritza, Provincia de Zamora Chinchipe",-4.2569,-78.6489,C,0:16,"call, song",unseen,XC465823-R37_0112 Unid.mp3,2014-02-18,..\data\amazonas_audio\XC465823-Pyriglena-maura.mp3,2014-02-18,16
453851,Prinia,lepida,birds,Delicate Prinia,Leons Mathew Abraham,India,"Burha Mayang Par, Kamrup, Assam",26.2539,91.9132,C,0:19,song,,XC453851-gracefulprinia.mp3,2019-01-26,..\data\amazonas_audio\XC453851-Prinia-lepida.mp3,2019-01-26,19
449937,Gallinago,magellanica,birds,Magellanic Snipe,Peter Boesman,Chile,"Laguna Sofia, Puerto Natales, XII Región",-51.527087,-72.654529,C,0:18,song,Ground song,XC449937-LS100898 Magellanic Snipe song C.mp3,2018-12-13,..\data\amazonas_audio\XC449937-Gallinago-magellanica.mp3,2018-12-13,18
446971,Chloropsis,moluccensis,birds,Blue-winged Leafbird,Albert Lastukhin,Thailand,"Tambon Mae Win, Amphoe Mae Wang, Chang Wat Chiang Mai",18.6702,98.6417,C,0:10,song,,"XC446971-Chloropsis cochinchinensis 1104_154045,8.MP3",2018-11-04,..\data\amazonas_audio\XC446971-Chloropsis-moluccensis.mp3,2018-11-04,10
441196,Euphonia,godmani,birds,West Mexican Euphonia,Richard E. Webster,Mexico,"Arroyo La Aduana, Álamos, Sonora",27.0303,-109.0146,C,0:03,call,not seen; seen in the area but not making the vocalization;,XC441196-EUPHONI_Scrub_c 1x La Aduana 600m 072318 0855.mp3,2018-07-23,..\data\amazonas_audio\XC441196-Euphonia-godmani.mp3,2018-07-23,3
423078,Pycnonotus,leucops,birds,Pale-faced Bulbul,Hans Groot,Malaysia,"Mount Kinabalu power station, Sabah, Borneo ",6.0292,116.5473,C,0:07,song,"Pale-faced Bulbul, from viewing platform above the Timpohon Gate",XC423078-Pale-faced Bulbul 020318 Kinabalu.mp3,2018-02-18,..\data\amazonas_audio\XC423078-Pycnonotus-leucops.mp3,2018-02-18,7
417902,Locustella,musculus,birds,Seram Bush Warbler,Ross Gallardy,Indonesia,"Seram Utara, Kabupaten Maluku Tengah, Maluku",-3.1692,129.4714,C,0:03,song,,XC417902-SeramBushWarbler_Seram_song5.mp3,2017-08-30,..\data\amazonas_audio\XC417902-Locustella-musculus.mp3,2017-08-30,3
416030,Saltator,olivascens,birds,Olivaceous Saltator,Antonio David Riaño Cortés,Colombia,"Cambao, San Juan de Rio Seco, Cundinamarca",4.9097,-74.738,C,0:20,song,"Zona de arbustos, a las afueras del pueblo de Cambao, cerca de potreros. Relativamente cerca del río Magdalena (menos de 1 km).",XC416030-Cambao 2018 03 27 ii.mp3,2018-03-27,..\data\amazonas_audio\XC416030-Saltator-olivascens.mp3,2018-03-27,20
398811,Merops,viridissimus,birds,African Green Bee-eater,Bram Piot,Senegal,"Foret de Bokhol, Dagana",16.529,-15.4237,C,0:06,call,,XC398811-GreenBeeeater_Bokhol_180105_2545_edited.mp3,2018-01-05,..\data\amazonas_audio\XC398811-Merops-viridissimus.mp3,2018-01-05,6
390736,Merops,viridissimus,birds,African Green Bee-eater,Étienne Leroy,Burkina Faso,"Koudougou, Centre-Ouest",12.2284,-2.3554,C,0:01,flight call,,XC390736-171024-Guepier d'Orient@Koudougou.mp3,2017-10-24,..\data\amazonas_audio\XC390736-Merops-viridissimus.mp3,2017-10-24,1
378623,Polioptila,bilineata,birds,White-browed Gnatcatcher,Albert Lastukhin,Costa Rica,"Sámara, Provincia de Guanacaste",9.8799,-85.5309,C,0:10,song,,"XC378623-Polioptila plumbea 34-19.01.2017, Samara,Pacifig coast,16-30,11f.MP3",2017-01-19,..\data\amazonas_audio\XC378623-Polioptila-bilineata.mp3,2017-01-19,10
362112,Ducula,cuprea,birds,Malabar Imperial Pigeon,Vivek Puliyeri,India,"Kakkadampoyil, Malappuram, Kerala",11.3362,76.1102,C,0:02,call,,XC362112-Mountain Imperial Pigeon_Kakkadampoyil_20170319_095905.mp3,2017-03-19,..\data\amazonas_audio\XC362112-Ducula-cuprea.mp3,2017-03-19,2
360009,Pomatorhinus,bornensis,birds,Sunda Scimitar Babbler,Peter Boesman,Malaysia,"Danum Valley, Sabah, Borneo",4.98029,117.844002,C,0:19,call,,XC360009-LS104603 Chestnut-backed Scimitar-babbler call C.mp3,2017-02-17,..\data\amazonas_audio\XC360009-Pomatorhinus-bornensis.mp3,2017-02-17,19
323011,Larus,brachyrhynchus,birds,Short-billed Gull,Peter Boesman,United States,"Denali NP entrance road, Denali, Alaska",63.719,-148.967,C,0:10,call,,XC323011-LS_52355 DINALI NP Mew Gull call C.mp3,2016-06-07,..\data\amazonas_audio\XC323011-Larus-brachyrhynchus.mp3,2016-06-07,10
321483,Basileuterus,delattrii,birds,Chestnut-capped Warbler,Alfonso Auerbach,Honduras,"El Tizatillo, near Tegucigalpa",13.9641,-87.1881,C,0:05,song,,XC321483-160611_002 rufous capped warbler.MP3,2016-06-11,..\data\amazonas_audio\XC321483-Basileuterus-delattrii.mp3,2016-06-11,5
319116,Polioptila,bilineata,birds,White-browed Gnatcatcher,Jacob R. Saucier,Belize,Cayo; Moonracer Farm,17.0853,-88.9827,C,0:12,song,"About 80% sure (matches behavior and sound of one seen days previously in the same area).

Field Number: BZ2016 JRS 089",XC319116-BZ2016 JRS 089_xc.mp3,2016-05-12,..\data\amazonas_audio\XC319116-Polioptila-bilineata.mp3,2016-05-12,12
301209,Basileuterus,delattrii,birds,Chestnut-capped Warbler,Alfonso Auerbach,Honduras,Reserva Biológica Yerbabuena (south side),14.0969,-87.4592,C,0:19,call,,XC301209-160123_1784 rufous capped warbler.MP3,2016-01-24,..\data\amazonas_audio\XC301209-Basileuterus-delattrii.mp3,2016-01-24,19
300464,Merops,lafresnayii,birds,Ethiopian Bee-eater,Peter Boesman,Ethiopia,Gibe gorge area,8.232675,37.578772,C,0:07,"call, song, call and song",,XC300464-LS_50867 Blue-breasted Bee-eater call and song C.mp3,2015-12-19,..\data\amazonas_audio\XC300464-Merops-lafresnayii.mp3,2015-12-19,7
300462,Merops,lafresnayii,birds,Ethiopian Bee-eater,Peter Boesman,Ethiopia,South of Yabello,4.52945,38.265777,C,0:04,call,ID certainty 80%. Either this species or Little Bee-eater.,XC300462-LS_50566 Blue-breasted bee-eater Q call C.mp3,2015-12-15,..\data\amazonas_audio\XC300462-Merops-lafresnayii.mp3,2015-12-15,4
299585,Pyriglena,maura,birds,Western Fire-eye,Brayan Coral Jaramillo,Colombia,"Vda/Minchoy San Francisco, Putumayo",1.2078,-76.8297,C,0:10,call,Response to play back...after song.,XC299585-call pyriglena 00_00_00-00_00_10.mp3,2016-01-17,..\data\amazonas_audio\XC299585-Pyriglena-maura.mp3,2016-01-17,10
296504,Picus,dedemi,birds,Sumatran Woodpecker,Ashley Banwell,Indonesia,"Tadu Raya, Nagan Raya, Aceh",4.1407,96.5067,C,0:08,call,,XC296504-SUMATRAN WOODY (3).MP3,2015-12-05,..\data\amazonas_audio\XC296504-Picus-dedemi.mp3,2015-12-05,8
295796,Saltator,grandis,birds,Cinnamon-bellied Saltator,Alfonso Auerbach,Honduras,"Laguna Villa Royal, Caserío La Paz",13.857,-87.235,C,0:17,song,,XC295796-151216_1538 grayish saltator.MP3,2015-12-17,..\data\amazonas_audio\XC295796-Saltator-grandis.mp3,2015-12-17,17
294139,Delichon,lagopodum,birds,Siberian House Martin,Alexander Hellquist,Russian Federation,"Anadyrskiy rayon, Chukotskiy",64.7095,177.684,C,0:01,call,Adult by nest,XC294139-lock anadyr 20 juni till xeno.mp3,2010-06-20,..\data\amazonas_audio\XC294139-Delichon-lagopodum.mp3,2010-06-20,1
294134,Delichon,lagopodum,birds,Siberian House Martin,Alexander Hellquist,Russian Federation,Khatanga city,71.9769,102.482,C,0:03,call,Adult by nest,XC294134-Hussvala lock Khatanga 10 jul spår 31 till xeno.mp3,2015-07-11,..\data\amazonas_audio\XC294134-Delichon-lagopodum.mp3,2015-07-11,3
294118,Delichon,lagopodum,birds,Siberian House Martin,Alexander Hellquist,Russian Federation,"Tunkinskiy rayon, Buryatiya Republits",51.7179,102.4261,C,0:06,call,,XC294118-hussvala lock o sång tunkadalen spår 18 skiva II till xeno.mp3,2008-06-08,..\data\amazonas_audio\XC294118-Delichon-lagopodum.mp3,2008-06-08,6
279384,Charmosyna,stellae,birds,Stella's Lorikeet,John V. Moore,Papua New Guinea,"""Ambua Lodge"" area, Southern Highlands Province",-5.962,143.067,C,0:09,flight call,Group. Reference: NG5: 15:00-16:20,XC279384-Charmosyna_papou_goliathina_Ambua_12Aug1996_NG5_flightcall.mp3,1996-08-12,..\data\amazonas_audio\XC279384-Charmosyna-stellae.mp3,1996-08-12,9
260233,Ducula,geelvinkiana,birds,Geelvink Imperial Pigeon,Phil Gregory,Indonesia,"Biak Island, Papua ",-1.0806,136.2906,C,0:11,call,"Uncommon and very localised, and clearly a split from Spice Imperial Pigeon, it is more like Elegant or Island Imperial than that species",XC260233-Geelvink I P good 1051.mp3,2015-06-04,..\data\amazonas_audio\XC260233-Ducula-geelvinkiana.mp3,2015-06-04,11
228537,Polioptila,bilineata,birds,White-browed Gnatcatcher,Peter Boesman,Peru,"Bosque Pomac, Lambayeque",-6.4867,-79.7525,C,0:07,song,ID certainty 100%. (Archiv. tape 521 side A track 26 seq. A),XC228537-Tropical Gnatcatcher C 13300.mp3,2007-12-24,..\data\amazonas_audio\XC228537-Polioptila-bilineata.mp3,2007-12-24,7
198718,Gallinago,magellanica,birds,Magellanic Snipe,Alexis Olivares,Chile,"Valdivia, Valdivia Province, Los Ríos Region",-39.8404,-73.2431,C,0:03,natural vocalization,,XC198718-colegial angachilla.mp3,2014-10-10,..\data\amazonas_audio\XC198718-Gallinago-magellanica.mp3,2014-10-10,3
186987,Grallaria,saturata,birds,Equatorial Antpitta,GABRIEL LEITE,Ecuador,"Reserva Yanacocha, Volcan Pichincha, Pichincha",-0.1114,-78.5845,C,0:06,song,,XC186987-Grallaria rufula_Yanacocha_1432.mp3,2014-07-02,..\data\amazonas_audio\XC186987-Grallaria-saturata.mp3,2014-07-02,6
178249,Ducula,cuprea,birds,Malabar Imperial Pigeon,vir joshi,India,"Badgund, Uttara Kannada, Karnataka",15.2687,74.5375,C,0:07,call,,XC178249-mountain i pigion 140507_044.mp3,2014-05-07,..\data\amazonas_audio\XC178249-Ducula-cuprea.mp3,2014-05-07,7
163598,Pyriglena,maura,birds,Western Fire-eye,Frank Lambert,Brazil,"Chapada dos Guimarães, Mato Grosso state",-15.457,-55.68,C,0:17,"call, song",,XC163598-Pyriglena_leuconota_maura-FL Chapada de G Brazil93.mp3,1993-03-00,..\data\amazonas_audio\XC163598-Pyriglena-maura.mp3,,17
159925,Larus,brachyrhynchus,birds,Short-billed Gull,Ian Cruickshank,Canada,"Tower Point, Metchosin, Vancouver Island, BC",48.384758,-123.507113,C,0:07,call,"

Recorded on a Marantz PMD661 recorder using a Sennheiser ME66 microphone.",XC159925-IAC 2013-02-12 T09-27-58 megu.mp3,2013-02-12,..\data\amazonas_audio\XC159925-Larus-brachyrhynchus.mp3,2013-02-12,7
159202,Larus,brachyrhynchus,birds,Short-billed Gull,Ian Cruickshank,Canada,"Rocky Point Bird Observatory, Metchosin, Vancouver Island, BC",48.319734,-123.546288,C,0:03,call,"low mew calls are from adult Mew Gulls.

Recorded on a Marantz PMD661 recorder using a Sennheiser ME66 microphone.",XC159202-IAC 2012-08-13 T06-47-06 MEGU.mp3,2012-08-13,..\data\amazonas_audio\XC159202-Larus-brachyrhynchus.mp3,2012-08-13,3
151451,Chloropsis,moluccensis,birds,Blue-winged Leafbird,Mike Nelson,Malaysia,"Taman Negara, Pahang",4.3864,102.4017,C,0:17,song,,XC151451-Blue-winged LeafbirdMT12013.mp3,2013-09-10,..\data\amazonas_audio\XC151451-Chloropsis-moluccensis.mp3,2013-09-10,17
144158,Streptopelia,xanthocycla,birds,Burmese Collared Dove,Johannes Fischer,Myanmar,"New Bagan, Nyaung-U, Mandalay Region",21.1134,94.8683,C,0:03,"call, song",,XC144158-Collared Dove.mp3,2013-07-26,..\data\amazonas_audio\XC144158-Streptopelia-xanthocycla.mp3,2013-07-26,3
138343,Pitta,vigorsii,birds,Banda Sea Pitta,Colin Trainor,Indonesia,"Mt Waiwuli near Letwurung, East Babar, Maluku Barat Daya, Maluku",-7.8739,129.8033,C,0:07,song,,"XC138343-LS101819 Elegant Pitta 1 song, Lichmera  MP3.mp3",2011-08-11,..\data\amazonas_audio\XC138343-Pitta-vigorsii.mp3,2011-08-11,7
120815,Grallaria,saturata,birds,Equatorial Antpitta,Lars Lachmann,Ecuador,"Reserva Yanacocha, Volcan Pichincha, Pichincha",-0.1114,-78.5845,C,0:02,"call, song",a single two-note call given by a bird feeding at a worm-feeding station,XC120815-Rufous Antpitta_20120316_103320_prep.mp3,2012-03-16,..\data\amazonas_audio\XC120815-Grallaria-saturata.mp3,2012-03-16,2
108836,Grallaria,cajamarcae,birds,Cajamarca Antpitta,Willem-Pier Vellinga,Peru,"Bosque protector Pagaibamba, Chotas, Cajamarca",-6.4334,-79.0667,C,0:11,song,"I am not 100% sure this is Rufous Antpitta, but that is what we were assuming at the time. Not the typical cajamarcae sound....",14082008_049GraRuf.mp3,2008-08-16,..\data\amazonas_audio\XC108836-Grallaria-cajamarcae.mp3,2008-08-16,11
107420,Pomatorhinus,bornensis,birds,Sunda Scimitar Babbler,Lau Jia Sheng,Malaysia,"Johor, Panti Forest Reserve, Ridge Trail",1.8456,103.9401,C,0:07,call,Undescribed?,cbsb_Panti_040812_1.mp3,2012-08-04,..\data\amazonas_audio\XC107420-Pomatorhinus-bornensis.mp3,2012-08-04,7
105468,Saltator,olivascens,birds,Olivaceous Saltator,Albert Lastukhin ,Venezuela,Bachaquero,9.9039,-71.1039,C,0:03,song,,031_Saltator coerulescens.mp3,2011-03-14,..\data\amazonas_audio\XC105468-Saltator-olivascens.mp3,2011-03-14,3
104472,Basileuterus,delattrii,birds,Chestnut-capped Warbler,Myornis,Colombia,"Santa Cecilia, Serrania de San Lucas",7.9759,-74.2153,C,0:16,song,In a mixed species flock,Disc 20 track 041 Basileuters rufifrons.mp3,2010-01-10,..\data\amazonas_audio\XC104472-Basileuterus-delattrii.mp3,2010-01-10,16
102372,Scytalopus,intermedius,birds,Utcubamba Tapaculo,Jon King,Peru,"above Las Palmas, KM402.5, Leymebamba-Abra Barro Negro road, Amazonas",-6.7176,-77.8712,C,0:12,song,"Natural song. Distance to mic. 6m, this individual not seen at time of recording. First notes missed.",Tapaculo_Blackish_intermedius_natsong_19062011_0656_0095.mp3,2011-06-19,..\data\amazonas_audio\XC102372-Scytalopus-intermedius.mp3,2011-06-19,12
95327,Otus,mendeni,birds,Banggai Scops Owl,Frank Lambert,Indonesia,"north-east of Kawalu, Peleng (site 2)",-1.2528,123.3648,C,0:11,song,One of a pair in roadside scrub with some taller trees. These calls probably constitute the song - made from a perched position. Very like or the same as the vocalisations heard in flight,Otus_mendeni-FL song Kawalu_ Peleng ID 25Jun11 50m R09_0043.mp3,2011-06-25,..\data\amazonas_audio\XC95327-Otus-mendeni.mp3,2011-06-25,11
95326,Otus,mendeni,birds,Banggai Scops Owl,Frank Lambert,Indonesia,"north-east of Kawalu, Peleng (site 2)",-1.2528,123.3648,C,0:14,song,One of a pair in roadside scrub with some taller trees. These calls probably constitute the song - made from a perched position. Very like or the same as the vocalisations heard in flight,Otus_mendeni-FL song Kawalu_ Peleng ID 25Jun11 50m R09_0045.mp3,2011-06-25,..\data\amazonas_audio\XC95326-Otus-mendeni.mp3,2011-06-25,14
95325,Otus,mendeni,birds,Banggai Scops Owl,Frank Lambert,Indonesia,"north-east of Kawalu, Peleng (site 2)",-1.2528,123.3648,C,0:12,"call, calls (flight?)",One of a pair in roadside scrub with some taller trees. These calls were probably made in flight,Otus_mendeni-FL flight call Kawalu_ Peleng ID 25Jun11 50m R09_0050.mp3,2011-06-25,..\data\amazonas_audio\XC95325-Otus-mendeni.mp3,2011-06-25,12
95302,Otus,mendeni,birds,Banggai Scops Owl,Frank Lambert,Indonesia,"north-east of Kawalu, Peleng (site 2)",-1.2528,123.3648,C,0:09,call,One of a pair in roadside scrub with some taller trees. This call is relatively quiet,Otus_mendeni-FL call Kawalu_ Peleng ID 25Jun11 50m R09_0042.mp3,2011-06-25,..\data\amazonas_audio\XC95302-Otus-mendeni.mp3,2011-06-25,9
93372,Cyornis,stresemanni,birds,Sumba Jungle Flycatcher,Todd Mark,Indonesia,"Km 70, Lewa-Waikabubak Hwy, Sumba",-9.658,119.831,C,0:20,song,,130310_025.mp3,2011-12-01,..\data\amazonas_audio\XC93372-Cyornis-stresemanni.mp3,2011-12-01,20
75906,Lalage,leucoptera,birds,Biak Triller,Bas van Balen,Indonesia,"Sansundi, Biak, Papua",-0.8289,135.8773,C,0:20,song,,Lalaatro_15jan97_727_125B1b.mp3,1997-01-15,..\data\amazonas_audio\XC75906-Lalage-leucoptera.mp3,1997-01-15,20
75885,Ptilinopus,speciosus,birds,Geelvink Fruit Dove,Bas van Balen,Indonesia,"Menurwar, Biak I, Papua",-1.0958,136.357,C,0:06,song,,Ptilsolo_26iv07_1537_195A170.mp3,2007-04-26,..\data\amazonas_audio\XC75885-Ptilinopus-speciosus.mp3,2007-04-26,6
71650,Pellorneum,nigrocapitatum,birds,Malayan Black-capped Babbler,Bas van Balen,Indonesia,"Batang Toru, Tapanuli Selatan, North Sumatra",1.4597,99.0445,C,0:18,call,,Pellcapi_27vi03_815_174B499.mp3,2003-06-27,..\data\amazonas_audio\XC71650-Pellorneum-nigrocapitatum.mp3,2003-06-27,18
71614,Chloropsis,moluccensis,birds,Blue-winged Leafbird,Bas van Balen,Indonesia,"Batang Toru, Tapanuli Selatan, North Sumatra",1.4597,99.0445,C,0:12,"call, call  note",,Chlococh_27vi03_700_174B424.mp3,2003-06-27,..\data\amazonas_audio\XC71614-Chloropsis-moluccensis.mp3,2003-06-27,12
71157,Petroica,polymorpha,birds,Solomons Robin,David Gibbs,Solomon Islands,"Hauta, Makira",-10.5742,161.9148,C,0:13,song,co-ordinates from google earth but should be close,Pacific_Robin.mp3,1994-02-00,..\data\amazonas_audio\XC71157-Petroica-polymorpha.mp3,,13
69225,Platysmurus,aterrimus,birds,Bornean Black Magpie,Frank Lambert,Malaysia,Sabah,5.0,117.0,C,0:13,call,Previously published on AVoCet as <a href=http://avocet.zoology.msu.edu/recordings/5503>AV5503</a>.  Certainty: 100%.  ID determined by: not specifically indicated; recordist normally sees birds recorded and indicates if any question; matches XC cuts. GPS: very rough estimate from Google Earth.,Platysmurus_leucopterus_Sabah.1a-FRL_MY_18_677-701_1_c.mp3,0000-00-00,..\data\amazonas_audio\XC69225-Platysmurus-aterrimus.mp3,,13
65809,Trachyphonus,usambiro,birds,Usambiro Barbet,Larry Sirvio,Kenya,Masai Mara Reserve,,,C,0:08,song,Dueting pair,Usambiro barbet.mp3,2007-09-10,..\data\amazonas_audio\XC65809-Trachyphonus-usambiro.mp3,2007-09-10,8
65380,Chloropsis,moluccensis,birds,Blue-winged Leafbird,Iain Woxvold,Indonesia,"Sungai Mahkam,  Berau District, East Kalimantan",2.192,116.7351,C,0:19,call,Calls of a male,Blue-winged_Leafbird_Berau07_IW2.mp3,2007-05-25,..\data\amazonas_audio\XC65380-Chloropsis-moluccensis.mp3,2007-05-25,19
56828,Grallaria,spatiator,birds,Sierra Nevada Antpitta,Bernabe Lopez-Lanus,Colombia,"Estacion San Lorenzo arriba (PNN Sierra Nevada de Santa Marta), Vereda San Lorenzo, Mpio San Lorenzo, Magdalena",,,C,0:07,call,See Krabbe (2008) Santa Marta CDs,Grallaria rufula spatiator_San Lorenzo_Vereda San Lorenzo_ PN Nevado de Santa Marta_Magdalena_Colombia_2NOV2000 2300 msnm hs b_Bernabe Lopez-Lanus.mp3,2000-11-02,..\data\amazonas_audio\XC56828-Grallaria-spatiator.mp3,2000-11-02,7
56827,Grallaria,spatiator,birds,Sierra Nevada Antpitta,Bernabe Lopez-Lanus,Colombia,"Estacion San Lorenzo arriba (PNN Sierra Nevada de Santa Marta), Vereda San Lorenzo, Mpio San Lorenzo, Magdalena",,,C,0:09,call,See Krabbe (2008) Santa Marta CDs,Grallaria rufula spatiator_San Lorenzo (La Antena)_Vereda San Lorenzo_ PN Nevado de Santa Marta_Magdalena_Colombia_2NOV2000 2300 msnm hs c_Bernabe Lopez-Lanus.mp3,2000-11-02,..\data\amazonas_audio\XC56827-Grallaria-spatiator.mp3,2000-11-02,9
42248,Scytalopus,androstictus,birds,Loja Tapaculo,Niels Krabbe,Ecuador,Zamora-Chinchipe: e-slope Cerro Toledo,-4.385,-79.107,C,0:11,call,Tape ref. CXXXIB 164-170,SCYOPA48.mp3,1996-02-22,..\data\amazonas_audio\XC42248-Scytalopus-androstictus.mp3,1996-02-22,11
38401,Centropus,spilopterus,birds,Kai Coucal,Mike Catsis,Indonesia,"Ohoililur, Kai Kecil, Maluku",,,C,0:20,call,,kai_coucal 2.mp3,2009-07-27,..\data\amazonas_audio\XC38401-Centropus-spilopterus.mp3,2009-07-27,20
34195,Pyrrhula,owstoni,birds,Taiwan Bullfinch,Frank Lambert,Taiwan,Dasyeushan Forest Reserve ,24.26655,121.00029,C,0:08,flight call,probably a good species - Owston's Bullfinch,BULLFINCHOwstons_FL flightcalls DasyeushanForRes2700m24Apr.mp3,2009-04-24,..\data\amazonas_audio\XC34195-Pyrrhula-owstoni.mp3,2009-04-24,8
33066,Petroica,polymorpha,birds,Solomons Robin,Niels Krabbe,Solomon Islands,"Baranaigasi Ridge, Makira ",-10.5667,161.8167,C,0:05,"song, song (at 2.7-4.7 s)",First song is warbler. Not seen. Tape ref. A 237,Petroica_multicolor_2006_11_30b.mp3,2006-11-30,..\data\amazonas_audio\XC33066-Petroica-polymorpha.mp3,2006-11-30,5
25825,Euphonia,godmani,birds,West Mexican Euphonia,Steve Hampton,Mexico,"Mazatlan, Sinaloa",23.258651,-106.456646,C,0:03,song,,Scrub_Euphonia.mp3,2008-11-26,..\data\amazonas_audio\XC25825-Euphonia-godmani.mp3,2008-11-26,3
24402,Streptopelia,dusumieri,birds,Philippine Collared Dove,James Bradley,Micronesia,"Saipan, Northern Mariana Islands",15.178181,145.747375,C,0:06,song,not native to Saipan,Island Collared Dove_DWB.mp3,2008-07-13,..\data\amazonas_audio\XC24402-Streptopelia-dusumieri.mp3,2008-07-13,6
15033,Gallinago,magellanica,birds,Magellanic Snipe,Daniel González Amat,Chile,"Santa Ines, Lampa",-33.2653,-70.8098,C,0:13,"call, nuptial call","nuptial call, chilean name: Becacina",becacina.mp3,2007-08-18,..\data\amazonas_audio\XC15033-Gallinago-magellanica.mp3,2007-08-18,13
13437,Synallaxis,chinchipensis,birds,Chinchipe Spinetail,Roger Ahlman,Peru,"5km north of Jaén, Cajamarca",-5.6845,-78.7876,C,0:18,song,,Chinchipe_Spinetail.mp3,2005-03-17,..\data\amazonas_audio\XC13437-Synallaxis-chinchipensis.mp3,2005-03-17,18
9804,Grallaria,saturata,birds,Equatorial Antpitta,Allen T. Chartier,Ecuador,"Yanacocha Reserve, Pichincha",-0.1667,-78.5834,C,0:07,song,Identified by Dan Lane on the mysteries page,Grallaria_rufula_rufula_EC-Yan_19961110_S1_ATC.mp3,1996-11-10,..\data\amazonas_audio\XC9804-Grallaria-saturata.mp3,1996-11-10,7
7170,Grallaria,saturata,birds,Equatorial Antpitta,Nick Athanas,Ecuador,"Yanacocha reserve, Pichincha",-0.1667,-78.5834,C,0:08,"song, long song",,001-101-Rufous-Antpitta.mp3,2001-01-06,..\data\amazonas_audio\XC7170-Grallaria-saturata.mp3,2001-01-06,8
1970,Grallaria,cochabambae,birds,Bolivian Antpitta,Sjoerd Mayer,Bolivia,"Cotapata Trail (behind the petrol station), La Paz",-16.283,-67.883,C,0:06,longer vocalization.,"cd:http://www.birdsongs.com/Bolivia/main.htm
( Originally ID'd by Sjoerd as 'cochabambae'. WP)",33/a11b.mp3,1993-11-09,..\data\amazonas_audio\XC1970-Grallaria-cochabambae.mp3,1993-11-09,6
34,Grallaria,saturata,birds,Equatorial Antpitta,Bob Planqué,Ecuador,"La Libertad, Cañar",-2.6,-78.7,C,0:12,song, trip:http://www.cs.bris.ac.uk/home/planque/Mazar/mazar-bird-report.html,rufous_antpitta.mp3,2002-08-20,..\data\amazonas_audio\XC34-Grallaria-saturata.mp3,2002-08-20,12
767564,Trachyphonus,usambiro,birds,Usambiro Barbet,isaac kilusu,Tanzania,"Seronera, Serengeti, Mara Region",-2.4358,34.8224,D,0:20,"duet, song",,XC767564-Usambiro-711.mp3,2022-12-05,..\data\amazonas_audio\XC767564-Trachyphonus-usambiro.mp3,2022-12-05,20
767563,Trachyphonus,usambiro,birds,Usambiro Barbet,isaac kilusu,Tanzania,"Seronera, Serengeti, Mara Region",-2.4358,34.8224,D,0:10,"duet, song",,XC767563-usambiro-1144.mp3,2022-12-08,..\data\amazonas_audio\XC767563-Trachyphonus-usambiro.mp3,2022-12-08,10
767562,Trachyphonus,usambiro,birds,Usambiro Barbet,isaac kilusu,Tanzania,"Seronera, Serengeti, Mara Region",-2.4358,34.8224,D,0:15,"duet, song",,XC767562-usambiro-1145.mp3,2022-12-08,..\data\amazonas_audio\XC767562-Trachyphonus-usambiro.mp3,2022-12-08,15
754627,Pyriglena,similis,birds,Tapajos Fire-eye,JAYRSON ARAUJO DE OLIVEIRA,Brazil,"Sinop, Cascalheiras - Mato Grosso",-11.7519,-55.638,D,0:20,call,,XC754627-18-09-2022-9e38-Papa-taoca-do-tapajos-chamado.mp3,2022-09-18,..\data\amazonas_audio\XC754627-Pyriglena-similis.mp3,2022-09-18,20
745959,Pyrrhula,owstoni,birds,Taiwan Bullfinch,Chi-Hsuan Shao,Taiwan,"Hehuanshan North Peak Trail, Hualien County, Taiwan",24.1646,121.2904,D,0:18,song,,XC745959-AnyConv.com__220829_1528.mp3,2022-08-29,..\data\amazonas_audio\XC745959-Pyrrhula-owstoni.mp3,2022-08-29,18
732460,Eremalauda,eremodites,birds,Arabian Lark,Frank Lambert,Saudi Arabia,"Hegra, AlUla, Al Madinah Province",26.9864,37.953,D,0:11,call,"Same pair as XC732458, on ground",XC732460-Arabian Lark-FL pair calls 10km along Route375-Aradah 12Dec21 8.02am LS115953d.mp3,2021-12-12,..\data\amazonas_audio\XC732460-Eremalauda-eremodites.mp3,2021-12-12,11
706613,Chloropsis,moluccensis,birds,Blue-winged Leafbird,Kim Chuah Lim,Singapore,"Bukit Timah Nature Reserve, Singapore",1.3508,103.7737,D,0:20,"call, flight call",,XC706613-Blue-winged Leafbird @ BTNR 220304_1731.mp3,2022-03-04,..\data\amazonas_audio\XC706613-Chloropsis-moluccensis.mp3,2022-03-04,20
687028,Alaudala,heinei,birds,Turkestan Short-toed Lark,Gregory Askew,Saudi Arabia,"سكاكا, منطقة الجوف",30.3992,40.3749,D,0:02,flight call,,XC687028-Mediterranean_Lark_A_Rufescens_Call (short)_Sakaka_11-14-21.mp3,2021-11-14,..\data\amazonas_audio\XC687028-Alaudala-heinei.mp3,2021-11-14,2
684991,Prinia,lepida,birds,Delicate Prinia,Gregory Askew,Qatar,"Al Wukair, Al Wakrah Municipality",25.1441,51.5195,D,0:17,song,Audio isolated from a video shot by Yasser Abboushi confirming that Delicate Prinia (P. lepida carpenteri) occurs in Qatar. Better audio from a different observation has been uploaded to eBird and will be shared here as well for comparison with the Graceful Prinias in the Eastern Province of Saudi Arabia (P. gracilis hufufae).,XC684991-Delicate_Prinia_Al_Wukair_Farm_Qatar_Y_Abboushi.mp3,2021-11-07,..\data\amazonas_audio\XC684991-Prinia-lepida.mp3,2021-11-07,17
633782,Illadopsis,distans,birds,Tanzanian Illadopsis,Louis A. Hansen,Tanzania,Unguja Ukuu (western part of Jozani NP_rarely visited_includes birds from just outside the forest),-6.256,39.3761,D,0:09,song,,XC633782-210129_0885_plus_00m05s_PaleBreastedIlladopsis_call_song_2Birds_VolUp_StopBandFilter_HaveCutAway_sp.mp3,2021-01-29,..\data\amazonas_audio\XC633782-Illadopsis-distans.mp3,2021-01-29,9
615602,Prinia,lepida,birds,Delicate Prinia,Cedric Mroczko,Turkey,"Yumurtalık Lagünleri Milli Parkı (Halep çamı ormanı), Adana",36.741,35.6243,D,0:13,call,"High-pass filtered (2000Hz, 6dB). d100 + clippy em272 stereo",XC615602-201214_004b.mp3,2020-12-14,..\data\amazonas_audio\XC615602-Prinia-lepida.mp3,2020-12-14,13
615596,Prinia,lepida,birds,Delicate Prinia,Cedric Mroczko,Turkey,"Yumurtalık Lagünleri Milli Parkı (Halep çamı ormanı), Adana",36.741,35.6243,D,0:03,call,"High-pass filtered (2500Hz, 6dB). d100 + clippy em272 stereo",XC615596-201214_004a.mp3,2020-12-14,..\data\amazonas_audio\XC615596-Prinia-lepida.mp3,2020-12-14,3
614721,Prinia,lepida,birds,Delicate Prinia,Cedric Mroczko,Turkey,"Yumurtalık Lagünleri Milli Parkı (Halep çamı ormanı), Adana",36.741,35.6243,D,0:03,call,"High-pass filtered (1000Hz, 12dB). d100 + clippy em272 stereo",XC614721-201213_004se.mp3,2020-12-13,..\data\amazonas_audio\XC614721-Prinia-lepida.mp3,2020-12-13,3
528844,Treron,permagnus,birds,Ryukyu Green Pigeon,Okamoto Keita Sin,Japan,"Amami Bird Observation Forest, Kagoshima",28.452502,129.592881,D,0:16,song,,"XC528844-Pigeon, Whistling Green_2018-05-16_1718_Japan_Amami_YachoKansatsuNoMori.mp3",2018-05-16,..\data\amazonas_audio\XC528844-Treron-permagnus.mp3,2018-05-16,16
517142,Illadopsis,distans,birds,Tanzanian Illadopsis,Louis A. Hansen,Tanzania,"Oriole finch (fly camp) Chita Forest, southern Udzungwa Scarp",-8.4763,35.9186,D,0:13,call,Volume increase,XC517142-2019_07_13_TIME_14_18_26_plus_01m13s_PaleBreastedIlladopsis_call_VolUp_OrioleCamp.mp3,2019-07-13,..\data\amazonas_audio\XC517142-Illadopsis-distans.mp3,2019-07-13,13
517128,Illadopsis,distans,birds,Tanzanian Illadopsis,Louis A. Hansen,Tanzania,"Suni camp surroundings, daily trips, Chita Forest, southern Udzungwa Scarp",-8.49,35.9,D,0:20,call,Volume increase and high pass applied using Audacity.,XC517128-2019_07_13_TIME_11_53_00_plus_00m13s_PaleBreastedIlladopsis_Flock_call_VolUpHIghPass_1651m.mp3,2019-07-13,..\data\amazonas_audio\XC517128-Illadopsis-distans.mp3,2019-07-13,20
516832,Illadopsis,distans,birds,Tanzanian Illadopsis,Louis A. Hansen,Tanzania,"Suni camp, Chita Forest, southern Udzungwa Scarp",-8.4935,35.9031,D,0:08,call,Volume increase,XC516832-2019_07_10_TIME_14_42_26_plus_00m00s_PaleBreastedIlladopsis_call_VolUp.mp3,2019-07-10,..\data\amazonas_audio\XC516832-Illadopsis-distans.mp3,2019-07-10,8
516656,Illadopsis,distans,birds,Tanzanian Illadopsis,Louis A. Hansen,Tanzania,"Suni camp, Chita Forest, southern Udzungwa Scarp",-8.4935,35.9031,D,0:11,call,Volume increase,XC516656-2019_07_08_TIME_16_40_16_plus_01m23s_PaleBreastedIlladopsis_call_VolUp.mp3,2019-07-08,..\data\amazonas_audio\XC516656-Illadopsis-distans.mp3,2019-07-08,11
514446,Illadopsis,distans,birds,Tanzanian Illadopsis,Louis A. Hansen,Tanzania,"Dibililo camp, Mafwemiro forest, Mpwapwa, Dodoma Region",-6.8714,36.5742,D,0:01,song,"Also, applied a Stop band filter",XC514446-2019_06_07_TIME_08_06_26_plus_00m01s_PaleBreasteedIlladopsis_short_song_HighPass.mp3,2019-06-07,..\data\amazonas_audio\XC514446-Illadopsis-distans.mp3,2019-06-07,1
514374,Illadopsis,distans,birds,Tanzanian Illadopsis,Louis A. Hansen,Tanzania,"Dibililo camp, Mafwemiro forest, Mpwapwa, Dodoma Region",-6.8714,36.5742,D,0:08,call,Volume increase and high pass applied using Audacity.,XC514374-2019_06_04_TIME_07_27_06_plus_00m42s_PalebreastedIlladopsis_call_VolUpHighPass.mp3,2019-06-04,..\data\amazonas_audio\XC514374-Illadopsis-distans.mp3,2019-06-04,8
514370,Illadopsis,distans,birds,Tanzanian Illadopsis,Louis A. Hansen,Tanzania,"Dibililo camp, Mafwemiro forest, Mpwapwa, Dodoma Region",-6.8714,36.5742,D,0:09,song,Volume increase and high pass applied using Audacity.,XC514370-2019_06_04_TIME_07_18_54_plus_00m008s_PaleBreastedIlladopsis_song_VolUpHighPass.mp3,2019-06-04,..\data\amazonas_audio\XC514370-Illadopsis-distans.mp3,2019-06-04,9
437381,Platysmurus,aterrimus,birds,Bornean Black Magpie,Hobart WQH,Malaysia,"Stapok area of Batu Kawa, Bahagian Kuching, Sarawak",1.5252,110.3126,D,0:03,song,"Not a very good recording of it, can be referred to XC438599.",XC437381-V_20181006_070006(MYS).mp3,2018-10-06,..\data\amazonas_audio\XC437381-Platysmurus-aterrimus.mp3,2018-10-06,3
426180,Trachyphonus,usambiro,birds,Usambiro Barbet,Bernard BOUSQUET,Tanzania,"Ngorongoro, Arusha Region",-3.02,35.0194,D,0:14,song,,"XC426180-57 Barbican d'Arnaaaaud STE-100, Lac massec, 12 juin 18, 12h.mp3",2018-06-12,..\data\amazonas_audio\XC426180-Trachyphonus-usambiro.mp3,2018-06-12,14
207715,Coracopsis,sibilans,birds,Comoros Black Parrot,Phil Gregory,Comoros,Moya,-12.3014,44.4452,D,0:13,call,"Faint, calling as they flew over and then landed across the valley. Presumed to be Lesser as quite high-pitched calls and looked relatively small, but certainly a bit different to Madagascar birds",XC207715-Lesser Vasa Anjouan 11:12:14 PG1890.mp3,2014-12-11,..\data\amazonas_audio\XC207715-Coracopsis-sibilans.mp3,2014-12-11,13
195459,Basileuterus,delattrii,birds,Chestnut-capped Warbler,Diego Caiafa,Costa Rica,"Parque Nacional Palo Verde, Bagaces, Guanacaste",10.3834,-85.3343,D,0:13,song,,"XC195459-Basileuterus rufifrons (PN Palo Verde, Guanacaste, Costa Rica - 22-11-2008 - Diego Caiafa).mp3",2008-11-22,..\data\amazonas_audio\XC195459-Basileuterus-delattrii.mp3,2008-11-22,13
187242,Chloropsis,lazulina,birds,Greyish-crowned Leafbird,Frank Lambert,China,"Emei Feng, Fujian",27.0258,117.0827,D,0:05,call,"[this subspecies is genetically very distinct, may represent a good species]",XC187242-Chloropsis_hardwickii_melliana-FL female Emeifang 1000m 12May14 11.38pm LS112402.mp3,2014-05-12,..\data\amazonas_audio\XC187242-Chloropsis-lazulina.mp3,2014-05-12,5
143754,Pyrrhula,owstoni,birds,Taiwan Bullfinch,balame,Taiwan,"Renai Township, Nantou County",24.1415,121.2718,D,0:12,call,,XC143754-2013.07.23小奇萊 灰鷽.MP3,2013-07-28,..\data\amazonas_audio\XC143754-Pyrrhula-owstoni.mp3,2013-07-28,12
138520,Pitta,vigorsii,birds,Banda Sea Pitta,Colin Trainor,Indonesia,"Elo village area, Sermata Island, Maluku Barat Daya, Maluku",-8.19,128.8699,D,0:09,song,"Introductory note, and then 2-note song, fairly quiet recording and lots of crickets. Just after dusk","XC138520-LS101664 Pitta, 2 songs_MP3.mp3",2010-11-03,..\data\amazonas_audio\XC138520-Pitta-vigorsii.mp3,2010-11-03,9
122110,Zosterops,chrysolaemus,birds,Black-fronted White-eye,Bas van Balen,Indonesia,"Mile 50, Freeport, Papua",-4.283,137.0563,D,0:12,call,4-5 birds quite high up in tree,XC122110-Zosterops minor_6ii97_810_133A#37.mp3,1997-02-06,..\data\amazonas_audio\XC122110-Zosterops-chrysolaemus.mp3,1997-02-06,12
75907,Lalage,leucoptera,birds,Biak Triller,Bas van Balen,Indonesia,"Sansundi, Biak, Papua",-0.8289,135.8773,D,0:07,song,,Lalaatro15i97_729_125B2b.mp3,1997-01-15,..\data\amazonas_audio\XC75907-Lalage-leucoptera.mp3,1997-01-15,7
59518,Polioptila,bilineata,birds,White-browed Gnatcatcher,Mike Nelson,Panama,"Parque Metropolitano, Panama City",9.0245,-79.5528,D,0:04,call,three soft call notes,TropicalGnatcatcher2.mp3,2009-01-16,..\data\amazonas_audio\XC59518-Polioptila-bilineata.mp3,2009-01-16,4
9641,Pyriglena,maura,birds,Western Fire-eye,Fernando Angulo,Peru,Parque Nacional Cerros de Amotape - Tumbes,-3.8189,-80.2578,D,0:12,call,,Pacific_Fire_eye_01.mp3,2007-01-03,..\data\amazonas_audio\XC9641-Pyriglena-maura.mp3,2007-01-03,12
517321,Illadopsis,distans,birds,Tanzanian Illadopsis,Louis A. Hansen,Tanzania,"Suni camp, Chita Forest, southern Udzungwa Scarp",-8.4935,35.9031,E,0:19,call,"Volume increase and high pass applied using Audacity. Also, have cut away species.",XC517321-2019_07_20_TIME_15_31_36_plus_00m05s_PaleBreastedIlladopsis_call_VolUp_HaveCutAway_sp.mp3,2019-07-20,..\data\amazonas_audio\XC517321-Illadopsis-distans.mp3,2019-07-20,19
504868,Prinia,lepida,birds,Delicate Prinia,Sagar Adhurya,India,"Durgapur Barrage Birding Hotspot, Durgapur, West Bengal",23.4744,87.3064,E,0:15,call,,"XC504868-16 Jul, 8.50 AM.mp3",2017-07-16,..\data\amazonas_audio\XC504868-Prinia-lepida.mp3,2017-07-16,15
504867,Prinia,lepida,birds,Delicate Prinia,Sagar Adhurya,India,"Durgapur Barrage Birding Hotspot, Durgapur, West Bengal",23.4744,87.3064,E,0:15,call,,"XC504867-16 Jul, 7.54 AM.mp3",2017-07-16,..\data\amazonas_audio\XC504867-Prinia-lepida.mp3,2017-07-16,15
404570,Pyriglena,maura,birds,Western Fire-eye,Breno Vitorino,Brazil,"Porto Estrela, Mato Grosso",-15.6421,-57.1899,E,0:18,song,,XC404570-A0450802 Pyriglena leuconota 10s.mp3,2017-08-02,..\data\amazonas_audio\XC404570-Pyriglena-maura.mp3,2017-08-02,18
75918,Ptilinopus,speciosus,birds,Geelvink Fruit Dove,Bas van Balen,Indonesia,"Sansundi, Biak, Papua",-0.8289,135.8773,E,0:09,song,,Ptilsolo15i97_908_125B7.mp3,1997-01-15,..\data\amazonas_audio\XC75918-Ptilinopus-speciosus.mp3,1997-01-15,9
62676,Saltator,olivascens,birds,Olivaceous Saltator,Myornis,Colombia,"Galan, Santander, Yariguies, 06º38N, 73º19W",6.6334,-73.3167,E,0:03,song,"Bird not seen, ID tentative.",04 Track 4 Saltator same as II and III.mp3,2005-07-00,..\data\amazonas_audio\XC62676-Saltator-olivascens.mp3,,3
46725,Struthio,camelus,birds,Common Ostrich,Derek Solomon,South Africa,Hoedspruit,-24.3834,30.9334,A,0:11,call,African Rock Python hissing in foreground,Ostrich RV 2-10.mp3,2010-02-09,..\data\amazonas_audio\XC46725-Struthio-camelus.mp3,2010-02-09,11
673753,Struthio,camelus,birds,Common Ostrich,Tony Archer,South Africa,"City of Matlosana (near  Dominion Reefs), Southern DC, North West",-26.9306,26.2697,C,0:11,call,Common Ostrich near water trough in cattle camp.,XC673753-3 Owl P.mp3,2021-09-11,..\data\amazonas_audio\XC673753-Struthio-camelus.mp3,2021-09-11,11
563003,Struthio,camelus,birds,Common Ostrich,Lynette Rudman,South Africa,"Camdeboo Local Municipality, Western District, Eastern Cape",-32.3013,24.2963,C,0:09,begging call,Recorded on an ostrich farm an enclosure where tiny juvenile Common Ostriches were being fed in the morning in winter.,XC563003-Common Ostrich chicks.mp3,2015-06-03,..\data\amazonas_audio\XC563003-Struthio-camelus.mp3,2015-06-03,9
292043,Struthio,molybdophanes,birds,Somali Ostrich,Andrew Spencer,Ethiopia,Aledeghe WIldlife Reserve,9.4529,40.3892,B,0:11,song,"'song' from a male bird on open, extremely barren (in a prolonged drought) plains.",XC292043-Somali Ostrich2015-11-9-1.mp3,2015-11-09,..\data\amazonas_audio\XC292043-Struthio-molybdophanes.mp3,2015-11-09,11
51833,Rhea,americana,birds,Greater Rhea,Bernabe Lopez-Lanus,Uruguay,Carretera 14 entre Castillos y Coronilla,,,A,0:04,song,<a href=http://www.xeno-canto.org/graphics/conosur.jpg rel=lightbox>From Bird Sounds of Southern South America by Lopez-Lanus (2008)</a>,RHEA Greater_02_Carretera 14 entre Castillos y Coronilla_UR_ 18SEP04_ Bernabe Lopez-Lanus  WI.mp3,2004-08-18,..\data\amazonas_audio\XC51833-Rhea-americana.mp3,2004-08-18,4
993748,Rhea,americana,birds,Greater Rhea,Guillermo Treboux,Argentina,"Ubajay, Colón Department, Entre Ríos Province",-31.8639,-58.2735,B,0:01,song,,XC993748-Rhea-americana-ZOOM0023.wav,2024-08-05,..\data\amazonas_audio\XC993748-Rhea-americana.wav,2024-08-05,1
229054,Rhea,americana,birds,Greater Rhea,Peter Boesman,Brazil,"Chapada dos Guimaraes, Mato Grosso",-15.3333333333,-55.8333333333,B,0:07,call,ID certainty 95%. (Archiv. tape 371 side B track 26 seq. A),XC229054-Greater Rhea C 1.mp3,2005-07-20,..\data\amazonas_audio\XC229054-Rhea-americana.mp3,2005-07-20,7
191450,Rhea,americana,birds,Greater Rhea,Richard Hoyer,Brazil,"Pouso Alegre, Mato Grosso",-16.5034,-56.7451,B,0:06,song,"20 seconds deleted in interval between two songs. Recorded with Olympus LS-11, internal mic.",XC191450-LS114317 Greater Rhea Hoyer.mp3,2014-08-16,..\data\amazonas_audio\XC191450-Rhea-americana.mp3,2014-08-16,6
127145,Rhea,americana,birds,Greater Rhea,Lars Lachmann,Germany,east of Ratzeburger See,53.7688,10.7742,B,0:03,call,"snorting sound given during aggressin between birds. There is now a feral population of this species in northern Germany, counting about 120 adult birds. At the time of recording, 25 birds were feeding on a rapeseed field.",XC127145-Rhea_20130216_142948_prepared.mp3,2013-02-16,..\data\amazonas_audio\XC127145-Rhea-americana.mp3,2013-02-16,3
54184,Rhea,americana,birds,Greater Rhea,Juan Pablo Culasso,Uruguay,"Parque Lecocq, Paraje Santiago Vazquez, Montevideo",,,B,0:02,song,<a href=http://www.xeno-canto.org/graphics/conosur.jpg rel=lightbox>From Bird Sounds of Southern South America by Lopez-Lanus (2008)</a>,RHEA Greater_06_Parque Lecocq_Paraje Santiago Vazquez_Montevideo_UR_14SEP03_J Pablo Culasso.mp3,2003-09-14,..\data\amazonas_audio\XC54184-Rhea-americana.mp3,2003-09-14,2
51832,Rhea,americana,birds,Greater Rhea,Bernabe Lopez-Lanus,Uruguay,"Banados del Indio, Rocha",,,B,0:19,song,<a href=http://www.xeno-canto.org/graphics/conosur.jpg rel=lightbox>From Bird Sounds of Southern South America by Lopez-Lanus (2008)</a>,RHEA Greater_01_Baados del Indio_Rocha_UR_19SEP04_Bernabe Lopez-Lanus.mp3,2004-09-19,..\data\amazonas_audio\XC51832-Rhea-americana.mp3,2004-09-19,19
37806,Rhea,americana,birds,Greater Rhea,Nunes D´Acosta,Brazil,Leopoldo de Bulhões - Goiás,-16.615631,-48.740501,B,0:03,song,Macho  em fase  de acasalamento. Quando a fêmea afasta  da sua presença ele  vocaliza  abrindo as  asas e  ensaia uma dança circular com a fêmea.,EMA XENOC ANTO MTZ.mp3,2009-08-15,..\data\amazonas_audio\XC37806-Rhea-americana.mp3,2009-08-15,3
686584,Rhea,americana,birds,Greater Rhea,JAYRSON ARAUJO DE OLIVEIRA,Brazil,Parque Estadual do Esphinillo Barra do Quaraí,-30.1834,-57.4501,C,0:09,song,,XC686584-03-11-2021 16e47 Ema BARRA.mp3,2021-11-03,..\data\amazonas_audio\XC686584-Rhea-americana.mp3,2021-11-03,9
229055,Rhea,americana,birds,Greater Rhea,Peter Boesman,Brazil,"Chapada dos Guimaraes, Mato Grosso",-15.3333333333,-55.8333333333,C,0:03,call,ID certainty 95%. (Archiv. tape 371 side B track 31 seq. B),XC229055-Greater Rhea C 2.mp3,2005-07-20,..\data\amazonas_audio\XC229055-Rhea-americana.mp3,2005-07-20,3
229053,Rhea,americana,birds,Greater Rhea,Peter Boesman,Brazil,"Chapada dos Guimaraes, Mato Grosso",-15.3333333333,-55.8333333333,C,0:16,call,ID certainty 95%. (Archiv. tape 371 side B track 33 seq. A),XC229053-Greater Rhea B 3.mp3,2005-07-20,..\data\amazonas_audio\XC229053-Rhea-americana.mp3,2005-07-20,16
108649,Rhea,americana,birds,Greater Rhea,Joao Menezes,Brazil,"Eldorado, Mato Grosso do Sul state",-23.8501,-54.2537,C,0:17,song,Very deep disyllabic song. Better heard with earphones (my laptop speaker can't even play it).,Rhea_americana_EMS120709_1438.mp3,2012-07-09,..\data\amazonas_audio\XC108649-Rhea-americana.mp3,2012-07-09,17
54183,Rhea,americana,birds,Greater Rhea,Juan Pablo Culasso,Uruguay,"Parque Lecocq, Paraje Santiago Vazquez, Montevideo",,,C,0:08,song,<a href=http://www.xeno-canto.org/graphics/conosur.jpg rel=lightbox>From Bird Sounds of Southern South America by Lopez-Lanus (2008)</a>,RHEA Greater_05_Parque Lecocq_Paraje Santiago Vazquez_Montevideo_UR_14SEP03_J Pablo Culasso.mp3,2003-09-14,..\data\amazonas_audio\XC54183-Rhea-americana.mp3,2003-09-14,8
51834,Rhea,americana,birds,Greater Rhea,Bernabe Lopez-Lanus,Argentina,"Estancia Las Cruces, Gualeguaychu, Entre Rios",,,C,0:05,song,<a href=http://www.xeno-canto.org/graphics/conosur.jpg rel=lightbox>From Bird Sounds of Southern South America by Lopez-Lanus (2008)</a>,RHEA Greater_03_Estancia Las Cruces_Gualeguaychu_Entre Rios_AR_3NOV01_Bernabe Lopez-Lanus.mp3,2001-03-11,..\data\amazonas_audio\XC51834-Rhea-americana.mp3,2001-03-11,5
37804,Rhea,americana,birds,Greater Rhea,Nunes D´Acosta,Brazil,Leopoldo de Bulhões - Goiás,-16.615631,-48.740501,C,0:01,song,"Margem esquerda do Rio dos Bois, plantação  de soja",EMA  EMA  MTZ XENO.mp3,2009-08-15,..\data\amazonas_audio\XC37804-Rhea-americana.mp3,2009-08-15,1
510934,Rhea,americana,birds,Greater Rhea,GABRIEL LEITE,Brazil,"Barra do Quaraí, Rio Grande do Sul",-30.2037,-57.5145,D,0:04,call,,XC510934-Rhea americana_espinilho_1241.mp3,2019-11-25,..\data\amazonas_audio\XC510934-Rhea-americana.mp3,2019-11-25,4
314181,Rhea,americana,birds,Greater Rhea,Rafael Martos Martins,Brazil,"Uberaba, Minas Gerais",-19.2797,-48.0278,D,0:02,song,,XC314181-Rhea americana_0630.mp3,2016-04-23,..\data\amazonas_audio\XC314181-Rhea-americana.mp3,2016-04-23,2
127143,Rhea,americana,birds,Greater Rhea,Lars Lachmann,Germany,east of Ratzeburger See,53.7688,10.7742,D,0:02,song,"booming song of a male bird. There is now a feral population of this species in northern Germany, counting about 120 adult birds. At the time of recording, 25 birds were feeding on a rapeseed field. The dominant males were booming once in a while, but hard to catch as only single calls are given.",XC127143-Rhea_20130216_142641_prepared.mp3,2013-02-16,..\data\amazonas_audio\XC127143-Rhea-americana.mp3,2013-02-16,2
482438,Rhea,americana,birds,Greater Rhea,JAYRSON ARAUJO DE OLIVEIRA,Brazil,"Santa Rita do Novo Destino, Goiás, Chácara Jayrson",-14.625,-49.0051,E,0:15,song,Gravação feita em borda de cerrado com pasto.,XC482438-Ema1 (Rhea americana-OK) 14-6-2019 6e59.mp3,2019-06-14,..\data\amazonas_audio\XC482438-Rhea-americana.mp3,2019-06-14,15
89244,Rhea,pennata,birds,Lesser Rhea,Andrew Spencer,Chile,"Estancia San Gregorio, XII Region",-52.571,-70.087,B,0:05,call,natural vocalization; calls from one of a trio of birds walking away from me as I was approaching them.,Lesser Rhea2011-10-16-1.mp3,2011-10-26,..\data\amazonas_audio\XC89244-Rhea-pennata.mp3,2011-10-26,5
543987,Rhea,pennata,birds,Lesser Rhea,Fabrice Schmitt,Chile,"Pali Aike road, San Gregorio region, XII región",-52.1898,-69.8011,C,0:12,call,calls of an excited bird coming towards the vehicle.,XC543987-Lesser Rhea_PaliAike_Cl_01nov2018_FSchmitt.mp3,2018-11-01,..\data\amazonas_audio\XC543987-Rhea-pennata.mp3,2018-11-01,12
389022,Apteryx,australis,birds,Southern Brown Kiwi,ZHANG Shen,New Zealand,"Ocean beach, Stewart Island, Southland District, Southland",-46.9705,168.1768,D,0:12,song,"Was recorded directly my a canon 5D mark III, and sound extracted with no other enhancement. Seen this bird on a guided tour, it was feeding before vocalization. I suppose this is a song as our guide told us it is showing its territory. It was on a open beach.
I started recording after it started, therefore only last ~third of the calls. 
",XC389022-kiwi.mp3,2017-09-26,..\data\amazonas_audio\XC389022-Apteryx-australis.mp3,2017-09-26,12
207312,Apteryx,australis,birds,Southern Brown Kiwi,Dan Lane,New Zealand,"Rakiura National Park (near  Stewart Island), Southland",-46.9464,168.1716,D,0:06,call,"Natural vocalizations from an unseen pair over the sound of breakers on beach. Shortly thereafter, two different birds were observed foraging on the beach, but probably these were not those that had vocalized. Poor quality.",XC207312-Apteryx australis141122_T1460.mp3,2014-11-22,..\data\amazonas_audio\XC207312-Apteryx-australis.mp3,2014-11-22,6
526191,Apteryx,mantelli,birds,North Island Brown Kiwi,James Lidster,New Zealand,"Te Tii, Far North District, Northland",-35.1503,174.0786,A,0:20,call,,XC526191-North Island Brown Kiwi Kerikeri 20200117 2230u MixPre-132.mp3,2020-01-17,..\data\amazonas_audio\XC526191-Apteryx-mantelli.mp3,2020-01-17,20
526190,Apteryx,mantelli,birds,North Island Brown Kiwi,James Lidster,New Zealand,"Te Tii, Far North District, Northland",-35.1503,174.0786,A,0:14,call,,XC526190-North Island Brown Kiwi Kerikeri 20200117 2230u MixPre-130.mp3,2020-01-17,..\data\amazonas_audio\XC526190-Apteryx-mantelli.mp3,2020-01-17,14
526192,Apteryx,mantelli,birds,North Island Brown Kiwi,James Lidster,New Zealand,"Te Tii, Far North District, Northland",-35.1503,174.0786,B,0:10,call,,XC526192-North Island Brown Kiwi Kerikeri 20200117 2230u MixPre-134.mp3,2020-01-17,..\data\amazonas_audio\XC526192-Apteryx-mantelli.mp3,2020-01-17,10
526188,Apteryx,mantelli,birds,North Island Brown Kiwi,James Lidster,New Zealand,"Te Tii, Far North District, Northland",-35.1503,174.0786,B,0:20,call,,XC526188-North Island Brown Kiwi Kerikeri 20200117 2230u MixPre-127.mp3,2020-01-17,..\data\amazonas_audio\XC526188-Apteryx-mantelli.mp3,2020-01-17,20
526186,Apteryx,mantelli,birds,North Island Brown Kiwi,James Lidster,New Zealand,"Te Tii, Far North District, Northland",-35.1503,174.0786,B,0:09,call,,XC526186-North Island Brown Kiwi Kerikeri 20200117 2230u MixPre-126.mp3,2020-01-17,..\data\amazonas_audio\XC526186-Apteryx-mantelli.mp3,2020-01-17,9
526185,Apteryx,mantelli,birds,North Island Brown Kiwi,James Lidster,New Zealand,"Te Tii, Far North District, Northland",-35.1503,174.0786,B,0:18,call,,XC526185-North Island Brown Kiwi Kerikeri 20200117 2230u MixPre-125.mp3,2020-01-17,..\data\amazonas_audio\XC526185-Apteryx-mantelli.mp3,2020-01-17,18
956516,Apteryx,mantelli,birds,North Island Brown Kiwi,Meena Haribal,New Zealand,"Tawharanui Regional Park (near  Tāwharanui Peninsula), Auckland, Auckland",-36.3707,174.8278,C,0:15,call,An unidied bird in the sound other than a kiwi,XC956516-210102_013-nibrki-mars.wav,2024-10-09,..\data\amazonas_audio\XC956516-Apteryx-mantelli.wav,2024-10-09,15
525927,Apteryx,mantelli,birds,North Island Brown Kiwi,James Lidster,New Zealand,"Te Tii, Far North District, Northland",-35.1503,174.0786,C,0:09,call,,XC525927-Northern Brown Kiwi Kerikeri 20200117 2130u.mp3,2020-01-17,..\data\amazonas_audio\XC525927-Apteryx-mantelli.mp3,2020-01-17,9
525926,Apteryx,mantelli,birds,North Island Brown Kiwi,James Lidster,New Zealand,"Te Tii, Far North District, Northland",-35.1503,174.0786,C,0:04,call,,XC525926-Northern Brown Kiwi Kerikeri 20200117 2130.mp3,2020-01-17,..\data\amazonas_audio\XC525926-Apteryx-mantelli.mp3,2020-01-17,4
356323,Apteryx,rowi,birds,Okarito Kiwi,Ralf Wendt,New Zealand,"Okarito, Westland District, West Coast",-43.23,170.1819,A,0:19,call,,XC356323-Okarito_Kiwi3.mp3,2016-12-26,..\data\amazonas_audio\XC356323-Apteryx-rowi.mp3,2016-12-26,19
356321,Apteryx,rowi,birds,Okarito Kiwi,Ralf Wendt,New Zealand,"Okarito, Westland District, West Coast",-43.23,170.1819,A,0:17,call,,XC356321-Okarito_Kiwi.mp3,2016-12-26,..\data\amazonas_audio\XC356321-Apteryx-rowi.mp3,2016-12-26,17
311777,Apteryx,rowi,birds,Okarito Kiwi,Jonas Kotlarz,New Zealand,"Okarito, Westland District, West Coast",-43.2508,170.1985,A,0:13,call,,XC311777-017A_160214_1024.mp3,2016-02-13,..\data\amazonas_audio\XC311777-Apteryx-rowi.mp3,2016-02-13,13
236298,Apteryx,rowi,birds,Okarito Kiwi,Johannes Fischer,New Zealand,"Okarito, Westland District, West Coast",-43.246,170.2142,C,0:05,"call, song",Unfortunately only part of the call...,XC236298-Okarito Brown Kiwi.mp3,2015-04-07,..\data\amazonas_audio\XC236298-Apteryx-rowi.mp3,2015-04-07,5
182608,Apteryx,owenii,birds,Little Spotted Kiwi,nick talbot,New Zealand,Tiritiri Matangi Island ,-36.601,174.8903,B,0:16,call,A bird calling at night.,XC182608-2012_11_19 Apteryx owenii.mp3,2012-11-19,..\data\amazonas_audio\XC182608-Apteryx-owenii.mp3,2012-11-19,16
952953,Apteryx,owenii,birds,Little Spotted Kiwi,Meena Haribal,New Zealand,"Whangaparāoa, Auckland",-36.605,174.8983,C,0:10,song,This was a second Kiwi or may be it had moved a fair bit. It was further away. So lowpass filter has been used. ,XC952953-241009-0230-second-kiwi.wav,2024-10-09,..\data\amazonas_audio\XC952953-Apteryx-owenii.wav,2024-10-09,10
215249,Apteryx,owenii,birds,Little Spotted Kiwi,Johannes Fischer,New Zealand,"Wellington, Wellington City, Wellington",-41.2947,174.75,D,0:20,call,Sniffing and sneezing-like noizes,XC215249-Little Spotted Kiwi.mp3,2015-03-01,..\data\amazonas_audio\XC215249-Apteryx-owenii.mp3,2015-03-01,20
114337,Apteryx,haastii,birds,Great Spotted Kiwi,George Wagner,New Zealand,"Bullock Creek Road, Paparoa National Park, Buller District, West Coast",-42.0973,171.4043,C,0:14,call,"Female bird, first few notes missed at beginning of call","XC114337-Kiwi, Great Spotted2.mp3",2012-11-25,..\data\amazonas_audio\XC114337-Apteryx-haastii.mp3,2012-11-25,14
404787,Casuarius,casuarius,birds,Southern Cassowary,Phil Gregory,Australia,"Kuranda, Mareeba Shire, Queensland",-16.8034,145.6362,B,0:12,alarm call,"The male was with his 3 chicks 7 month old when the female appeared and they became quite antagonistic to each other, she followed him and he ran off grunting loudly.  This will be a prelude to mating in a month or so","XC404787-Cassowary male grunting, chased by f Mar 2 CH PG1436.mp3",2018-04-02,..\data\amazonas_audio\XC404787-Casuarius-casuarius.mp3,2018-04-02,12
158488,Casuarius,casuarius,birds,Southern Cassowary,Fernand Deroussen,Australia,"Lake Eacham, Queensland",-17.2834,145.6175,B,0:20,song,Very bass frequency,XC158488-2011110205_1841_Casuarius casuarius_chant_FD.mp3,2011-11-02,..\data\amazonas_audio\XC158488-Casuarius-casuarius.mp3,2011-11-02,20
140150,Casuarius,casuarius,birds,Southern Cassowary,Phil Gregory,Australia,"Cassowary House, Kuranda, Queensland, Australia",-16.805,145.635,B,0:15,call,"The male and female were close by and every time she came close he gave this call, one of the pre-mating ones and not the usual deep slow ""uh uh uh"" booming",XC140150-Southern Cassowary m.mp3,2013-06-27,..\data\amazonas_audio\XC140150-Casuarius-casuarius.mp3,2013-06-27,15
132934,Casuarius,casuarius,birds,Southern Cassowary,Marc Anderson,Australia,Helensburgh,,,B,0:17,song,Bowed head down and inflated throat while emitting this call at exceptionally low-frequency <100hz . You'll need to have decent speakers or headphones to hear it well. Captive bird.,XC132934-cassowary.mp3,2013-05-08,..\data\amazonas_audio\XC132934-Casuarius-casuarius.mp3,2013-05-08,17
482590,Casuarius,casuarius,birds,Southern Cassowary,Marc Anderson,Australia,"Wallaman Falls Rd, Girringun National Park, Queensland",-18.6131,145.8339,C,0:19,song,Two deep vibrating booms of extremely low frequency <100hz.. You'll need decent headphones or speakers to hear this call well. Captured on remote microphones.,XC482590-Cassowary_Southern_MX337_Girringun_Track_Dawn_8thSep18.mp3,2018-09-08,..\data\amazonas_audio\XC482590-Casuarius-casuarius.mp3,2018-09-08,19
337534,Casuarius,casuarius,birds,Southern Cassowary,Marc Anderson,Australia,"Daintree National Park (near  Kimberley), Queensland",-16.2423,145.4371,C,0:17,song,Four deep vibrating booms of extremely low frequency <100hz.. You'll need decent headphones or speakers to hear this call well. Captured on remote microphones.,XC337534-southern-cassowary-dnp1.mp3,2015-11-21,..\data\amazonas_audio\XC337534-Casuarius-casuarius.mp3,2015-11-21,17
335574,Casuarius,casuarius,birds,Southern Cassowary,Phil Gregory,Australia,"Cassowary House, Kuranda, Queensland, Australia",-16.805,145.635,C,0:05,alarm call,"The pair of Cassowary were mating by the pond, a process which took about 2 minutes from the preliminary treading to the mating, then as usual the female leapt up and chased the male, who crashed off grunting- you can hear the crashing away and the grunts here",XC335574-Southern Cassowary male grunts post-mating 19 Sept 0800 PG1060.mp3,2016-09-19,..\data\amazonas_audio\XC335574-Casuarius-casuarius.mp3,2016-09-19,5
143430,Casuarius,casuarius,birds,Southern Cassowary,Phil Gregory,Australia,"Cassowary House, Kuranda, Queensland, Australia",-16.805,145.635,C,0:02,alarm call,"This juvenile is now 10 months old and has been on its own for some 2 months; today it was being chased by the big female, this is the anxiety call just before the female drove it away.",XC143430-Southern Cassowary Juv 2 24:7:13PG.mp3,2010-07-24,..\data\amazonas_audio\XC143430-Casuarius-casuarius.mp3,2010-07-24,2
524398,Casuarius,bennetti,birds,Dwarf Cassowary,Todd Mark,Papua New Guinea,"Berema, Milne Bay Province",-9.9844,149.732,B,0:09,"alarm call, threat display of pet cassowary in enclosed pen., juve","Pet dwarf cassowary kept in pen in village. When this sound was made, it bowed its head and clapped its bill.",XC524398-DwarfCassowary1.mp3,2019-09-19,..\data\amazonas_audio\XC524398-Casuarius-bennetti.mp3,2019-09-19,9
590323,Casuarius,bennetti,birds,Dwarf Cassowary,Scott Connop,Papua New Guinea,"Varirata NP picnic site, Kairuku-Hiri, Central Province",-9.4369,147.3692,C,0:15,alarm call,Bird grunted at us while feeding and starting to walk away.,XC590323-Dwarf Cassowary SEPT 29 1993 ed.mp3,1993-09-29,..\data\amazonas_audio\XC590323-Casuarius-bennetti.mp3,1993-09-29,15
209609,Casuarius,unappendiculatus,birds,Northern Cassowary,Frank Lambert,Indonesia,"Nimbokrang, Papua",-2.5831,140.1608,B,0:07,call,,XC209609-Casuarius_unappendiculatus-FL X Nimbokrang 28Jul14 7.42am LS116137b.mp3,2013-07-28,..\data\amazonas_audio\XC209609-Casuarius-unappendiculatus.mp3,2013-07-28,7
132935,Dromaius,novaehollandiae,birds,Emu,Marc Anderson,Australia,"Helensburgh, NSW",,,A,0:10,"call, drumming",Low frequency drumming call,XC132935-emu.mp3,2013-05-08,..\data\amazonas_audio\XC132935-Dromaius-novaehollandiae.mp3,2013-05-08,10
577709,Dromaius,novaehollandiae,birds,Emu,Martin Cake,Australia,"Donnelly River, Shire of Nannup, Western Australia",-34.1047,115.9746,B,0:12,begging call,"Begging-type call of a juvenile, approx 1m tall",XC577709-emu chick.mp3,2020-07-17,..\data\amazonas_audio\XC577709-Dromaius-novaehollandiae.mp3,2020-07-17,12
343777,Dromaius,novaehollandiae,birds,Emu,Greg McLachlan,Australia,"Cunnamulla, Paroo Shire, Queensland",-27.9687,145.5428,B,0:03,call,Low grunts made by a pair of independent immature Emu.,XC343777-GMCLAC_1892-Emu.mp3,2016-09-04,..\data\amazonas_audio\XC343777-Dromaius-novaehollandiae.mp3,2016-09-04,3
171789,Dromaius,novaehollandiae,birds,Emu,Marc Anderson,Australia,"Euabalong, New South Wales",-32.9494,146.1216,B,0:09,"call, drumming",Low frequency non-vocal drum notes,XC171789-emu5.mp3,2013-10-10,..\data\amazonas_audio\XC171789-Dromaius-novaehollandiae.mp3,2013-10-10,9
113130,Dromaius,novaehollandiae,birds,Emu,Simon Elliott,Australia,"Mareeba Wetland Reserve, Queensland",-16.9226,145.3617,B,0:18,"begging call, call",grunt of male with piping begging call of 6 young,XC113130-Emu.mp3,2009-09-07,..\data\amazonas_audio\XC113130-Dromaius-novaehollandiae.mp3,2009-09-07,18
326393,Dromaius,novaehollandiae,birds,Emu,Pieter de Groot Boersma,Australia,"Biboohra, Mareeba Shire, Queensland",-16.9156,145.3812,C,0:08,call, A bird emitting drumming and grunt calls while walking past.,XC326393-Emu AUDIO.mp3,2015-12-15,..\data\amazonas_audio\XC326393-Dromaius-novaehollandiae.mp3,2015-12-15,8
243487,Dromaius,novaehollandiae,birds,Emu,Jeremy Hegge,Australia,"Mungo National Park, New South Wales",-33.7087,143.0288,C,0:13,"call, drumming",You will need speakers or headphones with decent bass response to hear these low frequency vocal drums. Recording amplified significantly. Frequencies above 2600kHz reduced by 6.5db.,XC243487-Emu.mp3,2015-05-04,..\data\amazonas_audio\XC243487-Dromaius-novaehollandiae.mp3,2015-05-04,13
233817,Dromaius,novaehollandiae,birds,Emu,Marc Anderson,Australia,"The Pilliga, New South Wales",-30.7838,149.2884,C,0:09,call,Grunts,XC233817-emu-pilliga-grunts2.mp3,2015-03-30,..\data\amazonas_audio\XC233817-Dromaius-novaehollandiae.mp3,2015-03-30,9
1044945,Tinamus,tao,birds,Grey Tinamou,JAYRSON ARAUJO DE OLIVEIRA,Brazil,"Ponte dos incapazes, Porto Velho, Rondônia",-9.0875,-64.0228,A,0:06,call,,XC1044945-22-09-2015-9e32-Azulona-PORTO-VELHO.mp3,2025-09-22,..\data\amazonas_audio\XC1044945-Tinamus-tao.mp3,2025-09-22,6
3145,Tinamus,tao,birds,Grey Tinamou,A. Bennett Hennessey,Bolivia,"Serranía Cuchilla, Pilón Lajas Biosphere Reserve, Beni",-15.25,-67.167,A,0:04,"song, a single song",At about 900 m. cd:http://www.birdsongs.com/Bolivia/main.htm,2374/10c.mp3,1998-10-22,..\data\amazonas_audio\XC3145-Tinamus-tao.mp3,1998-10-22,4
816988,Tinamus,tao,birds,Grey Tinamou,JAYRSON ARAUJO DE OLIVEIRA,Brazil,"Estreito, Maranhão Fazenda Monte pio",-6.7131,-47.017,B,0:03,call,,XC816988-08-07-2023-16e39-Azulona-ESTREITO.mp3,2023-07-08,..\data\amazonas_audio\XC816988-Tinamus-tao.mp3,2023-07-08,3
755231,Tinamus,tao,birds,Grey Tinamou,JAYRSON ARAUJO DE OLIVEIRA,Brazil,"Sinop, Cascalheiras - Mato Grosso",-11.7519,-55.638,B,0:04,call,,XC755231-22-09-2022-11e9-Azulona-BOA-TASCAN.mp3,2022-09-22,..\data\amazonas_audio\XC755231-Tinamus-tao.mp3,2022-09-22,4
755226,Tinamus,tao,birds,Grey Tinamou,JAYRSON ARAUJO DE OLIVEIRA,Brazil,"Sinop, Cascalheiras - Mato Grosso",-11.7519,-55.638,B,0:12,call,,XC755226-22-09-2022-10e43-Azulona.mp3,2022-09-22,..\data\amazonas_audio\XC755226-Tinamus-tao.mp3,2022-09-22,12
708505,Tinamus,tao,birds,Grey Tinamou,Richard E. Webster,Bolivia,"Refugio Volcanes, Samaipata, Florida, Santa Cruz Department",-18.1051,-63.5983,B,0:08,song,,XC708505-TINAMOU_Gray 1x Los Volcanes 1100m 112421 1005.mp3,2021-11-24,..\data\amazonas_audio\XC708505-Tinamus-tao.mp3,2021-11-24,8
564679,Tinamus,tao,birds,Grey Tinamou,Dante Buzzetti,Brazil,"Parque Estadual Chandless, Santa Rosa do Purus, Acre",-9.4571,-70.4332,B,0:06,song,"DCB 626-3e, two individuals singing",XC564679-Tinamus tao DCB 626-3e.mp3,2008-08-04,..\data\amazonas_audio\XC564679-Tinamus-tao.mp3,2008-08-04,6
557618,Tinamus,tao,birds,Grey Tinamou,Dante Buzzetti,Brazil,"Parque Estadual Chandless, Santa Rosa do Purus, Acre",-9.4571,-70.4332,B,0:20,song,DCB 625-16d,XC557618-Tinamus tao DCB 625-16d.mp3,2008-08-04,..\data\amazonas_audio\XC557618-Tinamus-tao.mp3,2008-08-04,20
497975,Tinamus,tao,birds,Grey Tinamou,Dante Buzzetti,Brazil,"Parque Estadual Chandless, Santa Rosa do Purus, Acre",-9.4462,-70.4362,B,0:05,song,DCB 622-3Ac,XC497975-Tinamus tao DCB 622-3Ac.mp3,2008-08-03,..\data\amazonas_audio\XC497975-Tinamus-tao.mp3,2008-08-03,5
289850,Tinamus,tao,birds,Grey Tinamou,Yoann BLANCHON,Bolivia,"Florida, Santa Cruz",-18.1005,-63.5936,B,0:05,song,"ZOOM H2n, high pass filter",XC289850-150827-225905_Tinamus tao_exp.mp3,2015-08-27,..\data\amazonas_audio\XC289850-Tinamus-tao.mp3,2015-08-27,5
231253,Tinamus,tao,birds,Grey Tinamou,Peter Boesman,Venezuela,"Nirgua area, San Felipe",10.25,-68.5,B,0:09,call,ID certainty 100%. (Archiv. tape 511 side A track 124 seq. A),XC231253-Gray Tinamou A 12.mp3,2007-08-15,..\data\amazonas_audio\XC231253-Tinamus-tao.mp3,2007-08-15,9
157425,Tinamus,tao,birds,Grey Tinamou,Cid Espínola,Brazil,"Santo Antônio do Leverger, Mato Grosso",-15.8555,-56.0704,B,0:12,song,,XC157425-1210_181722_Tinamus_tao_Santo_Antonio_do_Leverger.mp3,2013-12-10,..\data\amazonas_audio\XC157425-Tinamus-tao.mp3,2013-12-10,12
3119,Tinamus,tao,birds,Grey Tinamou,A. Bennett Hennessey,Bolivia,"Serranías Beu & Chepete,  Pilón Lajas Biosphere R., La Paz",-15.1,-67.533,B,0:12,"song, a single song.",Is answered in the distance.  At 1000 m. LNS #101676. cd:http://www.birdsongs.com/Bolivia/main.htm,2372/01.mp3,1998-09-22,..\data\amazonas_audio\XC3119-Tinamus-tao.mp3,1998-09-22,12
953398,Tinamus,tao,birds,Grey Tinamou,Ricardo José Mitidieri,Brazil,"Reserva Cunhataí Porã, Mato Grosso",-13.7774,-56.6626,C,0:05,song,,XC953398-2024-11-19-15_20-azulona-mp3.mp3,2024-11-19,..\data\amazonas_audio\XC953398-Tinamus-tao.mp3,2024-11-19,5
840280,Tinamus,tao,birds,Grey Tinamou,Jerome Fischer,Peru,"Quebrada Mishquiyacu, Moyobamba, San Martin",-6.0792,-76.9762,C,0:03,song,,"XC840280-Grey-Tinamou,-song,-Moyobamba,-231103-002_053635.wav",2023-11-03,..\data\amazonas_audio\XC840280-Tinamus-tao.wav,2023-11-03,3
483178,Tinamus,tao,birds,Grey Tinamou,GABRIEL LEITE,Brazil,"Novo Progresso, State of Pará",-9.28,-55.8315,C,0:03,song,,XC483178-Tinamus tao_Rio Azul_1032.mp3,2019-06-18,..\data\amazonas_audio\XC483178-Tinamus-tao.mp3,2019-06-18,3
460667,Tinamus,tao,birds,Grey Tinamou,PABLO ANDRADE,Ecuador,Parque Nacional Podocarpus - Río Bombuscaro (Zamora Chinchipe),-4.1146,-78.9648,C,0:03,song,,XC460667-GRAY TINAMOU.MP3,2004-02-17,..\data\amazonas_audio\XC460667-Tinamus-tao.mp3,2004-02-17,3
395760,Tinamus,tao,birds,Grey Tinamou,GABRIEL LEITE,Brazil,Reserva Biologica do Gurupi,-3.8141,-46.8045,C,0:07,song,,XC395760-Tinamus tao_Gurupi_1092.mp3,2017-12-09,..\data\amazonas_audio\XC395760-Tinamus-tao.mp3,2017-12-09,7
330075,Tinamus,tao,birds,Grey Tinamou,Rodrigo Dela Rosa,Brazil,"Sinop, Mato Grosso",-11.7523,-55.6349,C,0:07,song,,XC330075-Tinamus tao.mp3,2016-08-01,..\data\amazonas_audio\XC330075-Tinamus-tao.mp3,2016-08-01,7
318740,Tinamus,tao,birds,Grey Tinamou,Fabrice Schmitt,Colombia,"RNA El Dorado, Sierra de Santa Marta, Magdalena",11.1009,-74.072,C,0:19,song,,XC318740-Grey Tinamou_ElDorado_Co_19fev2016_Fschmitt_2.mp3,2016-02-19,..\data\amazonas_audio\XC318740-Tinamus-tao.mp3,2016-02-19,19
231259,Tinamus,tao,birds,Grey Tinamou,Peter Boesman,Venezuela,"La Mision Limestone hills, Falcon",10.85,-68.55,C,0:06,"call, long call",ID certainty 90%. (Archiv. tape 52 side A track 24 seq. A),XC231259-Gray Tinamou C 7.mp3,1997-02-01,..\data\amazonas_audio\XC231259-Tinamus-tao.mp3,1997-02-01,6
231256,Tinamus,tao,birds,Grey Tinamou,Peter Boesman,Venezuela,"Palmichal area, Carabobo",10.35,-68.2,C,0:08,call,ID certainty 90%. (Archiv. tape 171 side B track 1 seq. B),XC231256-Gray Tinamou C 10.mp3,2003-07-22,..\data\amazonas_audio\XC231256-Tinamus-tao.mp3,2003-07-22,8
231260,Tinamus,tao,birds,Grey Tinamou,Peter Boesman,Venezuela,"La Mision Limestone hills, Falcon",10.85,-68.55,D,0:03,call,ID certainty 90%. (Archiv. tape 52 side A track 24 seq. B),XC231260-Gray Tinamou E 8.mp3,1997-02-01,..\data\amazonas_audio\XC231260-Tinamus-tao.mp3,1997-02-01,3
174540,Tinamus,tao,birds,Grey Tinamou,João Antônio de B. Vitto,Brazil,"Santo Antônio do Leverger, Santo Antônio do Leverger, Mato Grosso",-15.8628,-56.0792,D,0:01,song,,XC174540-AZULONA 2 - SANTO ANTONIO DO LEVERGER - 10-12-13.mp3,2013-12-10,..\data\amazonas_audio\XC174540-Tinamus-tao.mp3,2013-12-10,1
125694,Tinamus,tao,birds,Grey Tinamou,Christian B. Andretti,Brazil,Almeirim/Pará,-1.095,-52.653,D,0:02,song,Mata de terra firme.,XC125694-Tinamus tao.mp3,2008-09-29,..\data\amazonas_audio\XC125694-Tinamus-tao.mp3,2008-09-29,2
17677,Tinamus,tao,birds,Grey Tinamou,Sidnei Dantas,Brazil,"Tucuruí dam, right bank of the lake",-4.2326,-49.4117,D,0:19,"song, tremulous song",,Tinamus tao canto tremulado t 8 pt 4 24.11.2006.mp3,2006-11-24,..\data\amazonas_audio\XC17677-Tinamus-tao.mp3,2006-11-24,19
1035574,Tinamus,tao,birds,Grey Tinamou,JAYRSON ARAUJO DE OLIVEIRA,Brazil,"Santa Fé do Araguaia, Santa Fé do Araguaia, Tocantins",-7.1545,-48.6915,E,0:05,call,,XC1035574-21-08-2025-5e43-Azulona-SANTA-FE.mp3,2025-08-21,..\data\amazonas_audio\XC1035574-Tinamus-tao.mp3,2025-08-21,5
755016,Tinamus,tao,birds,Grey Tinamou,JAYRSON ARAUJO DE OLIVEIRA,Brazil,"Sinop, Mato Grosso, Estrada Clotilde",-11.586,-55.3988,E,0:02,call,,XC755016-20-09-2022-17e12-AzulonaB-TASCAN.mp3,2022-09-20,..\data\amazonas_audio\XC755016-Tinamus-tao.mp3,2022-09-20,2
125695,Tinamus,tao,birds,Grey Tinamou,Christian B. Andretti,Brazil,Almeirim/Pará,-1.095,-52.653,E,0:01,song,Mata de Terra firme,XC125695-Tinamus tao_2.mp3,2008-09-29,..\data\amazonas_audio\XC125695-Tinamus-tao.mp3,2008-09-29,1
1050604,Tinamus,solitarius,birds,Solitary Tinamou,Joost van Bruggen,Brazil,"Pousada Salve Floresta, Tapirai, São Paulo",-24.0,-47.4523,A,0:06,song,,"XC1050604-Solitary-Tinamou,-song,-Pousada-Salve-Floresta,-Brazil,-170825,-1653-uur.mp3",2025-08-17,..\data\amazonas_audio\XC1050604-Tinamus-solitarius.mp3,2025-08-17,6
55899,Tinamus,solitarius,birds,Solitary Tinamou,Myriam Velazquez,Paraguay,"Santa Rosa, Caaguazu",,,A,0:07,song,<a href=http://www.xeno-canto.org/graphics/conosur.jpg rel=lightbox>From Bird Sounds of Southern South America by Lopez-Lanus (2008)</a>,TINAMOU Solitary_07_Santa Rosa_Caaguazu_PY_7SEP02_Myriam Velazquez.mp3,2002-09-07,..\data\amazonas_audio\XC55899-Tinamus-solitarius.mp3,2002-09-07,7
1053048,Tinamus,solitarius,birds,Solitary Tinamou,JAYRSON ARAUJO DE OLIVEIRA,Brazil,"FLONA de São Francisco de Paula, Rio Grande do Sul",-29.4244,-50.3875,B,0:05,call,,XC1053048-06-11-2025-10e34-Macuco-SAO-FRANCISCO-DE-PAULA.mp3,2025-11-06,..\data\amazonas_audio\XC1053048-Tinamus-solitarius.mp3,2025-11-06,5
1027110,Tinamus,solitarius,birds,Solitary Tinamou,Marcio Motta,Brazil,"Ilhabela, São Paulo",-23.8437,-45.3369,B,0:03,call,,XC1027110-250805_0087_Tinamus_solitarius.wav,2025-08-05,..\data\amazonas_audio\XC1027110-Tinamus-solitarius.wav,2025-08-05,3
810505,Tinamus,solitarius,birds,Solitary Tinamou,Nunes D´Acosta,Brazil,"Altamiro de Moura Pacheco State Park, Goianápolis, State of Goiás",-16.5434,-49.1361,B,0:18,"call, song","-16.5434, -49.1361 - Quase no início  da noite - Durante  a procura de um registro do  bacurau-ocelado ( Nyctiphrynus ocellatus) expontaneamente  macho e fêmea vocalizou dentro das profundas e intransponíveis grotas  das serras  do parque.  Em  08 de março de 2007, antes  da barragem do ribeirão João Leite  fechar suas comportas, esta espécie  foi registrada chocando seus ovos no norte do parque, margem direita do  João Leite. ",XC810505-TASCAM_5481S12.mp3,2023-06-16,..\data\amazonas_audio\XC810505-Tinamus-solitarius.mp3,2023-06-16,18
715527,Tinamus,solitarius,birds,Solitary Tinamou,Nunes D´Acosta,Brazil,"Altamiro de Moura Pacheco State Park, Goianápolis, State of Goiás",-16.5662,-49.2128,B,0:02,song,"-16.518275, -49.138778   -  Semana  Santa  -  Manhã de Domingo de muita chuva - Indivíduo solitário vocalizando pelas  grotas. Ave  de  extrema  raridade  na área -  Falei   das gravaçoes  e  registros  fotográficos  para o cientista  José Hidasi - Ficamos de marcar uma expedição na área. Com o Professor  Milton  da PUC GOiás  durante  um dia de  campo  dos calouros  de biologia.",XC715527-TINAMOUS  SOLITARIUS  Altamiro.mp3,2008-03-16,..\data\amazonas_audio\XC715527-Tinamus-solitarius.mp3,2008-03-16,2
660666,Tinamus,solitarius,birds,Solitary Tinamou,JAYRSON ARAUJO DE OLIVEIRA,Brazil,"Goiânia, Goiânia, Goiás",-16.645,-49.2343,B,0:04,call,"In the first second there is a call. Ignore the song of Synallaxis scutata. 

I think it's a Macuco song  (Tinamus solitarius) but for extraordinary affirmations you have to have extraordinary confirmations.

Após confirmação com o proprietário da fazenda que há tempos tem conhecimento do macuco em sua propriedade acredito que realmente tenha gravado essa espécie em Goiânia.",XC660666-01-07-2021 11e4 ICOGNITA MACUCO.mp3,2021-07-02,..\data\amazonas_audio\XC660666-Tinamus-solitarius.mp3,2021-07-02,4
619043,Tinamus,solitarius,birds,Solitary Tinamou,Lia Nahomi Kajiki,Brazil,"Tapiraí, São Paulo",-24.03,-47.3516,B,0:10,song,"ID 100% certain; Reserva Legado das Águas, Cambuci trail; bird singing from the ground, ca. 4m from mic; Recording and other sightings at: https://ebird.org/checklist/S79714699",XC619043-210122-064256 Tinamus solitarius.mp3,2021-01-22,..\data\amazonas_audio\XC619043-Tinamus-solitarius.mp3,2021-01-22,10
613866,Tinamus,solitarius,birds,Solitary Tinamou,Dante Buzzetti,Brazil,"Estação Ecológica de Murici, Murici, Alagoas",-9.2107,-35.8789,B,0:05,song,DCB 748-7,XC613866-Tinamus solitarius DCB 748-7.mp3,2018-03-29,..\data\amazonas_audio\XC613866-Tinamus-solitarius.mp3,2018-03-29,5
595109,Tinamus,solitarius,birds,Solitary Tinamou,Dante Buzzetti,Brazil,"Estação Ecológica de Murici, Murici, Alagoas",-9.2144,-35.8726,B,0:19,song,"DCB 741-6, after imitation",XC595109-Tinamus solitarius DCB 741-6.mp3,2017-11-02,..\data\amazonas_audio\XC595109-Tinamus-solitarius.mp3,2017-11-02,19
552958,Tinamus,solitarius,birds,Solitary Tinamou,Rodrigo Dela Rosa,Brazil,"Estrada dos tucanos, Paraibuna, São Paulo",-23.5813,-45.492,B,0:13,call,Gravado na borda de um grande remanescente de floresta atlântica em floresta secundária em estágio avancado de regeneração.,XC552958-Tinamus solitarius.mp3,2020-04-28,..\data\amazonas_audio\XC552958-Tinamus-solitarius.mp3,2020-04-28,13
505069,Tinamus,solitarius,birds,Solitary Tinamou,Ricardo José Mitidieri,Brazil,"Brejal, Bananal, São Paulo",-22.8588,-44.4714,B,0:02,song,,XC505069-STE-017 macuco xc.mp3,2019-10-29,..\data\amazonas_audio\XC505069-Tinamus-solitarius.mp3,2019-10-29,2
278337,Tinamus,solitarius,birds,Solitary Tinamou,Roney Souza,Brazil,"Marliéria, Marliéria, Minas Gerais",-19.7114,-42.7367,B,0:17,song,,XC278337-Tinamus noctivagus.mp3,2015-09-07,..\data\amazonas_audio\XC278337-Tinamus-solitarius.mp3,2015-09-07,17
278336,Tinamus,solitarius,birds,Solitary Tinamou,Roney Souza,Brazil,"Marliéria, Marliéria, Minas Gerais",-19.7114,-42.7367,B,0:05,song,,XC278336-T solitarius.mp3,2015-09-07,..\data\amazonas_audio\XC278336-Tinamus-solitarius.mp3,2015-09-07,5
55897,Tinamus,solitarius,birds,Solitary Tinamou,Myriam Velazquez,Paraguay,"Reserva Biologica Itabo, Alto Parana",-25.028995,-54.681702,B,0:07,song,<a href=http://www.xeno-canto.org/graphics/conosur.jpg rel=lightbox>From Bird Sounds of Southern South America by Lopez-Lanus (2008)</a>,TINAMOU Solitary_02_Reserva Biologica Itabo_Alto Parana_PY_5SEP00_Myriam Velazquez.mp3,2000-09-05,..\data\amazonas_audio\XC55897-Tinamus-solitarius.mp3,2000-09-05,7
55896,Tinamus,solitarius,birds,Solitary Tinamou,Myriam Velazquez,Paraguay,"Reserva Biologica Itabo, Alto Parana",-25.028995,-54.681702,B,0:07,song,<a href=http://www.xeno-canto.org/graphics/conosur.jpg rel=lightbox>From Bird Sounds of Southern South America by Lopez-Lanus (2008)</a>,TINAMOU Solitary_01_Reserva Biologica Itabo_Alto Parana_PY_5SEP00_Myriam Velazquez.mp3,2000-09-05,..\data\amazonas_audio\XC55896-Tinamus-solitarius.mp3,2000-09-05,7
4273,Tinamus,solitarius,birds,Solitary Tinamou,Bob Planqué,Brazil,"Parque do Zizo, Sao Paulo State",-24.017146,-47.81044,B,0:06,song,full song (short song is single fluting note),Solitary_Tinamu_Zizo-1-63.mp3,2005-11-19,..\data\amazonas_audio\XC4273-Tinamus-solitarius.mp3,2005-11-19,6
614772,Tinamus,solitarius,birds,Solitary Tinamou,Dante Buzzetti,Brazil,"Estação Ecológica de Murici, Murici, Alagoas",-9.2193,-35.8804,C,0:07,song,DCB 753-7f,XC614772-Tinamus solitarius DCB 753-7f.mp3,2019-02-24,..\data\amazonas_audio\XC614772-Tinamus-solitarius.mp3,2019-02-24,7
549355,Tinamus,solitarius,birds,Solitary Tinamou,Bernabe Lopez-Lanus,Argentina,"Forestal Belga (Cruce Caballero), San Pedro, Misiones",-26.5723,-53.8018,C,0:05,song,"BLL535-50  ""AVES ARGENTINAS/AOP Inventario"" ",XC549355-0095 BLL535-50 Tinamus solitarius.mp3,2019-10-19,..\data\amazonas_audio\XC549355-Tinamus-solitarius.mp3,2019-10-19,5
527911,Tinamus,solitarius,birds,Solitary Tinamou,Dante Buzzetti,Brazil,"Estação Ecológica de Murici, Murici, Alagoas",-9.2119,-35.8731,C,0:13,song,DCB 575-15d,XC527911-Tinamus solitarius DCB 575-15d.mp3,2007-04-16,..\data\amazonas_audio\XC527911-Tinamus-solitarius.mp3,2007-04-16,13
472076,Tinamus,solitarius,birds,Solitary Tinamou,Ricardo Gagliardi,Brazil,Sertão de Mambucaba - Angra dos Reis - RJ,-23.012,-44.5351,C,0:07,call,,XC472076-Tinamus_solitarius-545378.mp3,2011-12-27,..\data\amazonas_audio\XC472076-Tinamus-solitarius.mp3,2011-12-27,7
340067,Tinamus,solitarius,birds,Solitary Tinamou,Roney Souza,Brazil,"Bandeira, Minas Gerais",-15.8788,-40.5625,C,0:06,song,,XC340067-HJCP033.mp3,2016-09-30,..\data\amazonas_audio\XC340067-Tinamus-solitarius.mp3,2016-09-30,6
231250,Tinamus,solitarius,birds,Solitary Tinamou,Peter Boesman,Brazil,"Intervales National Park, Sao Paulo",-24.3333333333,-48.4166666667,C,0:03,song,ID certainty 90%. (Archiv. tape 332 side A track 22 seq. A),XC231250-Solitary Tinamou D 16.mp3,2004-08-06,..\data\amazonas_audio\XC231250-Tinamus-solitarius.mp3,2004-08-06,3
198702,Tinamus,solitarius,birds,Solitary Tinamou,Roney Assis Souza,Brazil,"Ipaba, Ipaba, Minas Gerais",-19.4163,-42.4143,C,0:08,song,,XC198702-Tinamus.mp3,2014-10-04,..\data\amazonas_audio\XC198702-Tinamus-solitarius.mp3,2014-10-04,8
188288,Tinamus,solitarius,birds,Solitary Tinamou,William Zaca,Brazil," São Miguel Arcanjo, São Paulo",-23.8787,-47.994,C,0:05,song,,XC188288-Tinamus solitarius.mp3,2014-03-04,..\data\amazonas_audio\XC188288-Tinamus-solitarius.mp3,2014-03-04,5
187295,Tinamus,solitarius,birds,Solitary Tinamou,Marcos Melo,Brazil,"APA Capivari Monos, São Paulo, SP",-23.9557,-46.6503,C,0:09,call,,XC187295-Tinamus solitarius APA.mp3,2010-01-08,..\data\amazonas_audio\XC187295-Tinamus-solitarius.mp3,2010-01-08,9
173433,Tinamus,solitarius,birds,Solitary Tinamou,Douglas Meyer,Brazil,"Parque Nacional da Serra do Itajaí, Botuverá, Santa Catarina",-27.2042,-49.1212,C,0:05,song,,XC173433-Tinamidae_Tinamus_solitarius_25_09_2013_H18_22_Botuverá.mp3,2013-09-25,..\data\amazonas_audio\XC173433-Tinamus-solitarius.mp3,2013-09-25,5
148702,Tinamus,solitarius,birds,Solitary Tinamou,Antonio Silveira,Brazil,"Alto Ribeira State Park (PETAR),São Paulo State,Brazil",-24.541,-48.713,C,0:03,call,,XC148702-Tinamus-solitarius-NSantana-PETAR-BR30-10-08-ASilveira.mp3,2008-10-30,..\data\amazonas_audio\XC148702-Tinamus-solitarius.mp3,2008-10-30,3
57821,Tinamus,solitarius,birds,Solitary Tinamou,Ciro Albano,Brazil,"Cupido & Refugio Farm, Linhares, state of Espírito Santo, SE Brazil.",,,C,0:03,call,,Tinamus solitarius_Faz_Cupido_ES_16_VI_2010_CA.mp3,2010-06-16,..\data\amazonas_audio\XC57821-Tinamus-solitarius.mp3,2010-06-16,3
53553,Tinamus,solitarius,birds,Solitary Tinamou,Julian Quillen Vidoz,Argentina,"Parque Provincial Mocona, Misiones",,,C,0:08,song,<a href=http://www.xeno-canto.org/graphics/conosur.jpg rel=lightbox>From Bird Sounds of Southern South America by Lopez-Lanus (2008)</a>,TINAMOU Solitary_04_Parque Provincial Mocona_Misiones_AR_30JUL06_Julian Quillen Vidoz.mp3,2006-07-30,..\data\amazonas_audio\XC53553-Tinamus-solitarius.mp3,2006-07-30,8
33320,Tinamus,solitarius,birds,Solitary Tinamou,Marcos Melo,Brazil,"Reserva Natural da Vale - Linhares, Espirito Santo",-19.1456,-40.0645,C,0:03,song,,T_solitariusMarcosMelo.mp3,2009-01-28,..\data\amazonas_audio\XC33320-Tinamus-solitarius.mp3,2009-01-28,3
435537,Tinamus,solitarius,birds,Solitary Tinamou,JAYRSON ARAUJO DE OLIVEIRA,Brazil,"PE Intervales, Ribeirao Grande, São Paulo",-24.2601,-48.4073,D,0:02,song,,XC435537-Macuco (Tinamus solitarius-OK) BOA 13-9 9e20.mp3,2018-09-12,..\data\amazonas_audio\XC435537-Tinamus-solitarius.mp3,2018-09-12,2
231251,Tinamus,solitarius,birds,Solitary Tinamou,Peter Boesman,Brazil,"Serra da Graciosa, Paraná",-25.3333333333,-48.9166666667,D,0:05,song,ID certainty 90%. (Archiv. tape 335 side A track 14 seq. A),XC231251-Solitary Tinamou C 17.mp3,2004-08-11,..\data\amazonas_audio\XC231251-Tinamus-solitarius.mp3,2004-08-11,5
43730,Tinamus,solitarius,birds,Solitary Tinamou,Marcelo Villegas,Brazil,"PETAR, Núcleo Caboclos, São Paulo",,,D,0:01,song,,TsolitariusPETAR.mp3,2009-06-29,..\data\amazonas_audio\XC43730-Tinamus-solitarius.mp3,2009-06-29,1
285539,Tinamus,solitarius,birds,Solitary Tinamou,GABRIEL LEITE,Brazil,"Caraguatatuba, Paraibuna, São Paulo",-23.5813,-45.492,E,0:04,song,,XC285539-Tinamus solitarius_Paraibuna_1953.mp3,2015-10-19,..\data\amazonas_audio\XC285539-Tinamus-solitarius.mp3,2015-10-19,4
231252,Tinamus,solitarius,birds,Solitary Tinamou,Peter Boesman,Brazil,"Intervales National Park, Sao Paulo",-24.3333333333,-48.4166666667,E,0:02,song,ID certainty 90%. (Archiv. tape 331 side B track 37 seq. B),XC231252-Solitary Tinamou D 15.mp3,2004-08-06,..\data\amazonas_audio\XC231252-Tinamus-solitarius.mp3,2004-08-06,2
706672,Tinamus,osgoodi,birds,Black Tinamou,Gerónimo Tanguila,Ecuador,Napo: Narupa,-0.731,-77.785,B,0:13,song,,XC706672-Black Tinamou 2022-03-03 at 0955hrsGerónimo Tanguila_Narupa.MP3,2022-03-03,..\data\amazonas_audio\XC706672-Tinamus-osgoodi.mp3,2022-03-03,13
701263,Tinamus,osgoodi,birds,Black Tinamou,Juan Pablo López-O.,Colombia,Pico Relampago,1.0869,-76.4676,B,0:19,song,Grabación realizada con un SOundmeter SM4,XC701263-PICO-RELAMP1_20210129_130000_Tinamus.mp3,2021-01-29,..\data\amazonas_audio\XC701263-Tinamus-osgoodi.mp3,2021-01-29,19
350134,Tinamus,osgoodi,birds,Black Tinamou,Edilson Rosero,Colombia,"V/ San Martin Mocoa, Putumayo",1.2241,-76.6968,B,0:10,song,El ejemplar sólo realizó 3 cantos en un intervalo de 3 minutos  cada uno. el individuo se encontraba en el suelo vegetación secundaria y terreno laderoso.,XC350134-Tinamus_osgoodi.mp3,2016-12-02,..\data\amazonas_audio\XC350134-Tinamus-osgoodi.mp3,2016-12-02,10
723672,Tinamus,osgoodi,birds,Black Tinamou,Gerlando Delgado ,Colombia,"Piamonte, Cauca",1.079,-76.4719,C,0:05,"call, song","Captado por cámara trampa, probablemente llamada de cortejo de una hembra ",XC723672-Tinamus osgoodi-Camara trampa-precopula hembra.mp3,2021-01-21,..\data\amazonas_audio\XC723672-Tinamus-osgoodi.mp3,2021-01-21,5
722609,Tinamus,osgoodi,birds,Black Tinamou,Gerlando Delgado ,Colombia,"Reserva La Cristalina, Piamonte Cauca",1.072,-76.476,C,0:06,song,Grabado con sound meter,XC722609-Tinamus psgoodi-Cabaña Kawari-sound meter-10 may-2019-709 am-.mp3,2019-05-10,..\data\amazonas_audio\XC722609-Tinamus-osgoodi.mp3,2019-05-10,6
62895,Tinamus,osgoodi,birds,Black Tinamou,Daniel Lane,Peru,"Megantoni Camp 1, Cusco dept.",-12.175,-72.631,C,0:16,song,Natural song at dusk from across valley.,Tinamus osgoodii0403-021.mp3,2004-04-28,..\data\amazonas_audio\XC62895-Tinamus-osgoodi.mp3,2004-04-28,16
355786,Tinamus,osgoodi,birds,Black Tinamou,Jorge Muñoz,Colombia,"Mirador de las Tangaras, PNN Churumbelos Auka-Wasi",1.0651,-76.4942,D,0:18,song,"Bosque tropical húmedo de piedemonte. Bastante común en esta época del año, caminando por el suelo en zonas con helechos bajos y arbustos.",XC355786-Tinamu osgoodi en Tangaras 2017-02-12_08-40.mp3,2017-02-12,..\data\amazonas_audio\XC355786-Tinamus-osgoodi.mp3,2017-02-12,18
168351,Tinamus,osgoodi,birds,Black Tinamou,Dušan M. Brinkhuizen,Ecuador,"Wildsumaco, 5km NW Guagua Sumaco, Napo",-0.6873,-77.5992,D,0:16,"call, song","Very clear tinamou-like whistles at dusk near the lodge. Some colleagues identify it as Black Tinamou but others think it might be White-fronted Capuchin Monkey. I don't know what it is, I have not heard it before, but it is very distinct. It was slowly moving away from us, so it did not feel like a monkey.

The recording consists of 2 cuts which are 2 ""songs"". The exact same ""song"" was repeated about every 2 minutes. The first note (unfortunately not well audible on the recording) was higher and was directly followed by a lower note, very distinct.",XC168351-Mystery-Sound-WildSumaco.mp3,2014-02-16,..\data\amazonas_audio\XC168351-Tinamus-osgoodi.mp3,2014-02-16,16
87826,Tinamus,osgoodi,birds,Black Tinamou,David Geale,Peru,"San Pedro, Manu Road",,,D,0:04,song,"Not seen. First song in over an hour - saved by pre-rec! First half second or so way off-mic, then (after crackle) more or less facing the right direction.",BLTIns2011sep211338.mp3,2011-09-21,..\data\amazonas_audio\XC87826-Tinamus-osgoodi.mp3,2011-09-21,4
609506,Tinamus,osgoodi,birds,Black Tinamou,Jerome Fischer,Colombia,"Nuevo Mundo, Resguardo Indígena Jardín de la Sierra, Orito, Putumayo",0.7398,-77.1051,E,0:09,song,bad recording of a distant bird,"XC609506-Black Tinamou, 201216-021.mp3",2020-12-16,..\data\amazonas_audio\XC609506-Tinamus-osgoodi.mp3,2020-12-16,9
987209,Tinamus,major,birds,Great Tinamou,Marc Anderson,Ecuador,"Orellana: Mandari Panga Yasuni, south bank Río Tiputini",-0.6257,-76.6179,A,0:16,song,,XC987209-Tinamou_Great1_M3MKH-002_Tiputini_Tapir_Trail_Slope_Dusk_02Feb25_tmp.mp3,2025-02-02,..\data\amazonas_audio\XC987209-Tinamus-major.mp3,2025-02-02,16
986563,Tinamus,major,birds,Great Tinamou,Marc Anderson,Ecuador,"Orellana: Mandari Panga Yasuni, south bank Río Tiputini",-0.6257,-76.6179,A,0:14,song,,XC986563-Tinamou_Great1_M6MKH-004-MandariPanga_Stream_View_Night1_03Feb25.mp3,2025-02-03,..\data\amazonas_audio\XC986563-Tinamus-major.mp3,2025-02-03,14
982176,Tinamus,major,birds,Great Tinamou,Marc Anderson,Ecuador,"Cuyabeno River, Sucumbíos",-0.0959,-76.0398,A,0:15,song,,XC982176-Tinamou_Great5_F3YES_013_Cuyabeno_Piranha_Corner_Dawn_28Jan25.mp3,2025-01-28,..\data\amazonas_audio\XC982176-Tinamus-major.mp3,2025-01-28,15
982174,Tinamus,major,birds,Great Tinamou,Marc Anderson,Ecuador,"Cuyabeno River, Sucumbíos",-0.0959,-76.0398,A,0:13,song,,XC982174-Tinamou_Great1_F3YES_006_Cuyabeno_Piranha_Corner_Dusk_27Jan25_tmp.mp3,2025-01-27,..\data\amazonas_audio\XC982174-Tinamus-major.mp3,2025-01-27,13
980749,Tinamus,major,birds,Great Tinamou,Marc Anderson,Ecuador,"Cuyabeno River, Sucumbíos",-0.0959,-76.0398,A,0:19,song,,XC980749-Tinamou_Great1_F3PES-024_Kichwa_Tower_Canopy_Night3_29Jan25.mp3,2025-01-29,..\data\amazonas_audio\XC980749-Tinamus-major.mp3,2025-01-29,19
979864,Tinamus,major,birds,Great Tinamou,Marc Anderson,Ecuador,"Cuyabeno River, Sucumbíos",-0.0959,-76.0398,A,0:10,song,,XC979864-Tinamou_Great1_M6MKH-016-Aguas_Negras_Campsite_Trail_PM_28Jan25_temp.mp3,2025-01-28,..\data\amazonas_audio\XC979864-Tinamus-major.mp3,2025-01-28,10
621784,Tinamus,major,birds,Great Tinamou,Rainforest Connection,Peru,"Inambari (near  Los Hormigas), Tambopata, Madre de Dios",-12.8377,-69.858,A,0:14,song,Recording made by the Guardian.,XC621784-Tinamus major_Madre_2019-05-21T22-19-38.mp3,2019-07-01,..\data\amazonas_audio\XC621784-Tinamus-major.mp3,2019-07-01,14
411236,Tinamus,major,birds,Great Tinamou,Frank Lambert,Costa Rica,La Selva Biological Station,10.4295,-84.0095,A,0:10,song,,XC411236-Tinamou_major_(fuscipennis)-FL X song LaSelva 1Dec16 2.56pm LS111299b.mp3,2016-12-01,..\data\amazonas_audio\XC411236-Tinamus-major.mp3,2016-12-01,10
392986,Tinamus,major,birds,Great Tinamou,Phil Stouffer,Brazil,"BDFFP, Amazonas state",-2.4042,-59.8673,A,0:06,song,,XC392986-Tinamus major.mp3,1993-00-00,..\data\amazonas_audio\XC392986-Tinamus-major.mp3,,6
272385,Tinamus,major,birds,Great Tinamou,Peter Boesman,Suriname,"Mozeskreek area, W Suriname",4.85,-56.78,A,0:12,call,ID certainty 90%,XC272385-LS_53428 Variegated Tinamou call A.mp3,2009-03-14,..\data\amazonas_audio\XC272385-Tinamus-major.mp3,2009-03-14,12
107758,Tinamus,major,birds,Great Tinamou,Klemens Steiof,Panama,"Pipeline Road, Panama",9.1332,-79.7195,A,0:16,call,,Great Tinamou_ PA_ Pipeline Road_ 120316_ 16sec.mp3,2012-03-16,..\data\amazonas_audio\XC107758-Tinamus-major.mp3,2012-03-16,16
17471,Tinamus,major,birds,Great Tinamou,Andrew Spencer,Ecuador,"Humedal del Yalare, Esmeraldas",1.1001,-78.8501,A,0:09,song,,Little Tinamou2008-1-19.mp3,2008-01-19,..\data\amazonas_audio\XC17471-Tinamus-major.mp3,2008-01-19,9
986718,Tinamus,major,birds,Great Tinamou,Marc Anderson,Ecuador,"Orellana: Mandari Panga Yasuni, south bank Río Tiputini",-0.6257,-76.6179,B,0:15,song,,XC986718-Tinamou_Great1_M6GES-002_MandariPanga_Stream_Forest_Dusk_02Feb25_tmp.mp3,2025-02-02,..\data\amazonas_audio\XC986718-Tinamus-major.mp3,2025-02-02,15
934742,Tinamus,major,birds,Great Tinamou,Yannick Wiegers,French Guiana,"Kourou, Arrondissement of Cayenne",5.2313,-52.8547,B,0:08,song,,XC934742-tinamus_major.wav,2023-05-17,..\data\amazonas_audio\XC934742-Tinamus-major.wav,2023-05-17,8
890988,Tinamus,major,birds,Great Tinamou,Paul Driver,Ecuador,"Wild Sumaco Lodge, Cantón Archidona, Napo",-0.6756,-77.6014,B,0:12,song,,XC890988-GREAT-TINAMOU-Wildsumaco-Ecuador-6.43am-03062024.wav,2024-03-06,..\data\amazonas_audio\XC890988-Tinamus-major.wav,2024-03-06,12
812876,Tinamus,major,birds,Great Tinamou,Hans Groot,Suriname,Kabalebo,,,B,0:11,song,,XC812876-Great-Tinamou-2-230223.wav,2023-02-23,..\data\amazonas_audio\XC812876-Tinamus-major.wav,2023-02-23,11
639885,Tinamus,major,birds,Great Tinamou,Dante Buzzetti,Brazil,"Reserva Biológica do Jarú, Ji-Paraná, Rondônia",-10.1904,-61.5721,B,0:19,song,DCB 547-9a,XC639885-Tinamus major DCB 547-9a.mp3,2006-09-11,..\data\amazonas_audio\XC639885-Tinamus-major.mp3,2006-09-11,19
557617,Tinamus,major,birds,Great Tinamou,Dante Buzzetti,Brazil,"Parque Estadual Chandless, Santa Rosa do Purus, Acre",-9.4571,-70.4332,B,0:11,song,DCB 625-16c,XC557617-Tinamus major DCB 625-16c.mp3,2008-08-04,..\data\amazonas_audio\XC557617-Tinamus-major.mp3,2008-08-04,11
539735,Tinamus,major,birds,Great Tinamou,Brice de la Croix,French Guiana,"Roura, Montagne des Chevaux",4.7216,-52.3073,B,0:12,song,,XC539735-Grand tinamou Montagne des Chevaux 190320.mp3,2020-00-19,..\data\amazonas_audio\XC539735-Tinamus-major.mp3,,12
456377,Tinamus,major,birds,Great Tinamou,Brice de la Croix,French Guiana,"'piste Armontabo', piste de Saut Maripa, Saint-Georges",3.8518,-51.8894,B,0:17,song,,XC456377-Grand tinamou:Armontabo:26-01-19.mp3,2019-01-26,..\data\amazonas_audio\XC456377-Tinamus-major.mp3,2019-01-26,17
449720,Tinamus,major,birds,Great Tinamou,Brice de la Croix,French Guiana,"Roura, Montagne des Chevaux",4.7216,-52.3073,B,0:09,song,At dusk,XC449720-Grand Tinamou:Montagne des Chevaux:21-10-18.mp3,2018-10-21,..\data\amazonas_audio\XC449720-Tinamus-major.mp3,2018-10-21,9
441801,Tinamus,major,birds,Great Tinamou,Brendan Sloan,Costa Rica,La Selva Biological Station,,,B,0:12,song,,XC441801-R086 Great Tinamou.mp3,2018-03-12,..\data\amazonas_audio\XC441801-Tinamus-major.mp3,2018-03-12,12
441799,Tinamus,major,birds,Great Tinamou,Brendan Sloan,Costa Rica,La Selva Biological Station,,,B,0:15,song,,XC441799-R085 Great Tinamou.mp3,2018-03-14,..\data\amazonas_audio\XC441799-Tinamus-major.mp3,2018-03-14,15
405722,Tinamus,major,birds,Great Tinamou,Iván Lau,Colombia,"Buenaventura, Valle del Cauca",3.8328,-76.8896,B,0:15,song,,XC405722-Tinamus_major_SanCipriano20171129_174623.mp3,2017-11-29,..\data\amazonas_audio\XC405722-Tinamus-major.mp3,2017-11-29,15
403323,Tinamus,major,birds,Great Tinamou,Brice de la Croix,French Guiana,"Roura, Montagne des Chevaux",4.7216,-52.3073,B,0:16,song,At dusk,XC403323-Gd tinamou:Montagne des Chevaux:13:02:18 .mp3,2018-02-13,..\data\amazonas_audio\XC403323-Tinamus-major.mp3,2018-02-13,16
371531,Tinamus,major,birds,Great Tinamou,Roland Rumm,Honduras,"Chile, South of SiksaTingni",14.9541,-84.5268,B,0:17,call,,XC371531-170515_005Great Tinamou.mp3,2017-05-15,..\data\amazonas_audio\XC371531-Tinamus-major.mp3,2017-05-15,17
285207,Tinamus,major,birds,Great Tinamou,Alfonso Auerbach,Honduras,"Parque Nacional La Muralla, Olancho",15.0294,-86.7951,B,0:15,song,,XC285207-150914_0839 flame coloured tanager y great tinamou.....MP3,2015-09-15,..\data\amazonas_audio\XC285207-Tinamus-major.mp3,2015-09-15,15
231243,Tinamus,major,birds,Great Tinamou,Peter Boesman,Mexico,"Bonampak, Chiapas",16.7,-91.0833333333,B,0:13,song,ID certainty 100%. (Archiv. tape 165 side A track 21 seq. B),XC231243-Great Tinamou B 25.mp3,2003-04-10,..\data\amazonas_audio\XC231243-Tinamus-major.mp3,2003-04-10,13
231240,Tinamus,major,birds,Great Tinamou,Peter Boesman,Venezuela,"Lower Rio Caura area, Bolivar",7.25,-65.0,B,0:14,song,ID certainty 100%. (Archiv. tape 55 side B track 15 seq. A),XC231240-Great Tinamou  20.mp3,1997-03-26,..\data\amazonas_audio\XC231240-Tinamus-major.mp3,1997-03-26,14
231239,Tinamus,major,birds,Great Tinamou,Peter Boesman,Brazil,"Iracema falls, Presidente Figueiredo, Amazonas",-2.0,-60.0,B,0:11,"song, short song",ID certainty 100%. (Archiv. tape 391 side B track 33 seq. A),XC231239-Great Tinamou B 29.mp3,2006-07-17,..\data\amazonas_audio\XC231239-Tinamus-major.mp3,2006-07-17,11
182258,Tinamus,major,birds,Great Tinamou,Jerome Fischer,Panama,Pipeline road - begin,9.125,-79.715,B,0:02,song,,XC182258-Great Tinamou.mp3,2010-03-03,..\data\amazonas_audio\XC182258-Tinamus-major.mp3,2010-03-03,2
165994,Tinamus,major,birds,Great Tinamou,Mike Nelson,Costa Rica,"Carara National Park, Puntarenas Province",9.7751,-84.6167,B,0:15,call,Soft contact calls made between two birds next to the trail. img:http://www.flickr.com/photos/67008334@N07/12154624084/in/photolist-jw4Chd-jw2wtK-jw4xnJ-jw2m4r,XC165994-Great TinamouCR12014.mp3,2014-01-19,..\data\amazonas_audio\XC165994-Tinamus-major.mp3,2014-01-19,15
140621,Tinamus,major,birds,Great Tinamou,Fernand DEROUSSEN,Costa Rica,"Colorado, Sarapiqui, Limon",10.5715,-83.5207,B,0:16,song,,XC140621-1997112622 Tinamus major_F Deroussen.mp3,1997-11-25,..\data\amazonas_audio\XC140621-Tinamus-major.mp3,1997-11-25,16
117351,Tinamus,major,birds,Great Tinamou,Mauricio Álvarez Rebolledo (Colección de Sonidos Ambientales - Instituto Humboldt),Colombia,"PNN Chiribiquete, Solano, Caquetá",0.2605556,-72.92333,B,0:20,song,"IAvH-CSA 1835

To obtain a wav file of the original recording, please contact csa@humboldt.org.co",XC117351-2 Audio Track.mp3,2000-01-01,..\data\amazonas_audio\XC117351-Tinamus-major.mp3,2000-01-01,20
58423,Tinamus,major,birds,Great Tinamou,Gabriela Navarrete Forero,Colombia,"Ome Ecological Station, Purite River, Amazonas dep. 70 Km N of Leticia",,,B,0:04,song,link:www.ornitologiacolombiana.org/oc9/Resumenes%20Tesis%20OC9.pdf,Tinamus major 3.mp3,2009-07-01,..\data\amazonas_audio\XC58423-Tinamus-major.mp3,2009-07-01,4
28479,Tinamus,major,birds,Great Tinamou,Daniel Lane,Belize,"Rio Bravo Research Area, Orange Walk Dist.   ",17.777,-89.0114,B,0:19,song,Natural song (becoming whispered towards end) from unseen individual.,Tinamus.major9402-1.mp3,1994-02-26,..\data\amazonas_audio\XC28479-Tinamus-major.mp3,1994-02-26,19
1099,Tinamus,major,birds,Great Tinamou,Robin Carter,Panama,"Pipeline Road, Colon",9.1667,-79.7667,B,0:09,song,,GreatTinamou2001052104.mp3,2001-05-21,..\data\amazonas_audio\XC1099-Tinamus-major.mp3,2001-05-21,9
94,Tinamus,major,birds,Great Tinamou,Bob Planqué,Peru,"Sachavacayoc Lodge, Tambopata",-12.856,-69.362,B,0:14,song, trip:http://www.cs.bris.ac.uk/home/planque/Peru/,GreatTinamou-los2-83.mp3,2003-10-03,..\data\amazonas_audio\XC94-Tinamus-major.mp3,2003-10-03,14
92,Tinamus,major,birds,Great Tinamou,Bob Planqué,Peru,"Sachavacayoc Lodge, Tambopata",-12.856,-69.362,B,0:19,song,at night. trip:http://www.cs.bris.ac.uk/home/planque/Peru/,GreatTinamou-los3-78.mp3,2003-10-12,..\data\amazonas_audio\XC92-Tinamus-major.mp3,2003-10-12,19
768540,Tinamus,major,birds,Great Tinamou,Antonio Xeira,Panama,"Canopy Tower, Panama",9.078,-79.6487,C,0:15,song,Editing: High-pass filter.,XC768540-221122_0615_0000_Canopy-Tower_Great-Tinamou_NNSL.wav,2022-11-22,..\data\amazonas_audio\XC768540-Tinamus-major.wav,2022-11-22,15
506024,Tinamus,major,birds,Great Tinamou,Brice de la Croix,French Guiana,"Montsinéry-Tonnegrande, Port-Inini",4.7962,-52.4577,C,0:09,song,,XC506024-Grand tinamou:Port-Ininini:23-10-19.mp3,2019-10-23,..\data\amazonas_audio\XC506024-Tinamus-major.mp3,2019-10-23,9
490752,Tinamus,major,birds,Great Tinamou,Dante Buzzetti,Brazil,"Igarapé Chandless-chá, Parque Estadual Chandless, Manuel Urbano, Acre",-9.8,-70.07,C,0:09,song,DCB 606-4b,XC490752-Tinamus major DCB 606-4b.mp3,2008-02-20,..\data\amazonas_audio\XC490752-Tinamus-major.mp3,2008-02-20,9
387892,Tinamus,major,birds,Great Tinamou,Étienne Leroy,French Guiana,"Angoulème, Mana",5.4092,-53.6773,C,0:05,song,Song at dusk,XC387892-170902-Grand Tinamou@Angouleme.mp3,2017-09-02,..\data\amazonas_audio\XC387892-Tinamus-major.mp3,2017-09-02,5
303458,Tinamus,major,birds,Great Tinamou,GABRIEL LEITE,Brazil,"Caracaraí, Roraima",1.4787,-62.2446,C,0:06,song,,XC303458-Tinamus major_Mocidade_1268.mp3,2016-01-22,..\data\amazonas_audio\XC303458-Tinamus-major.mp3,2016-01-22,6
284945,Tinamus,major,birds,Great Tinamou,GABRIEL LEITE,Brazil,"Carauari, State of Amazonas",-5.7195,-67.7764,C,0:06,song,,XC284945-Tinamos major_Carauari_1863.mp3,2015-09-02,..\data\amazonas_audio\XC284945-Tinamus-major.mp3,2015-09-02,6
231248,Tinamus,major,birds,Great Tinamou,Peter Boesman,Mexico,"Bonampak, Chiapas",16.7,-91.0833333333,C,0:11,song,ID certainty 100%. (Archiv. tape 165 side A track 2 seq. A),XC231248-Great Tinamou C 24.mp3,2003-04-10,..\data\amazonas_audio\XC231248-Tinamus-major.mp3,2003-04-10,11
231247,Tinamus,major,birds,Great Tinamou,Peter Boesman,Mexico,"Bonampak, Chiapas",16.7,-91.0833333333,C,0:09,song,ID certainty 100%. (Archiv. tape 163 side B track 30 seq. B),XC231247-Great Tinamou C 23.mp3,2003-04-10,..\data\amazonas_audio\XC231247-Tinamus-major.mp3,2003-04-10,9
231245,Tinamus,major,birds,Great Tinamou,Peter Boesman,Ecuador,"Gareno Lodge, Napo",-1.035,-77.399,C,0:16,song,ID certainty 100%. (Archiv. tape 193 side A track 11 seq. B),XC231245-Great Tinamou C 28.mp3,2006-02-17,..\data\amazonas_audio\XC231245-Tinamus-major.mp3,2006-02-17,16
125693,Tinamus,major,birds,Great Tinamou,Christian B. Andretti,Brazil,Almeirim/Pará,-1.095,-52.653,C,0:17,song,Bituba (parcela 17),XC125693-Tinamus major.mp3,2011-08-04,..\data\amazonas_audio\XC125693-Tinamus-major.mp3,2011-08-04,17
117969,Tinamus,major,birds,Great Tinamou,Mauricio Álvarez Rebolledo (Colección de Sonidos Ambientales - Instituto Humboldt),Colombia,"Reserva Biológica El Zafire, Leticia, Amazonas",-4.005333,-69.89875,C,0:13,song,"IAvH-CSA 31035

To obtain a wav file of the original recording, please contact csa@humboldt.org.co",XC117969-1 Audio Track.mp3,2007-12-01,..\data\amazonas_audio\XC117969-Tinamus-major.mp3,2007-12-01,13
117402,Tinamus,major,birds,Great Tinamou,Mauricio Álvarez Rebolledo (Colección de Sonidos Ambientales - Instituto Humboldt),Colombia,"PNN Chiribiquete, Solano, Caquetá",0.2276111,-72.44395,C,0:15,song,"IAvH-CSA 5807

To obtain a wav file of the original recording, please contact csa@humboldt.org.co",XC117402-1 Audio Track.mp3,2001-02-01,..\data\amazonas_audio\XC117402-Tinamus-major.mp3,2001-02-01,15
117353,Tinamus,major,birds,Great Tinamou,Mauricio Álvarez Rebolledo (Colección de Sonidos Ambientales - Instituto Humboldt),Colombia,"PNN Chiribiquete, Solano, Caquetá",0.2605556,-72.92333,C,0:18,song,"IAvH-CSA 1837

To obtain a wav file of the original recording, please contact csa@humboldt.org.co",XC117353-4 Audio Track.mp3,2000-01-01,..\data\amazonas_audio\XC117353-Tinamus-major.mp3,2000-01-01,18
72644,Tinamus,major,birds,Great Tinamou,Sean O&#039;Donnell,Costa Rica,"La Selva, Sarapiqui, Heredia",10.4314,-84.0389,C,0:15,song,,tinamou11.mp3,2010-03-00,..\data\amazonas_audio\XC72644-Tinamus-major.mp3,,15
65691,Tinamus,major,birds,Great Tinamou,Daniel Lane,Costa Rica,"Carara NP, Puntarenas Prov.",9.7751,-84.6167,C,0:13,song,Natural song.,Tinamus.major0103-1.mp3,2001-03-28,..\data\amazonas_audio\XC65691-Tinamus-major.mp3,2001-03-28,13
58422,Tinamus,major,birds,Great Tinamou,Gabriela Navarrete Forero,Colombia,"Ome Ecological Station, Purite River, Amazonas dep. 70 Km N of Leticia",,,C,0:04,song,link:www.ornitologiacolombiana.org/oc9/Resumenes%20Tesis%20OC9.pdf,Tinamus major 2.mp3,2009-08-05,..\data\amazonas_audio\XC58422-Tinamus-major.mp3,2009-08-05,4
536532,Tinamus,major,birds,Great Tinamou,Gerlando Delgado ,Colombia,"Vereda el Sinaí-Cuenca Baja Río Fragua-Piamonte, Cauca",1.0844,-76.1643,D,0:13,song,"Bosque inundable, grabado desde un potrero. ",XC536532-Tinamus major-Finca Gerson Polania.mp3,2020-01-25,..\data\amazonas_audio\XC536532-Tinamus-major.mp3,2020-01-25,13
231249,Tinamus,major,birds,Great Tinamou,Peter Boesman,Venezuela,"Rio Grande area, Bolivar",8.05,-61.6666666667,D,0:13,song,ID certainty 100%. (Archiv. tape 176 side B track 37 seq. B),XC231249-Great Tinamou D 26.mp3,2003-08-07,..\data\amazonas_audio\XC231249-Tinamus-major.mp3,2003-08-07,13
117344,Tinamus,major,birds,Great Tinamou,Mauricio Álvarez Rebolledo (Colección de Sonidos Ambientales - Instituto Humboldt),Colombia,"PNN Chiribiquete, Solano, Caquetá",0.2483333,-72.93472,D,0:16,song,"IAvH-CSA 4458

To obtain a wav file of the original recording, please contact csa@humboldt.org.co",XC117344-10 Audio Track.mp3,2000-01-01,..\data\amazonas_audio\XC117344-Tinamus-major.mp3,2000-01-01,16
537928,Tinamus,major,birds,Great Tinamou,Fernando Igor de Godoy,Brazil,"Purus River, Boca do Acre, State of Amazonas",-8.7512,-68.9938,E,0:03,song,FCF02299 - Fonoteca Casa da Floresta.,XC537928-2299 Tinamus major (song)_UPA7_SMacapa_MUrbano_AC_210717FIG.mp3,2017-07-21,..\data\amazonas_audio\XC537928-Tinamus-major.mp3,2017-07-21,3
537922,Tinamus,major,birds,Great Tinamou,Fernando Igor de Godoy,Brazil,"Purus River, Boca do Acre, State of Amazonas",-8.7512,-68.9938,E,0:11,song,FCF02269 - Fonoteca Casa da Floresta.,XC537922-2290 Tinamus major (song)UPA7_SMacapa_MUrbano_AC_210717FIG.mp3,2017-07-21,..\data\amazonas_audio\XC537922-Tinamus-major.mp3,2017-07-21,11
104125,Tinamus,major,birds,Great Tinamou,Myornis,Colombia,"Santa Cecilia, Serrania de San Lucas",7.9759,-74.2153,E,0:07,"song, dusk song",,Disc 19 track 009 Tinamus major with D mentalis alarm note.mp3,2010-01-08,..\data\amazonas_audio\XC104125-Tinamus-major.mp3,2010-01-08,7
621782,Tinamus,guttatus,birds,White-throated Tinamou,Rainforest Connection,Peru,"Inambari (near  Los Hormigas), Tambopata, Madre de Dios",-12.8377,-69.858,A,0:17,song,Recording made by the Guardian.,XC621782-Tinamus guttatus_Madre_2019-09-17T14-57-02.mp3,2019-09-17,..\data\amazonas_audio\XC621782-Tinamus-guttatus.mp3,2019-09-17,17
453694,Tinamus,guttatus,birds,White-throated Tinamou,Will Sweet,Peru,Centro de Investigación y Conservación de Río Los Amigos (CICRA),-12.5687,-70.0928,B,0:10,song,,XC453694-White-throated Tinamou 7_15_18 (online-audio-converter.com).mp3,2018-07-15,..\data\amazonas_audio\XC453694-Tinamus-guttatus.mp3,2018-07-15,10
400646,Tinamus,guttatus,birds,White-throated Tinamou,GABRIEL LEITE,Brazil,"Novo Repartimento, Pará",-4.2015,-50.6882,B,0:10,song,,XC400646-Tinamus guttatus_Novo Repartimento_1136.mp3,2018-01-20,..\data\amazonas_audio\XC400646-Tinamus-guttatus.mp3,2018-01-20,10
395757,Tinamus,guttatus,birds,White-throated Tinamou,GABRIEL LEITE,Brazil,Reserva Biologica do Gurupi,-3.8141,-46.8045,B,0:09,song,,XC395757-Tinamus guttatus_Gurupi_1086.mp3,2017-12-09,..\data\amazonas_audio\XC395757-Tinamus-guttatus.mp3,2017-12-09,9
270977,Tinamus,guttatus,birds,White-throated Tinamou,Peter Boesman,Brazil,"Reserva Natural Palmarí, Río Javarí, Amazonas",-4.2889,-70.2948,B,0:07,song,,XC270977-White-throated Tinamou.mp3,2010-08-11,..\data\amazonas_audio\XC270977-Tinamus-guttatus.mp3,2010-08-11,7
231228,Tinamus,guttatus,birds,White-throated Tinamou,Peter Boesman,Peru,"Pantiacolla Lodge, Madre de Dios",-12.65,-71.2333333333,B,0:06,song,ID certainty 100%. (Archiv. tape 546 side A track 14 seq. A),XC231228-White-throated Tinamou B 44.mp3,2009-07-28,..\data\amazonas_audio\XC231228-Tinamus-guttatus.mp3,2009-07-28,6
212996,Tinamus,guttatus,birds,White-throated Tinamou,GABRIEL LEITE,Brazil,"Pacajá, Pacajá, Pará",-3.847,-50.7125,B,0:08,song,,XC212996-Tinamus guttatus_Pacajas_1478.mp3,2015-01-28,..\data\amazonas_audio\XC212996-Tinamus-guttatus.mp3,2015-01-28,8
117970,Tinamus,guttatus,birds,White-throated Tinamou,Mauricio Álvarez Rebolledo (Colección de Sonidos Ambientales - Instituto Humboldt),Colombia,"Reserva Biológica El Zafire, Leticia, Amazonas",-4.005333,-69.89875,B,0:11,song,"Territorialidad

IAvH-CSA 31099

To obtain a wav file of the original recording, please contact csa@humboldt.org.co",XC117970-2 Audio Track.mp3,2007-12-04,..\data\amazonas_audio\XC117970-Tinamus-guttatus.mp3,2007-12-04,11
117391,Tinamus,guttatus,birds,White-throated Tinamou,Mauricio Álvarez Rebolledo (Colección de Sonidos Ambientales - Instituto Humboldt),Colombia,"PNN Chiribiquete, Solano, Caquetá",-0.2483333333,-72.63064,B,0:17,song,"IAvH-CSA 3320

To obtain a wav file of the original recording, please contact csa@humboldt.org.co",XC117391-2 Audio Track.mp3,2000-11-01,..\data\amazonas_audio\XC117391-Tinamus-guttatus.mp3,2000-11-01,17
117390,Tinamus,guttatus,birds,White-throated Tinamou,Mauricio Álvarez Rebolledo (Colección de Sonidos Ambientales - Instituto Humboldt),Colombia,"PNN Chiribiquete, Solano, Caquetá",-0.2483333333,-72.63064,B,0:12,song,"IAvH-CSA 3319

To obtain a wav file of the original recording, please contact csa@humboldt.org.co",XC117390-1 Audio Track.mp3,2000-11-01,..\data\amazonas_audio\XC117390-Tinamus-guttatus.mp3,2000-11-01,12
117377,Tinamus,guttatus,birds,White-throated Tinamou,Mauricio Álvarez Rebolledo (Colección de Sonidos Ambientales - Instituto Humboldt),Colombia,"PNN Chiribiquete, Solano, Caquetá",0.1797222,-72.62334,B,0:17,song,"IAvH-CSA 2369

To obtain a wav file of the original recording, please contact csa@humboldt.org.co",XC117377-4 Audio Track.mp3,2000-01-04,..\data\amazonas_audio\XC117377-Tinamus-guttatus.mp3,2000-01-04,17
117341,Tinamus,guttatus,birds,White-throated Tinamou,Mauricio Álvarez Rebolledo (Colección de Sonidos Ambientales - Instituto Humboldt),Colombia,"PNN Chiribiquete, Solano, Caquetá",0.2483333,-72.93472,B,0:12,song,"IAvH-CSA 1636

To obtain a wav file of the original recording, please contact csa@humboldt.org.co",XC117341-7 Audio Track.mp3,2000-01-01,..\data\amazonas_audio\XC117341-Tinamus-guttatus.mp3,2000-01-01,12
38734,Tinamus,guttatus,birds,White-throated Tinamou,Alexandre Renaudier,Brazil,"Tupana lodge, Amazonas",-4.067,-60.6598,B,0:07,song,natural recording,Tinamus guttatus20090713.mp3,2009-07-13,..\data\amazonas_audio\XC38734-Tinamus-guttatus.mp3,2009-07-13,7
3735,Tinamus,guttatus,birds,White-throated Tinamou,Wim ten Have,Peru,"Pantiacolla Lodge, Manu, Madre de Dios",-12.6601,-71.242,B,0:14,song,,TIwhthrZ1.mp3,2005-08-28,..\data\amazonas_audio\XC3735-Tinamus-guttatus.mp3,2005-08-28,14
482162,Tinamus,guttatus,birds,White-throated Tinamou,Fernando Igor de Godoy,Brazil,"Cujubim, Rondônia",-8.9828,-62.5856,C,0:10,song,FCF1261 - Fonoteca Casa da Floresta.,XC482162-1261 Tinamus guttatus (song)Manoa_CujubimRO_041114_FIG.mp3,2014-11-04,..\data\amazonas_audio\XC482162-Tinamus-guttatus.mp3,2014-11-04,10
482161,Tinamus,guttatus,birds,White-throated Tinamou,Fernando Igor de Godoy,Brazil,"Cujubim, Rondônia",-8.9828,-62.5856,C,0:08,"song, short song",FCF1260 - Fonoteca Casa da Floresta.,XC482161-1260 Tinamus guttatus (short song)Manoa_CujubimRO_101114_FIG.mp3,2014-11-10,..\data\amazonas_audio\XC482161-Tinamus-guttatus.mp3,2014-11-10,8
231230,Tinamus,guttatus,birds,White-throated Tinamou,Peter Boesman,Brazil,"Carajás, Aguas Claras area, Pará",-6.0,-50.5,C,0:08,song,ID certainty 80%. (Archiv. tape 356 side B track 22 seq. A),XC231230-White-throated Tinamou C 42.mp3,2005-01-20,..\data\amazonas_audio\XC231230-Tinamus-guttatus.mp3,2005-01-20,8
231229,Tinamus,guttatus,birds,White-throated Tinamou,Peter Boesman,Brazil,"Carajás, Aguas Claras area, Pará",-6.0,-50.5,C,0:11,song,ID certainty 80%. (Archiv. tape 356 side B track 16 seq. A),XC231229-White-throated Tinamou C 40.mp3,2005-01-20,..\data\amazonas_audio\XC231229-Tinamus-guttatus.mp3,2005-01-20,11
195102,Tinamus,guttatus,birds,White-throated Tinamou,Marc Thibault,Peru,"San Lorenzo, Loreto",-4.7671,-76.525,C,0:14,song,,XC195102-White-throated-Tinamou-PuenteMachete-21June2013-LS110542.mp3,2013-06-21,..\data\amazonas_audio\XC195102-Tinamus-guttatus.mp3,2013-06-21,14
117343,Tinamus,guttatus,birds,White-throated Tinamou,Mauricio Álvarez Rebolledo (Colección de Sonidos Ambientales - Instituto Humboldt),Colombia,"PNN Chiribiquete, Solano, Caquetá",0.2483333,-72.93472,C,0:13,song,"IAvH-CSA 1632

To obtain a wav file of the original recording, please contact csa@humboldt.org.co",XC117343-9 Audio Track.mp3,2000-01-01,..\data\amazonas_audio\XC117343-Tinamus-guttatus.mp3,2000-01-01,13
117342,Tinamus,guttatus,birds,White-throated Tinamou,Mauricio Álvarez Rebolledo (Colección de Sonidos Ambientales - Instituto Humboldt),Colombia,"PNN Chiribiquete, Solano, Caquetá",0.2483333,-72.93472,C,0:13,song,"IAvH-CSA 1631

To obtain a wav file of the original recording, please contact csa@humboldt.org.co",XC117342-8 Audio Track.mp3,2000-01-01,..\data\amazonas_audio\XC117342-Tinamus-guttatus.mp3,2000-01-01,13
117340,Tinamus,guttatus,birds,White-throated Tinamou,Mauricio Álvarez Rebolledo (Colección de Sonidos Ambientales - Instituto Humboldt),Colombia,"PNN Chiribiquete, Solano, Caquetá",0.2483333,-72.93472,C,0:13,song,"IAvH-CSA 1635

To obtain a wav file of the original recording, please contact csa@humboldt.org.co",XC117340-6 Audio Track.mp3,2000-01-01,..\data\amazonas_audio\XC117340-Tinamus-guttatus.mp3,2000-01-01,13
13506,Tinamus,guttatus,birds,White-throated Tinamou,Nick Athanas,Ecuador,"Shiripuno Amazon Lodge, Huaorani reserve, border of Orellana and Pastaza",-1.1048,-76.7317,C,0:09,song, trip:http://www.surfbirds.com/trip_report.php?id=1137,R09_0597-White-throated-Tinamou.mp3,2007-05-08,..\data\amazonas_audio\XC13506-Tinamus-guttatus.mp3,2007-05-08,9
536652,Tinamus,guttatus,birds,White-throated Tinamou,Fernando Igor de Godoy,Brazil,"Purus River, Boca do Acre, State of Amazonas",-8.7512,-68.9938,D,0:06,song,FCF01765 - Fonoteca Casa da Floresta.,XC536652-1765 Tinamus guttatus (song)_Boca_do_Acre_Pauini_AM_240516_FIG.mp3,2016-05-20,..\data\amazonas_audio\XC536652-Tinamus-guttatus.mp3,2016-05-20,6
231232,Tinamus,guttatus,birds,White-throated Tinamou,Peter Boesman,Brazil,"Carajás, Aguas Claras area, Pará",-6.0,-50.5,D,0:07,song,ID certainty 80%. (Archiv. tape 356 side B track 24 seq. A),XC231232-White-throated Tinamou D 43.mp3,2005-01-20,..\data\amazonas_audio\XC231232-Tinamus-guttatus.mp3,2005-01-20,7
231231,Tinamus,guttatus,birds,White-throated Tinamou,Peter Boesman,Brazil,"Carajás, Salobo area, Pará",-5.9166666667,-50.5,D,0:07,song,ID certainty 100%. (Archiv. tape 352 side A track 41 seq. B),XC231231-White-throated Tinamou C 39.mp3,2005-01-12,..\data\amazonas_audio\XC231231-Tinamus-guttatus.mp3,2005-01-12,7
117338,Tinamus,guttatus,birds,White-throated Tinamou,Mauricio Álvarez Rebolledo (Colección de Sonidos Ambientales - Instituto Humboldt),Colombia,"PNN Chiribiquete, Solano, Caquetá",0.2483333,-72.93472,D,0:12,song,"IAvH-CSA 1630

To obtain a wav file of the original recording, please contact csa@humboldt.org.co",XC117338-1 Audio Track.mp3,2000-01-01,..\data\amazonas_audio\XC117338-Tinamus-guttatus.mp3,2000-01-01,12
9338,Tinamus,guttatus,birds,White-throated Tinamou,Sidnei de Melo Dantas,Brazil,"Tucuruí dam, right margin of the lake, state of Pará",-4.2327,-49.41194,D,0:07,song,,Tinamus guttatus i bicuda pt 3 25.11.2006.mp3,2006-11-25,..\data\amazonas_audio\XC9338-Tinamus-guttatus.mp3,2006-11-25,7
231234,Tinamus,guttatus,birds,White-throated Tinamou,Peter Boesman,Brazil,"Carajás, Aguas Claras area, Pará",-6.0,-50.5,E,0:09,song,ID certainty 100%. (Archiv. tape 352 side A track 2 seq. A),XC231234-White-throated Tinamou E 38.mp3,2005-01-11,..\data\amazonas_audio\XC231234-Tinamus-guttatus.mp3,2005-01-11,9
231233,Tinamus,guttatus,birds,White-throated Tinamou,Peter Boesman,Brazil,"Carajás, Aguas Claras area, Pará",-6.0,-50.5,E,0:12,song,ID certainty 80%. (Archiv. tape 356 side B track 21 seq. A),XC231233-White-throated Tinamou D 41.mp3,2005-01-20,..\data\amazonas_audio\XC231233-Tinamus-guttatus.mp3,2005-01-20,12
641683,Nothocercus,bonapartei,birds,Highland Tinamou,Mauricio Cuellar Ramirez (@Birding.travel),Colombia,Entrada 1er Túnel Km 35 Florencia - Caquetá.,1.7426,-75.7364,A,0:19,song,"Bosque húmedo premontano, se observa el individuo caminando sigilosamente , vocaliza con frecuencia. presencia de dos individuos ",XC641683-Nothocercus bonapartei - Tuneles.mp3,2021-04-20,..\data\amazonas_audio\XC641683-Nothocercus-bonapartei.mp3,2021-04-20,19
357041,Nothocercus,bonapartei,birds,Highland Tinamou,Juan Pablo López-O.,Colombia,"Santa Rosa, Cauca",1.4263,-76.335,A,0:15,call,"This sound record is from a Camera Trap video, the video show two individuals walking on ground and one of these was singing the alarm calls.",XC357041-Nothocercus bonapartei.mp3,2016-12-23,..\data\amazonas_audio\XC357041-Nothocercus-bonapartei.mp3,2016-12-23,15
353906,Nothocercus,bonapartei,birds,Highland Tinamou,Ross Gallardy,Colombia,"Reinita Cielo Azul ProAves Reserve, Santander",6.8614,-73.3842,A,0:18,call,,XC353906-HighlandTinamou_Colombia_122516_call.mp3,2016-12-25,..\data\amazonas_audio\XC353906-Nothocercus-bonapartei.mp3,2016-12-25,18
401414,Nothocercus,bonapartei,birds,Highland Tinamou,Hans Matheve,Colombia,RNA Reinita Cielo Azul,6.8458,-73.3748,B,0:13,song,,"XC401414-Highland Tinamou (song, Colombia, Reinita Cielo Azul, feb2014, 2).MP3",2014-02-25,..\data\amazonas_audio\XC401414-Nothocercus-bonapartei.mp3,2014-02-25,13
494361,Nothocercus,bonapartei,birds,Highland Tinamou,Oliver Komar,Panama,"Pipeline Trail, Los Naranjos, Boquete District, Chiriquí Province",8.8282,-82.4916,C,0:17,song,,XC494361-190824_2209 tinamou c emfl Pipeline Trail Chirquí PA by Oliver Komar.MP3,2019-08-24,..\data\amazonas_audio\XC494361-Nothocercus-bonapartei.mp3,2019-08-24,17
95956,Nothocercus,bonapartei,birds,Highland Tinamou,Oswaldo Cortes,Colombia,Reserva Natural Mesenia - Paramillo,5.4828,-75.8959,C,0:15,song,,Nothocecus bonaparttet.mp3,2012-02-19,..\data\amazonas_audio\XC95956-Nothocercus-bonapartei.mp3,2012-02-19,15
5794,Nothocercus,bonapartei,birds,Highland Tinamou,Richard Garrigues,Costa Rica,"San Gerardo field station, Bosque Eterno de los Niños, Alajuela Prov",10.33333,-84.75,C,0:08,call,,highland tinamou 1.mp3,2002-04-20,..\data\amazonas_audio\XC5794-Nothocercus-bonapartei.mp3,2002-04-20,8
387571,Nothocercus,bonapartei,birds,Highland Tinamou,Albert Lastukhin,Venezuela,"Cardenal Quintero, Mérida",8.8697,-70.6801,D,0:10,song,,"XC387571-Nothocercus bonapartei 003_Venezuela, Santo Domingo,3.03.2011, 17-00,D.MP3",2011-03-03,..\data\amazonas_audio\XC387571-Nothocercus-bonapartei.mp3,2011-03-03,10
1029590,Nothocercus,julius,birds,Tawny-breasted Tinamou,Manuel Sánchez-Nivicela,Ecuador,"Road to somewehere, Chilla, Chilla Cantón, El Oro",-3.5048,-79.6246,A,0:10,song,,XC1029590-Tawny-breasted_Tinamou.mp3,2025-06-20,..\data\amazonas_audio\XC1029590-Nothocercus-julius.mp3,2025-06-20,10
226703,Nothocercus,julius,birds,Tawny-breasted Tinamou,Peter Boesman,Ecuador,"Podocarpus Cajanuma, Loja",-4.3333333333,-79.1666666667,B,0:06,song,ID certainty 100%. (Archiv. tape 23 side B track 53 seq. A),XC226703-Tawny-breasted Tinamou B 49.mp3,1993-12-26,..\data\amazonas_audio\XC226703-Nothocercus-julius.mp3,1993-12-26,6
9837,Nothocercus,julius,birds,Tawny-breasted Tinamou,Allen T. Chartier,Ecuador,"Parque Nacional Podocarpus, sector Cajanuma, Loja",-4.1178,-79.1759,B,0:11,song,,Nothocercus_julius_EC-PNP-C_19961115_S1_ATC.mp3,1996-11-15,..\data\amazonas_audio\XC9837-Nothocercus-julius.mp3,1996-11-15,11
96248,Nothocercus,julius,birds,Tawny-breasted Tinamou,Oswaldo Cortes,Colombia,Municipio El Calvario (Meta),4.368,-73.727,C,0:16,song,,NOTHOCERCUS JULUIS Y YNCAS.mp3,2012-03-03,..\data\amazonas_audio\XC96248-Nothocercus-julius.mp3,2012-03-03,16
24460,Nothocercus,julius,birds,Tawny-breasted Tinamou,Charlie Vogt,Ecuador,"Yanacocha reserve, Pichincha ",-0.1667,-78.5834,C,0:09,song,,Tawny-breasted Tinamou  R0913_0001.mp3,2008-11-15,..\data\amazonas_audio\XC24460-Nothocercus-julius.mp3,2008-11-15,9
9841,Nothocercus,julius,birds,Tawny-breasted Tinamou,Allen T. Chartier,Ecuador,"Yanacocha Reserve, Pichincha",-0.1667,-78.5834,C,0:03,song,Isolated portion of song from previous cut (#9840),Nothocercus_julius_EC-Yan_19961110_S2-edit_ATC.mp3,1996-11-10,..\data\amazonas_audio\XC9841-Nothocercus-julius.mp3,1996-11-10,3
9839,Nothocercus,julius,birds,Tawny-breasted Tinamou,Allen T. Chartier,Ecuador,"Yanacocha Reserve, Pichincha",-0.1667,-78.5834,C,0:10,song,Isolated portion of song from previous cut (#9838),Nothocercus_julius_EC-Yan_19961110_S1-edit_ATC.mp3,1996-11-10,..\data\amazonas_audio\XC9839-Nothocercus-julius.mp3,1996-11-10,10
117904,Nothocercus,julius,birds,Tawny-breasted Tinamou,Sergio Córdoba Córdoba (Colección de Sonidos Ambientales - Instituto Humboldt),Colombia,"Apía, Risaralda",5.148334,-76.03333,E,0:19,call,"IAvH-CSA 15942

To obtain a wav file of the original recording, please contact csa@humboldt.org.co",XC117904-Track 32.mp3,0000-00-00,..\data\amazonas_audio\XC117904-Nothocercus-julius.mp3,,19
117477,Nothocercus,julius,birds,Tawny-breasted Tinamou,Mauricio Álvarez Rebolledo (Colección de Sonidos Ambientales - Instituto Humboldt),Colombia,"La Cristalina, Aranzazu, Caldas",5.219833,-75.40403,E,0:20,call,"IAvH-CSA 10050

To obtain a wav file of the original recording, please contact csa@humboldt.org.co",XC117477-Track 3.mp3,2002-02-22,..\data\amazonas_audio\XC117477-Nothocercus-julius.mp3,2002-02-22,20
91953,Nothocercus,nigrocapillus,birds,Hooded Tinamou,Marcelo Villegas,Peru,"Machu Picchu, Cuzco",-13.167,-72.5,A,0:15,call,Turdus?,BolPer_38OVNI.mp3,2011-11-06,..\data\amazonas_audio\XC91953-Nothocercus-nigrocapillus.mp3,2011-11-06,15
36720,Nothocercus,nigrocapillus,birds,Hooded Tinamou,Huw Lloyd,Peru,"Cock-of-the-Rock Lodge, San Pedro, Pilcopata Road, Dpto. Cusco ",-13.054647,-71.545115,A,0:19,song,,LLOYDHoodedtinamou2007.mp3,2007-09-00,..\data\amazonas_audio\XC36720-Nothocercus-nigrocapillus.mp3,,19
949767,Nothocercus,nigrocapillus,birds,Hooded Tinamou,Jacob Wijpkema,Bolivia,"Sacramento, on road La Paz - Coroico (La Paz)",-16.2501,-67.7834,B,0:16,call,,XC949767-240911_7283_a.wav,2024-09-11,..\data\amazonas_audio\XC949767-Nothocercus-nigrocapillus.wav,2024-09-11,16
206231,Nothocercus,nigrocapillus,birds,Hooded Tinamou,andreas bruun kristensen,Peru,"Santuario Historico Machu Picchu, Urubamba, Cuzco",-13.1955,-72.5406,D,0:13,song,Heard during the afternoon. Song - or call?,XC206231-Ny optagelse 25.mp3,2014-07-25,..\data\amazonas_audio\XC206231-Nothocercus-nigrocapillus.mp3,2014-07-25,13
698533,Crypturellus,berlepschi,birds,Berlepsch's Tinamou,Edison Ocaña,Ecuador,Silanche Bird Sanctuary ,0.1449,-79.1413,A,0:17,song,,XC698533-Berlepsch's Tinamou 1.mp3,2022-01-22,..\data\amazonas_audio\XC698533-Crypturellus-berlepschi.mp3,2022-01-22,17
428699,Crypturellus,berlepschi,birds,Berlepsch's Tinamou,Fabrice Schmitt,Colombia,"Buenaventura, Valle del Cauca",3.8328,-76.8896,A,0:05,song,,XC428699-Berlepsch Tinamou_SanCipriano_Co_1sep2017_FSchmitt_4.mp3,2017-09-01,..\data\amazonas_audio\XC428699-Crypturellus-berlepschi.mp3,2017-09-01,5
261514,Crypturellus,berlepschi,birds,Berlepsch's Tinamou,Olaf Jahn,Ecuador,"Esmeraldas: Corriente Grande, Salto del Bravo, Río Bravo",0.667,-78.967,A,0:16,song,<a href=http://johnvmoorenaturerecordings.com/pubs/ECUAD/main.htm>Moore et al. 2013: Bird Sounds of Ecuador DVD </a>Interval shortened,XC261514-01.008.03.Berlepsch's_Tinamou.mp3,2001-03-21,..\data\amazonas_audio\XC261514-Crypturellus-berlepschi.mp3,2001-03-21,16
261513,Crypturellus,berlepschi,birds,Berlepsch's Tinamou,Olaf Jahn,Ecuador,"Esmeraldas: Awacachi Biological Corridor, Río Tululví area",1.033,-78.603,A,0:12,song,<a href=http://johnvmoorenaturerecordings.com/pubs/ECUAD/main.htm>Moore et al. 2013: Bird Sounds of Ecuador DVD </a>Looped,XC261513-01.008.02.Berlepsch's_Tinamou.mp3,2009-09-00,..\data\amazonas_audio\XC261513-Crypturellus-berlepschi.mp3,,12
939484,Crypturellus,cinereus,birds,Cinereous Tinamou,JAYRSON ARAUJO DE OLIVEIRA,Brazil,"Estrada perdida - Parque Nacional do Viruá - Caracaraí, Roraima",1.4637,-60.9724,A,0:15,song,,XC939484-01-10-2024-7e50-Inhambu-pixuna-CARACARAI.mp3,2024-10-01,..\data\amazonas_audio\XC939484-Crypturellus-cinereus.mp3,2024-10-01,15
769477,Crypturellus,cinereus,birds,Cinereous Tinamou,JAYRSON ARAUJO DE OLIVEIRA,Brazil,"Porto Franco, Maranhão Ecopousada Brasil",-6.3761,-47.1085,A,0:12,song,,XC769477-02-12-2022-6e49-Inhambu-pixuna-PORTO-FRANCO.mp3,2022-12-02,..\data\amazonas_audio\XC769477-Crypturellus-cinereus.mp3,2022-12-02,12
755297,Crypturellus,cinereus,birds,Cinereous Tinamou,JAYRSON ARAUJO DE OLIVEIRA,Brazil,"Sinop, Mato Grosso, Estrada Clotilde",-11.7734,-55.3891,A,0:07,song,,XC755297-23-09-2022-10e2-Inhabu-pixuna.mp3,2022-09-23,..\data\amazonas_audio\XC755297-Crypturellus-cinereus.mp3,2022-09-23,7
755087,Crypturellus,cinereus,birds,Cinereous Tinamou,JAYRSON ARAUJO DE OLIVEIRA,Brazil,"Sinop, MT 423 Rio de Maria, Mato Grosso",-11.7646,-55.4282,A,0:18,song,,XC755087-21-09-2022-9e29-Inhambu-pixuna-e-SAIRA-ICOGNITA.mp3,2022-09-21,..\data\amazonas_audio\XC755087-Crypturellus-cinereus.mp3,2022-09-21,18
698654,Crypturellus,cinereus,birds,Cinereous Tinamou,Tulio Dornas,Brazil,"Chapada de Areia, State of Tocantins",-10.1327,-49.145,A,0:13,song,,XC698654-Crypturellus_cinereus-3089862.mp3,2018-08-21,..\data\amazonas_audio\XC698654-Crypturellus-cinereus.mp3,2018-08-21,13
120531,Crypturellus,cinereus,birds,Cinereous Tinamou,Lars Lachmann,Ecuador,"Sani lodge, Napo",-0.4342,-76.1973,A,0:14,song,"song given at dusk, the harsh sound at the end might be a frog",XC120531-Sunbittern_20120330_181445_prep.mp3,2012-03-30,..\data\amazonas_audio\XC120531-Crypturellus-cinereus.mp3,2012-03-30,14
61372,Crypturellus,cinereus,birds,Cinereous Tinamou,Andrew Spencer,Ecuador,"Yasuní Research Station, Parque Nacional Yasuní, Orellana",-0.6742,-76.3978,A,0:05,call,wing sounds and calls from a flushing bird,Cinereous Tinamou2010-8-21-1.mp3,2010-08-21,..\data\amazonas_audio\XC61372-Crypturellus-cinereus.mp3,2010-08-21,5
29550,Crypturellus,cinereus,birds,Cinereous Tinamou,Ramiro Yabar,Peru,"Explornapo Lodge, Napo River, Loreto",-3.2334,-72.9167,A,0:09,song?,I never heard doing this kind of vocalization,Cinereous Tinamou.mp3,2004-08-11,..\data\amazonas_audio\XC29550-Crypturellus-cinereus.mp3,2004-08-11,9
909278,Crypturellus,cinereus,birds,Cinereous Tinamou,Wim Jacobs,French Guiana,"Montsinéry-Tonnegrande, Arrondissement de Cayenne",,,B,0:16,call,Recording has been normalised at -3dB and a high pass filter has been applied (250Hz),"XC909278-2024-03-05-10_18_S19_CinerousTinamou_4811;-52,484_NHPF.mp3",2024-03-05,..\data\amazonas_audio\XC909278-Crypturellus-cinereus.mp3,2024-03-05,16
838961,Crypturellus,cinereus,birds,Cinereous Tinamou,Daan van der Hoeven,Suriname,"Meerzorg, Meerzorg, Commewijne",5.775,-55.133,B,0:06,song,,XC838961-Cenereous-tinamou-Peperpot.mp3,2021-09-14,..\data\amazonas_audio\XC838961-Crypturellus-cinereus.mp3,2021-09-14,6
754086,Crypturellus,cinereus,birds,Cinereous Tinamou,JAYRSON ARAUJO DE OLIVEIRA,Brazil,"Sinop, Mato Grosso, Estrada Clotilde",-11.7734,-55.3891,B,0:07,song,,XC754086-17-09-2022-7e11-Inhambu-pixuna.mp3,2022-09-17,..\data\amazonas_audio\XC754086-Crypturellus-cinereus.mp3,2022-09-17,7
730108,Crypturellus,cinereus,birds,Cinereous Tinamou,Brian Cox,Ecuador,"Yuturi Lodge, Orellana",-0.5489,-76.0414,B,0:11,song,,XC730108-Cinereous_Tinnamou_Yuturi_2001_04_15.mp3,2001-04-15,..\data\amazonas_audio\XC730108-Crypturellus-cinereus.mp3,2001-04-15,11
730107,Crypturellus,cinereus,birds,Cinereous Tinamou,Brian Cox,Ecuador,"Yuturi Lodge, Orellana",-0.5489,-76.0414,B,0:13,song,,XC730107-Cinereous_Tinnamou_Yuturi_2_2001_04_15.mp3,2001-04-15,..\data\amazonas_audio\XC730107-Crypturellus-cinereus.mp3,2001-04-15,13
493784,Crypturellus,cinereus,birds,Cinereous Tinamou,JAYRSON ARAUJO DE OLIVEIRA,Brazil,"Porto Franco, Maranhão Ecopousada Brasil",-6.3761,-47.1085,B,0:14,song,,XC493784-Inhambu preta talvez PORTO FRANCO  14-07-‎2019  ‏‎7e40.mp3,2019-07-14,..\data\amazonas_audio\XC493784-Crypturellus-cinereus.mp3,2019-07-14,14
481243,Crypturellus,cinereus,birds,Cinereous Tinamou,Fernando Igor de Godoy,Brazil,"Cujubim, Rondônia",-8.9828,-62.5856,B,0:07,song,FCF1144 - Fonoteca Casa da Floresta.,XC481243-1144 Crypturellus cinereus (song)Manoa_CujubimRO_131114_FIG.mp3,2014-11-13,..\data\amazonas_audio\XC481243-Crypturellus-cinereus.mp3,2014-11-13,7
481241,Crypturellus,cinereus,birds,Cinereous Tinamou,Fernando Igor de Godoy,Brazil,"Cujubim, Rondônia",-8.9828,-62.5856,B,0:10,song,FCF1142 - Fonoteca Casa da Floresta.,XC481241-1142 Crypturellus cinereus (song)_Manoa_CujubimRO_051114_FIG.mp3,2014-11-05,..\data\amazonas_audio\XC481241-Crypturellus-cinereus.mp3,2014-11-05,10
481239,Crypturellus,cinereus,birds,Cinereous Tinamou,Fernando Igor de Godoy,Brazil,"Cujubim, Rondônia",-8.9828,-62.5856,B,0:04,call,FCF1140 - Fonoteca Casa da Floresta.,XC481239-1140 Crypturellus cinereus (call)Manoa_CujubimRO_131114_FIG.mp3,2014-11-13,..\data\amazonas_audio\XC481239-Crypturellus-cinereus.mp3,2014-11-13,4
429417,Crypturellus,cinereus,birds,Cinereous Tinamou,Bobby Wilcox,Brazil,"Cristalino Jungle Lodge-Limao, Alta Floresta, Mato Grosso",-9.5383,-55.9029,B,0:20,song,About 40ft away on edge previously logged terra firme.,XC429417-180804_2825 VATI 40ft Cris 1730 mp3 amp.mp3,2018-08-04,..\data\amazonas_audio\XC429417-Crypturellus-cinereus.mp3,2018-08-04,20
403446,Crypturellus,cinereus,birds,Cinereous Tinamou,Estevao Santos,Brazil,"Sinop, Mato Grosso",-11.7546,-55.6378,B,0:11,song,"Very common in the region, there were almost 4 individuals vocalizing in the same place that day. With Lisa Miron and Maickel Sand.",XC403446-Inhambu pixuna finalizado.mp3,2017-09-19,..\data\amazonas_audio\XC403446-Crypturellus-cinereus.mp3,2017-09-19,11
221820,Crypturellus,cinereus,birds,Cinereous Tinamou,Peter Boesman,Ecuador,"La Selva lodge, Napo",-0.5,-76.5,B,0:17,song,ID certainty 100%. (Archiv. tape 22 side B track 15 seq. A),XC221820-Cinereous Tinamou  55.mp3,1992-12-23,..\data\amazonas_audio\XC221820-Crypturellus-cinereus.mp3,1992-12-23,17
203677,Crypturellus,cinereus,birds,Cinereous Tinamou,Arnold Wijker,Peru,"Sachavacayoc Lodge, Tambopata",-12.856,-69.362,B,0:17,song,,XC203677-Arw141106_11CinTinamoe.mp3,2014-11-06,..\data\amazonas_audio\XC203677-Crypturellus-cinereus.mp3,2014-11-06,17
156972,Crypturellus,cinereus,birds,Cinereous Tinamou,Eduardo D. Schultz,Brazil,"Goiatins, Tocantins",-7.7687,-47.3684,B,0:14,song,An Heliomaster longirostris came to check me out and quickly disapeared ,XC156972-13030507' Crypturellus cinereus.mp3,2013-03-05,..\data\amazonas_audio\XC156972-Crypturellus-cinereus.mp3,2013-03-05,14
120557,Crypturellus,cinereus,birds,Cinereous Tinamou,Lars Lachmann,Ecuador,"Sani lodge, Napo",-0.4342,-76.1973,B,0:13,song,song of one bird at dusk,XC120557-Cinereous Tinamou_20120401_175804_prep.mp3,2012-04-01,..\data\amazonas_audio\XC120557-Crypturellus-cinereus.mp3,2012-04-01,13
117370,Crypturellus,cinereus,birds,Cinereous Tinamou,Mauricio Álvarez Rebolledo (Colección de Sonidos Ambientales - Instituto Humboldt),Colombia,"PNN Chiribiquete, Solano, Caquetá",0.1863889,-72.60555,B,0:16,song,"IAvH-CSA 2222

To obtain a wav file of the original recording, please contact csa@humboldt.org.co",XC117370-Track 4.mp3,2000-01-04,..\data\amazonas_audio\XC117370-Crypturellus-cinereus.mp3,2000-01-04,16
117356,Crypturellus,cinereus,birds,Cinereous Tinamou,Mauricio Álvarez Rebolledo (Colección de Sonidos Ambientales - Instituto Humboldt),Colombia,"PNN Chiribiquete, Solano, Caquetá",0.2605556,-72.92333,B,0:14,song,"IAvH-CSA 1840

To obtain a wav file of the original recording, please contact csa@humboldt.org.co",XC117356-7 Audio Track.mp3,2000-01-01,..\data\amazonas_audio\XC117356-Crypturellus-cinereus.mp3,2000-01-01,14
881546,Crypturellus,cinereus,birds,Cinereous Tinamou,Hernán Arias,Brazil,"Reserva Natural Palmarí, Río Javarí, Amazonas, Brazil.",-4.2889,-70.2948,C,0:11,song,,XC881546-Xiphorhynchus-elegans-RP-Palmari-24022024.wav,2024-02-24,..\data\amazonas_audio\XC881546-Crypturellus-cinereus.wav,2024-02-24,11
830857,Crypturellus,cinereus,birds,Cinereous Tinamou,JAYRSON ARAUJO DE OLIVEIRA,Brazil,"Trilha Mata da Lagoa - Carajás, Parauapebas-PA, Pará",-6.0325,-50.0871,C,0:20,song,,XC830857-11-09-2023-9e29-Inhambu-pixuna-TRILHA-DO-LAGO-PARAUAPEBAS.mp3,2023-09-11,..\data\amazonas_audio\XC830857-Crypturellus-cinereus.mp3,2023-09-11,20
821559,Crypturellus,cinereus,birds,Cinereous Tinamou,JAYRSON ARAUJO DE OLIVEIRA,Brazil,Parque natural de Porto Velho - Rondônia,-8.6866,-63.8677,C,0:02,song,,XC821559-04-08-2023-16e45-Inhambu-pixuna-PORTO-VELHO.mp3,2023-08-04,..\data\amazonas_audio\XC821559-Crypturellus-cinereus.mp3,2023-08-04,2
817213,Crypturellus,cinereus,birds,Cinereous Tinamou,JAYRSON ARAUJO DE OLIVEIRA,Brazil,"Araguaína, Tocantins Chácara do Pedro Araujo",-7.3499,-48.2929,C,0:11,song,,XC817213-11-07-2023-09e25-Inhambu-pixuna-ARAGUAINA.mp3,2023-07-11,..\data\amazonas_audio\XC817213-Crypturellus-cinereus.mp3,2023-07-11,11
817028,Crypturellus,cinereus,birds,Cinereous Tinamou,JAYRSON ARAUJO DE OLIVEIRA,Brazil,"Estreito, Maranhão Fazenda Monte pio",-6.7131,-47.017,C,0:05,song,,XC817028-08-07-2023-18e13-Inhambu-pixuna-ESTREITO.mp3,2023-07-08,..\data\amazonas_audio\XC817028-Crypturellus-cinereus.mp3,2023-07-08,5
673176,Crypturellus,cinereus,birds,Cinereous Tinamou,Fernando Igor de Godoy,Brazil,"Dom Eliseu, Pará",-4.293,-47.5569,C,0:15,song,FCF - Fonoteca Casa da Floresta.,XC673176-2516 Crypturellus cinereus (song)Santa Maria_DomEliseu_PA_240119_FIG.mp3,2019-01-24,..\data\amazonas_audio\XC673176-Crypturellus-cinereus.mp3,2019-01-24,15
521554,Crypturellus,cinereus,birds,Cinereous Tinamou,Jarrod Swackhamer,Brazil,"Cristalino Jungle Lodge, MT",-9.5981,-55.932,C,0:02,song,"Recorded in 2018, but day and time are uncertain.",XC521554-CITI_2018_timeunknown.mp3,2018-00-00,..\data\amazonas_audio\XC521554-Crypturellus-cinereus.mp3,,2
481240,Crypturellus,cinereus,birds,Cinereous Tinamou,Fernando Igor de Godoy,Brazil,"Cujubim, Rondônia",-8.9828,-62.5856,C,0:17,call,FCF1141 - Fonoteca Casa da Floresta.,XC481240-1141 Crypturellus cinereus (calls)Manoa_CujubimRO_051114_FIG.mp3,2014-11-05,..\data\amazonas_audio\XC481240-Crypturellus-cinereus.mp3,2014-11-05,17
121218,Crypturellus,cinereus,birds,Cinereous Tinamou,GABRIEL LEITE,Brazil,Tocantins,-6.0832,-48.186,C,0:13,song,,XC121218-Crypturellus cinereus_167.MP3,2009-04-21,..\data\amazonas_audio\XC121218-Crypturellus-cinereus.mp3,2009-04-21,13
117355,Crypturellus,cinereus,birds,Cinereous Tinamou,Mauricio Álvarez Rebolledo (Colección de Sonidos Ambientales - Instituto Humboldt),Colombia,"PNN Chiribiquete, Solano, Caquetá",0.2605556,-72.92333,C,0:13,song,"IAvH-CSA 1839

To obtain a wav file of the original recording, please contact csa@humboldt.org.co",XC117355-6 Audio Track.mp3,2000-01-01,..\data\amazonas_audio\XC117355-Crypturellus-cinereus.mp3,2000-01-01,13
117328,Crypturellus,cinereus,birds,Cinereous Tinamou,Mauricio Álvarez Rebolledo (Colección de Sonidos Ambientales - Instituto Humboldt),Colombia,"PNN Chiribiquete, Solano, Caquetá",-0.2483333333,-72.92278,C,0:13,song,"IAvH-CSA 3891

To obtain a wav file of the original recording, please contact csa@humboldt.org.co",XC117328-2 Audio Track.mp3,2000-01-01,..\data\amazonas_audio\XC117328-Crypturellus-cinereus.mp3,2000-01-01,13
13439,Crypturellus,cinereus,birds,Cinereous Tinamou,Roger Ahlman,Peru,"Eco Amazonía Lodge, Madre de Dios",-12.558417,-69.063492,C,0:20,song,,Cinereous_tinamou1.mp3,2003-09-26,..\data\amazonas_audio\XC13439-Crypturellus-cinereus.mp3,2003-09-26,20
9939,Crypturellus,cinereus,birds,Cinereous Tinamou,Allen T. Chartier,Ecuador,"Sacha Lodge, Rio Napo, Orellana",-0.4714,-76.4603,C,0:11,song,,Crypturellus_cinereus_EC-Sacha_19980304_S1_ATC.mp3,1998-03-04,..\data\amazonas_audio\XC9939-Crypturellus-cinereus.mp3,1998-03-04,11
9563,Crypturellus,cinereus,birds,Cinereous Tinamou,Allen T. Chartier,Brazil,"Fazenda Rancho Grande, Rondonia",-10.3167,-62.8667,C,0:19,song,,Crypturellus_cinereus_BR-FRG_19931111_S1_ATC.mp3,1993-11-11,..\data\amazonas_audio\XC9563-Crypturellus-cinereus.mp3,1993-11-11,19
817025,Crypturellus,cinereus,birds,Cinereous Tinamou,JAYRSON ARAUJO DE OLIVEIRA,Brazil,"Estreito, Maranhão Fazenda Monte pio",-6.7131,-47.017,D,0:13,song,,XC817025-08-07-2023-18e04-Inhambu-pixuna-ESTREITO.mp3,2023-07-08,..\data\amazonas_audio\XC817025-Crypturellus-cinereus.mp3,2023-07-08,13
407355,Crypturellus,cinereus,birds,Cinereous Tinamou,Brice de la Croix,French Guiana,"Roura, Beauséjour",4.7216,-52.3073,D,0:18,song,Semi-open area,XC407355-Tinamou cendré 2.mp3,2018-03-11,..\data\amazonas_audio\XC407355-Crypturellus-cinereus.mp3,2018-03-11,18
204088,Crypturellus,cinereus,birds,Cinereous Tinamou,Albert Lastukhin,Venezuela,"Puerto Ayacucho, Raudal Atures, Rio Orinoco, Amazonas",5.6201,-67.6278,D,0:14,"call, ""tju"" call","calls at 00:2, 00:12 sec., 00:6","XC204088-Crypturellus cinereus 026_Venezuela, Amazonas, 24.03.2011, 6-45,1 Тюю.mp3",2011-03-24,..\data\amazonas_audio\XC204088-Crypturellus-cinereus.mp3,2011-03-24,14
13440,Crypturellus,cinereus,birds,Cinereous Tinamou,Roger Ahlman,Peru,"Pantiacolla Lodge, Manu, Madre de Dios",-12.6601,-71.242,D,0:20,song,,Cinereous_tinamou4.mp3,2003-09-07,..\data\amazonas_audio\XC13440-Crypturellus-cinereus.mp3,2003-09-07,20
816990,Crypturellus,cinereus,birds,Cinereous Tinamou,JAYRSON ARAUJO DE OLIVEIRA,Brazil,"Estreito, Maranhão Fazenda Monte pio",-6.7131,-47.017,E,0:02,call,,XC816990-08-07-2023-16e39-Inhambu-pixuna-ESTREITO.mp3,2023-07-08,..\data\amazonas_audio\XC816990-Crypturellus-cinereus.mp3,2023-07-08,2
298876,Crypturellus,cinereus,birds,Cinereous Tinamou,Cedric Mroczko,Ecuador,Pastaza,-1.7755,-77.8467,E,0:17,song,"High-pass filter (500Hz, 6dB); low-pass filter (6000Hz, 6dB)",XC298876-ZOOM0038.mp3,2013-11-01,..\data\amazonas_audio\XC298876-Crypturellus-cinereus.mp3,2013-11-01,17
1004562,Crypturellus,soui,birds,Little Tinamou,José María Loaiza B.,Ecuador,"Distrito Metropolitano de Quito, Pichincha, Parroquia Nanegalito, Nueva Granada, Hacienda Los Yumbos",0.0797,-78.6838,A,0:16,song,,XC1004562-3;49-¨250523_6527-Little-Tinamou.wav,2025-05-23,..\data\amazonas_audio\XC1004562-Crypturellus-soui.wav,2025-05-23,16
821655,Crypturellus,soui,birds,Little Tinamou,JAYRSON ARAUJO DE OLIVEIRA,Brazil,"Linha C-1, Porto Velho-Humaità road, Rondônia",-8.482,-63.9555,A,0:06,song,,XC821655-06-08-2023-17e58-Tururim-PORTO-VELHO.mp3,2023-08-06,..\data\amazonas_audio\XC821655-Crypturellus-soui.mp3,2023-08-06,6
705473,Crypturellus,soui,birds,Little Tinamou,Fernando Igor de Godoy,Brazil,"Manoel Urbano, State of Acre",-8.9293,-69.0886,A,0:19,song,FCF 2693,XC705473-02693 Crypturellus soui(song)UPP_SMacapa_MUrbano_AC_240717FIG.mp3,2017-07-24,..\data\amazonas_audio\XC705473-Crypturellus-soui.mp3,2017-07-24,19
698618,Crypturellus,soui,birds,Little Tinamou,Tulio Dornas,Brazil,"Santa Terezinha do Tocantins, State of Tocantins",-6.4818,-47.8109,A,0:20,"duet, song",,XC698618-Crypturellus_soui-4272570.mp3,2009-05-13,..\data\amazonas_audio\XC698618-Crypturellus-soui.mp3,2009-05-13,20
656065,Crypturellus,soui,birds,Little Tinamou,JAYRSON ARAUJO DE OLIVEIRA,Brazil,"Goiânia, Goiás, Fazenda Lageado",-16.5849,-49.1211,A,0:20,song,,XC656065-11-06-2021 7e50 Tururim5 - boa.mp3,2021-06-11,..\data\amazonas_audio\XC656065-Crypturellus-soui.mp3,2021-06-11,20
604135,Crypturellus,soui,birds,Little Tinamou,Jacob Wijpkema,Bolivia,"Palestina, Baures, Itenez, Beni Department",-13.3807,-62.0084,A,0:05,song,,XC604135-201031_1214_1.mp3,2020-10-31,..\data\amazonas_audio\XC604135-Crypturellus-soui.mp3,2020-10-31,5
493436,Crypturellus,soui,birds,Little Tinamou,JAYRSON ARAUJO DE OLIVEIRA,Brazil,"Porto Franco, Maranhão Ecopousada Brasil",-6.3761,-47.1085,A,0:05,song,,XC493436-14-07-‎2019  ‏‎5e53 TURURIM e bacurau.mp3,2019-07-14,..\data\amazonas_audio\XC493436-Crypturellus-soui.mp3,2019-07-14,5
378904,Crypturellus,soui,birds,Little Tinamou,Michael Hurben,Colombia,Las Gaviotas,11.2392,-73.4887,A,0:03,call,,XC378904-LittleTinamou.mp3,2017-07-04,..\data\amazonas_audio\XC378904-Crypturellus-soui.mp3,2017-07-04,3
332389,Crypturellus,soui,birds,Little Tinamou,Johan Chaves,Costa Rica,"Esquipulas, Quepos. Puntarenas",9.4939,-84.048,A,0:18,song,"Bird calling naturally, approx 5-6 meters away from me. 
Esquipulas, Costa Rica.
Johan Chaves 2016",XC332389-little tinamou.mp3,2016-08-20,..\data\amazonas_audio\XC332389-Crypturellus-soui.mp3,2016-08-20,18
297011,Crypturellus,soui,birds,Little Tinamou,Ross Gallardy,Peru,"Aguas Verdes, San Martin",-5.6842,-77.6578,A,0:09,song,,XC297011-LittleTinamou_Peru_062415_song.mp3,2015-06-24,..\data\amazonas_audio\XC297011-Crypturellus-soui.mp3,2015-06-24,9
275171,Crypturellus,soui,birds,Little Tinamou,Patricio Mena Valenzuela,Ecuador,"Esmeraldas: Playa de Oro, village and vicinity, Río Santiago",0.883,-78.8,A,0:17,"call, calls",<a href=http://johnvmoorenaturerecordings.com/pubs/ECUAD/main.htm>Moore et al. 2013: Bird Sounds of Ecuador DVD </a> 2 birds,XC275171-01.009.05.Little_Tinamou.mp3,1997-01-15,..\data\amazonas_audio\XC275171-Crypturellus-soui.mp3,1997-01-15,17
273514,Crypturellus,soui,birds,Little Tinamou,Peter Boesman,Colombia,"RNA El Paujil, Santander",6.05,-74.261,A,0:07,song,,XC273514-Little Tinamou song.mp3,2011-02-02,..\data\amazonas_audio\XC273514-Crypturellus-soui.mp3,2011-02-02,7
221886,Crypturellus,soui,birds,Little Tinamou,Peter Boesman,Venezuela,"La Mision Limestone hills, Falcon",10.85,-68.55,A,0:15,song,ID certainty 100%. (Archiv. tape 52 side B track 1 seq. A),XC221886-Little Tinamou A 94.mp3,1997-02-01,..\data\amazonas_audio\XC221886-Crypturellus-soui.mp3,1997-02-01,15
204092,Crypturellus,soui,birds,Little Tinamou,Albert Lastukhin,Venezuela,"Puerto Ayacucho, Raudal Atures, Rio Orinoco, Amazonas",5.6201,-67.6278,A,0:10,call,,"XC204092-Crypturellus soui 027_Venezuela, Amazonas, 22.03.2011, 7-40,1.mp3",2011-03-24,..\data\amazonas_audio\XC204092-Crypturellus-soui.mp3,2011-03-24,10
202653,Crypturellus,soui,birds,Little Tinamou,Leonardo Ordóñez-Delgado,Ecuador,"Copalinga Lodge, Zamora, Zamora Chinchipe",-4.0908,-78.9588,A,0:16,song,,XC202653-2. Crypturellus soui XC.mp3,2014-04-25,..\data\amazonas_audio\XC202653-Crypturellus-soui.mp3,2014-04-25,16
171120,Crypturellus,soui,birds,Little Tinamou,Bruno Lima,Brazil,"Manaus, Amazonas",-2.6007,-59.9242,A,0:12,song,,"XC171120-Crypturellus soui, ZF2, Manaus-AM, 2013.mp3",2014-03-12,..\data\amazonas_audio\XC171120-Crypturellus-soui.mp3,2014-03-12,12
171048,Crypturellus,soui,birds,Little Tinamou,Bruno Lima,Brazil,"Manaus, Amazonas",-2.6007,-59.9242,A,0:12,song,,"XC171048-Crypturellus soui, ZF2, Manaus-AM, 2013.mp3",2014-03-04,..\data\amazonas_audio\XC171048-Crypturellus-soui.mp3,2014-03-04,12
127107,Crypturellus,soui,birds,Little Tinamou,Noé Eiterer,Brazil,"Aracruz, Espirito Santo",-19.8189,-40.2739,A,0:09,song,,XC127107-tururim ARACRUZ-ES.mp3,2013-02-01,..\data\amazonas_audio\XC127107-Crypturellus-soui.mp3,2013-02-01,9
87386,Crypturellus,soui,birds,Little Tinamou,Sidnei S. dos Santos,Brazil,"Mata de São João, Bahia.",,,A,0:04,song,,Crypturellus soui_MataSaoJoao.mp3,2011-08-06,..\data\amazonas_audio\XC87386-Crypturellus-soui.mp3,2011-08-06,4
58399,Crypturellus,soui,birds,Little Tinamou,Gabriela Navarrete Forero,Colombia,"Ome Ecological Station, Purite River, Amazonas dep. 70 Km N of Leticia",,,A,0:10,song,link:www.ornitologiacolombiana.org/oc9/Resumenes%20Tesis%20OC9.pdf,Crypturellus soui.mp3,2009-08-03,..\data\amazonas_audio\XC58399-Crypturellus-soui.mp3,2009-08-03,10
54226,Crypturellus,soui,birds,Little Tinamou,Bernabe Lopez-Lanus,Colombia,"Finca La Magnolia, Corregimiento Totumo, Ibague, Tolima",,,A,0:05,song,,Crypturellus soui_Finca La Magnolia_Totumo_Ibague_Tolima_7AGO1999 a_Bernabe Lopez-Lanus.mp3,1999-08-07,..\data\amazonas_audio\XC54226-Crypturellus-soui.mp3,1999-08-07,5
32223,Crypturellus,soui,birds,Little Tinamou,Nick Athanas,Colombia,"RNA El Paujil, Serrania de las Quinchas,Santander, Colombia",5.9334,-74.1834,A,0:18,song,,R09_1218-Little-Tinamou.mp3,2007-11-29,..\data\amazonas_audio\XC32223-Crypturellus-soui.mp3,2007-11-29,18
18192,Crypturellus,soui,birds,Little Tinamou,Herman van Oosten,Colombia,"El canon del Rio Claro, Antioquia",5.8334,-74.8667,A,0:19,song?,"95%, bird not seen.",Crypturellus soui_1110_05208.mp3,2008-02-05,..\data\amazonas_audio\XC18192-Crypturellus-soui.mp3,2008-02-05,19
5427,Crypturellus,soui,birds,Little Tinamou,Richard C. Hoyer,Brazil,"N of Esplanada, Bahia",-11.6489,-37.8901,A,0:19,song,,Little_Tinamou_Hoyer.mp3,2005-10-11,..\data\amazonas_audio\XC5427-Crypturellus-soui.mp3,2005-10-11,19
955636,Crypturellus,soui,birds,Little Tinamou,Jelle Scharringa,Costa Rica,"La Virgen, Sarapiqui, Heredia Province",10.4314,-84.039,B,0:18,song,"Estacion Biologica La Selva
",XC955636-20190314_Little-Tinamou.mp3,2019-03-14,..\data\amazonas_audio\XC955636-Crypturellus-soui.mp3,2019-03-14,18
928650,Crypturellus,soui,birds,Little Tinamou,Sue Riffe,Ecuador,"Rio Silanche upper Rd, Pedro Vicente Maldonado, Pichincha",0.1219,-79.138,B,0:19,song,natural vocalization,XC928650-Boat-billed-Flycatcher-on-Upper-Rio-Silanche-Rd-EC-on-1.23.24-at-8.17-for-.19.mp3,2024-01-23,..\data\amazonas_audio\XC928650-Crypturellus-soui.mp3,2024-01-23,19
763566,Crypturellus,soui,birds,Little Tinamou,Arcadio Marin ,Colombia,"La Vega, Cundinamarca",5.023,-74.3285,B,0:02,song,,XC763566-Crypturellus-soui.mp3,2022-11-11,..\data\amazonas_audio\XC763566-Crypturellus-soui.mp3,2022-11-11,2
755078,Crypturellus,soui,birds,Little Tinamou,JAYRSON ARAUJO DE OLIVEIRA,Brazil,"Sinop, Mato Grosso, Estrada Clotilde",-11.7734,-55.3891,B,0:04,song,,XC755078-20-09-2022-18e50-Tururim.mp3,2022-09-20,..\data\amazonas_audio\XC755078-Crypturellus-soui.mp3,2022-09-20,4
636382,Crypturellus,soui,birds,Little Tinamou,Francisco Sornoza,Ecuador,"Pichincha: Reserva Natural Kapari, San Miguel de los Bancos",0.0012,-78.9391,B,0:20,song,,"XC636382-20210405,1043hrsCrypturellus_soui,770mB.MP3",2021-04-05,..\data\amazonas_audio\XC636382-Crypturellus-soui.mp3,2021-04-05,20
552350,Crypturellus,soui,birds,Little Tinamou,Dante Buzzetti,Brazil,"Estação Ecológica de Murici, Murici, Alagoas",-9.2093,-35.8681,B,0:07,subsong,DCB 598-13g,XC552350-Crypturellus soui DCB 598-13g.mp3,2007-12-09,..\data\amazonas_audio\XC552350-Crypturellus-soui.mp3,2007-12-09,7
538980,Crypturellus,soui,birds,Little Tinamou,Brice de la Croix,French Guiana,"Montsinéry-Tonnegrande, Rivière des Cascades",4.7962,-52.4577,B,0:13,song,,XC538980-Tinamou soui Rivière des Cascades 150220.mp3,2020-02-15,..\data\amazonas_audio\XC538980-Crypturellus-soui.mp3,2020-02-15,13
494772,Crypturellus,soui,birds,Little Tinamou,Dante Buzzetti,Brazil,"CEPLAC Una, Una, Bahia",-15.2798,-39.0897,B,0:10,song,DCB 620-15,XC494772-Crypturellus soui DCB 620-15.mp3,2008-06-20,..\data\amazonas_audio\XC494772-Crypturellus-soui.mp3,2008-06-20,10
472327,Crypturellus,soui,birds,Little Tinamou,Ricardo Gagliardi,Brazil,"União Biological Reserve, Casimiro de Abreu / Rio das Ostras, Rio de Janeiro",-22.4312,-42.0337,B,0:16,song,,XC472327-Crypturellus_soui-1400017.mp3,2014-07-04,..\data\amazonas_audio\XC472327-Crypturellus-soui.mp3,2014-07-04,16
441760,Crypturellus,soui,birds,Little Tinamou,Phil Stouffer,Brazil,"Rio Preto da Eva, State of Amazonas",-2.3731,-59.968,B,0:05,call,,XC441760-180718_08 Crypturellus soui.mp3,2018-07-18,..\data\amazonas_audio\XC441760-Crypturellus-soui.mp3,2018-07-18,5
424382,Crypturellus,soui,birds,Little Tinamou,Yair Guillermo Molina Martínez.,Colombia,"Reserva Natural la Primavera, Ibagué, Tolima",4.4804,-75.1069,B,0:19,song,"Grabación hecha en el marco del Proyecto ""Estudio técnico y participativo de la biodiversidad aviar del municipio de Ibagué – Tolima, como estrategia para la consolidación del ecoturismo de aves, la conservación de sus hábitats y el desarrollo de procesos de educación ambiental"" Universidad de Ibagué - Rednatur - Colciencias.",XC424382-Crypterellus soui La primavera 9 06 2017 12 14 pm.mp3,2017-06-09,..\data\amazonas_audio\XC424382-Crypturellus-soui.mp3,2017-06-09,19
400315,Crypturellus,soui,birds,Little Tinamou,Breno Dias Vitorino,Brazil,"Porto Estrela, Mato Grosso",-15.6421,-57.1899,B,0:04,song,,XC400315-B0070804 cry sou.mp3,2017-08-04,..\data\amazonas_audio\XC400315-Crypturellus-soui.mp3,2017-08-04,4
393336,Crypturellus,soui,birds,Little Tinamou,Phil Stouffer,Brazil,"BDFFP, Amazonas state",-2.4042,-59.8673,B,0:15,song,,XC393336-Crypturellus soui.mp3,1993-00-00,..\data\amazonas_audio\XC393336-Crypturellus-soui.mp3,,15
387848,Crypturellus,soui,birds,Little Tinamou,Albert Lastukhin,Venezuela,Puerto Ajacucho,5.6709,-67.5551,B,0:11,song,,"XC387848-Crypturellus soui 053_Venezuela, Amazonas, 24.03.2011, 8-20,AA.mp3",2011-03-24,..\data\amazonas_audio\XC387848-Crypturellus-soui.mp3,2011-03-24,11
358884,Crypturellus,soui,birds,Little Tinamou,Tulio Dornas,Brazil,"P.A. Nova União, Araguatins, Tocantins",-5.3217,-48.3606,B,0:14,song,,XC358884-Crypturellus_soui-1819240.mp3,2014-07-02,..\data\amazonas_audio\XC358884-Crypturellus-soui.mp3,2014-07-02,14
272579,Crypturellus,soui,birds,Little Tinamou,Peter Boesman,Suriname,"Zanderij, Airport area",5.45,-55.19,B,0:15,"song, rising song",,XC272579-LS_54417  Little Tinamou rising song.mp3,2014-03-14,..\data\amazonas_audio\XC272579-Crypturellus-soui.mp3,2014-03-14,15
225388,Crypturellus,soui,birds,Little Tinamou,Joe Klaiber,Venezuela,Caura - Las Trincheras,6.963,-64.899,B,0:06,song,,XC225388-110-Little-Tinamou-short.mp3,2006-12-01,..\data\amazonas_audio\XC225388-Crypturellus-soui.mp3,2006-12-01,6
221905,Crypturellus,soui,birds,Little Tinamou,Peter Boesman,Mexico,"Campamento Río Lacandon, Chiapas",16.7166666667,-91.0833333333,B,0:13,rising song?,ID certainty 100%. (Archiv. tape 162 side B track 15 seq. B),XC221905-Little Tinamou B 98.mp3,2003-04-08,..\data\amazonas_audio\XC221905-Crypturellus-soui.mp3,2003-04-08,13
221903,Crypturellus,soui,birds,Little Tinamou,Peter Boesman,Brazil,"Crasto forest, Sergipe",-11.4166666667,-37.4166666667,B,0:20,"song, rising song",ID certainty 100%. (Archiv. tape 305 side B track 33 seq. A),XC221903-Little Tinamou B 113.mp3,2004-02-02,..\data\amazonas_audio\XC221903-Crypturellus-soui.mp3,2004-02-02,20
221901,Crypturellus,soui,birds,Little Tinamou,Peter Boesman,Venezuela,"Palmichal area, Carabobo",10.35,-68.2,B,0:11,"song, rising song",ID certainty 100%. (Archiv. tape 171 side A track 44 seq. C),XC221901-Little Tinamou B 102.mp3,2003-07-22,..\data\amazonas_audio\XC221901-Crypturellus-soui.mp3,2003-07-22,11
221897,Crypturellus,soui,birds,Little Tinamou,Peter Boesman,Peru,"Morro de Calzada, San Martín",-6.0,-77.0833333333,B,0:14,"song, rising song",ID certainty 100%. (Archiv. tape 525 side A track 164 seq. A),XC221897-Little Tinamou B 120.mp3,2008-01-03,..\data\amazonas_audio\XC221897-Crypturellus-soui.mp3,2008-01-03,14
221891,Crypturellus,soui,birds,Little Tinamou,Peter Boesman,Ecuador,"Gareno Lodge, Napo",-1.035,-77.399,B,0:07,"song, rising song",ID certainty 90%. (Archiv. tape 192 side B track 29 seq. A),XC221891-Little Tinamou B 108.mp3,2006-02-17,..\data\amazonas_audio\XC221891-Crypturellus-soui.mp3,2006-02-17,7
204091,Crypturellus,soui,birds,Little Tinamou,Albert Lastukhin,Venezuela,"Puerto Ayacucho, Raudal Atures, Rio Orinoco, Amazonas",5.6201,-67.6278,B,0:19,song,,"XC204091-Crypturellus soui 016_Venezuela, Amazonas, 24.03.2011, 5-50,В.mp3",2011-03-24,..\data\amazonas_audio\XC204091-Crypturellus-soui.mp3,2011-03-24,19
166643,Crypturellus,soui,birds,Little Tinamou,Mike Nelson,Costa Rica,"Bosque del Rio Tigre Lodge, Osa Peninsula",8.5264,-83.3951,B,0:13,song,,XC166643-Little TinamouRT12014.mp3,2014-01-21,..\data\amazonas_audio\XC166643-Crypturellus-soui.mp3,2014-01-21,13
133409,Crypturellus,soui,birds,Little Tinamou,Renato Batista,Brazil,"Conceição do Araguaia, Para",-8.2633,-49.2643,B,0:12,"call, song","O som foi realizado no Bioma Cerrado em uma Mata Estacional, mas ainda não conseguir identificar corretamente.
Ele seria um som da espécie Tinamus tao?",XC133409-130328_024.MP3,2013-03-28,..\data\amazonas_audio\XC133409-Crypturellus-soui.mp3,2013-03-28,12
132720,Crypturellus,soui,birds,Little Tinamou,Mayron McKewy Mejía,Honduras,"La Pandura, Santa Bárbara",15.2219,-88.3163,B,0:09,song,,XC132720-Crypturellus soui SB 24ago.mp3,2012-08-24,..\data\amazonas_audio\XC132720-Crypturellus-soui.mp3,2012-08-24,9
130752,Crypturellus,soui,birds,Little Tinamou,Oscar Humberto Marin-Gomez,Colombia,"Parque Regional Barbas-Bremen, Filandia, Quindio. Sector Barbas",4.6717,-75.6283,B,0:17,"call, song",OHM12B 1651,XC130752-C_soui 1651 OHM0012B Bremen 02dic2007 1115h.mp3,2007-12-02,..\data\amazonas_audio\XC130752-Crypturellus-soui.mp3,2007-12-02,17
125697,Crypturellus,soui,birds,Little Tinamou,Christian B. Andretti,Brazil,Almeirim/Pará,-1.095,-52.653,B,0:13,call,Bituba - Selective Logging,XC125697-Crypturellus soui.mp3,2011-07-19,..\data\amazonas_audio\XC125697-Crypturellus-soui.mp3,2011-07-19,13
119998,Crypturellus,soui,birds,Little Tinamou,Lars Lachmann,Ecuador,"Rio Canandé Reserve, Esmeraldas",0.472,-79.2139,B,0:14,song,heard next to the road at the clearing of Canande Lodge,XC119998-Great Tinamou_20120320_060037.mp3,2012-03-20,..\data\amazonas_audio\XC119998-Crypturellus-soui.mp3,2012-03-20,14
112959,Crypturellus,soui,birds,Little Tinamou,Sander Bot,Costa Rica,"Golfito, Puntarenas",8.6315,-83.1787,B,0:16,song,,XC112959-LittleTinamou15aug2012GolfitoCostaRica.mp3,2012-08-15,..\data\amazonas_audio\XC112959-Crypturellus-soui.mp3,2012-08-15,16
86066,Crypturellus,soui,birds,Little Tinamou,Oswaldo Cortes,Colombia,"Tibacuy, Cuchilla del Quinini, Cundinamarca",,,B,0:15,song,,crytourellus soui gft.mp3,2011-08-15,..\data\amazonas_audio\XC86066-Crypturellus-soui.mp3,2011-08-15,15
55127,Crypturellus,soui,birds,Little Tinamou,Bernabe Lopez-Lanus,Colombia,"Veredas Cayapal/Buenavista/Anatoli (Puerto Lleras-Cachipay), La Mesa, Cundinamarca",,,B,0:08,song,,Crypturellus soui_La Mesa (Puerto Llera-Calchipay)_Cundinamarca_Colombia_31MAY2000 d_Bernabe Lopez-Lanus.mp3,2000-05-31,..\data\amazonas_audio\XC55127-Crypturellus-soui.mp3,2000-05-31,8
54225,Crypturellus,soui,birds,Little Tinamou,Bernabe Lopez-Lanus,Colombia,"Finca La Magnolia, Corregimiento Totumo, Ibague, Tolima",,,B,0:05,song,,Crypturellus soui_Finca La Magnolia_Totumo_Ibague_Tolima_7AGO1999 f_Bernabe Lopez-Lanus.mp3,1999-08-07,..\data\amazonas_audio\XC54225-Crypturellus-soui.mp3,1999-08-07,5
54224,Crypturellus,soui,birds,Little Tinamou,Bernabe Lopez-Lanus,Colombia,"Finca La Magnolia, Corregimiento Totumo, Ibague, Tolima",,,B,0:03,song,,Crypturellus soui_Finca La Magnolia_Totumo_Ibague_Tolima_7AGO1999 g_Bernabe Lopez-Lanus.mp3,1999-08-07,..\data\amazonas_audio\XC54224-Crypturellus-soui.mp3,1999-08-07,3
54222,Crypturellus,soui,birds,Little Tinamou,Bernabe Lopez-Lanus,Colombia,"Finca La Magnolia, Corregimiento Totumo, Ibague, Tolima",,,B,0:03,song,,Crypturellus soui_Finca La Magnolia_Totumo_Ibague_Tolima_7AGO1999 c_Bernabe Lopez-Lanus.mp3,1999-08-07,..\data\amazonas_audio\XC54222-Crypturellus-soui.mp3,1999-08-07,3
18652,Crypturellus,soui,birds,Little Tinamou,Ken Allaire,Panama,"Burbayar Lodge, Nusagandi, Panama",9.3334,-78.9667,B,0:11,song,The furnariid is actually a bit more in the foreground.,littletinamouburb080226.mp3,2008-02-26,..\data\amazonas_audio\XC18652-Crypturellus-soui.mp3,2008-02-26,11
11044,Crypturellus,soui,birds,Little Tinamou,Todd Mark,Peru,"near Alto Dorado, Rio San Francisco drainage, Cajamarca",-4.9548,-78.9792,B,0:10,song,,TMIItapeIICrySou.mp3,2006-12-00,..\data\amazonas_audio\XC11044-Crypturellus-soui.mp3,,10
9940,Crypturellus,soui,birds,Little Tinamou,Allen T. Chartier,Ecuador,"Sacha Lodge, Rio Napo, Orellana",-0.4714,-76.4603,B,0:04,song,,Crypturellus_soui_EC-Sacha_19980304_S1_ATC.mp3,1998-03-04,..\data\amazonas_audio\XC9940-Crypturellus-soui.mp3,1998-03-04,4
1034608,Crypturellus,soui,birds,Little Tinamou,Fernando Igor de Godoy,Brazil,"Parque Nacional da Serra do Divisor, State of Acre",-7.4494,-73.6706,C,0:13,song,,XC1034608-ID_Crypturelus_2_PNSD_031021.wav,2021-10-03,..\data\amazonas_audio\XC1034608-Crypturellus-soui.wav,2021-10-03,13
1003215,Crypturellus,soui,birds,Little Tinamou,Leonardo Vivar,Ecuador,Valle los Chillos,,,C,0:01,call,,XC1003215-Crypturellus-soui-2.wav,2025-06-01,..\data\amazonas_audio\XC1003215-Crypturellus-soui.wav,2025-06-01,1
987188,Crypturellus,soui,birds,Little Tinamou,Marc Anderson,Ecuador,"Orellana: Mandari Panga Yasuni, south bank Río Tiputini",-0.6257,-76.6179,C,0:12,song,,XC987188-Tinamou_Little1_M3MKH-008_Tiputini_Tapir_Trail_Slope_Dusk_03Feb25_tmp.mp3,2025-02-03,..\data\amazonas_audio\XC987188-Crypturellus-soui.mp3,2025-02-03,12
673177,Crypturellus,soui,birds,Little Tinamou,Fernando Igor de Godoy,Brazil,"Dom Eliseu, Pará",-4.293,-47.5569,C,0:15,song,FCF - Fonoteca Casa da Floresta.,XC673177-2517 Crypturellus soui albigularis (song)Bonfim_DomEliseuPA_260118_FIG.mp3,2019-01-26,..\data\amazonas_audio\XC673177-Crypturellus-soui.mp3,2019-01-26,15
639771,Crypturellus,soui,birds,Little Tinamou,David Monroy Rengifo,Colombia,Reserva Natural Cauquitá,4.843,-75.8187,C,0:16,call,,XC639771-210221-001 - Little Tinamou - Cripturellus soui.mp3,2021-02-21,..\data\amazonas_audio\XC639771-Crypturellus-soui.mp3,2021-02-21,16
568542,Crypturellus,soui,birds,Little Tinamou,Guilherme Santos Toledo de Lima,Brazil,"Mata do Matão, Fazenda Pindoba, Campo Alegre, Alagoas.",-9.7747,-36.2349,C,0:16,song,,XC568542-Crypturellus soui_MatadoMatãoFazendaPindobaCampoAlegreAL_2008_GSTL0009.mp3,2008-03-29,..\data\amazonas_audio\XC568542-Crypturellus-soui.mp3,2008-03-29,16
537441,Crypturellus,soui,birds,Little Tinamou,Jerome Fischer,Colombia,"Mana Dulce, Cundinamarca",4.351,-74.652,C,0:16,song,,"XC537441-Little Tinamou, 21.3..mp3",2020-03-21,..\data\amazonas_audio\XC537441-Crypturellus-soui.mp3,2020-03-21,16
526154,Crypturellus,soui,birds,Little Tinamou,Enrique Varela,Costa Rica,"Nagatac, Magallanes, San Ramón, Provincia de Alajuela",10.0711,-84.5248,C,0:20,song,,XC526154-Crypturellus soui_01.mp3,2018-05-01,..\data\amazonas_audio\XC526154-Crypturellus-soui.mp3,2018-05-01,20
477845,Crypturellus,soui,birds,Little Tinamou,Rosendo Manuel Fraga,Venezuela,"Rio Comboto, Aragua",10.4167,-67.7834,C,0:16,"call, song",Ascending-descending whistles of a bird of unknown sex. Frequency around 2 kHz. Coming from riparian woodland along Río Comboto. Identified by Dan Lane.,XC477845-UnknownOcumareWhistlesTape38Venez2004.mp3,2004-02-29,..\data\amazonas_audio\XC477845-Crypturellus-soui.mp3,2004-02-29,16
403410,Crypturellus,soui,birds,Little Tinamou,Brice de la Croix,French Guiana,"Roura, Piste Eskol",4.7216,-52.3073,C,0:16,song,At dusk,XC403410-Tinamou Soui:Eskol:10:07:17.mp3,2017-07-10,..\data\amazonas_audio\XC403410-Crypturellus-soui.mp3,2017-07-10,16
322436,Crypturellus,soui,birds,Little Tinamou,Marcus Braun,Brazil,"São Vicente Ferrer, São Vicente Ferrer, Pernambuco",-7.6087,-35.4267,C,0:07,song,First notes missing. This seems to be the typical song of the species in this area.,XC322436-audLittle Tinamou_Xixa_20160326_092239 (online-audio-converter.com).mp3,2016-03-26,..\data\amazonas_audio\XC322436-Crypturellus-soui.mp3,2016-03-26,7
279015,Crypturellus,soui,birds,Little Tinamou,Alfonso Auerbach,Honduras,"Rio Blanco , Cerca de Reserva Malacate , Olancho",15.1078,-85.6013,C,0:08,song,,XC279015-150912_0808 little tinamou.MP3,2015-09-13,..\data\amazonas_audio\XC279015-Crypturellus-soui.mp3,2015-09-13,8
266090,Crypturellus,soui,birds,Little Tinamou,Francisco Dubon,Honduras,"Finca Cashapa (Sector Las Urupas), Rio Amarillo, Santa Rita, Copan",14.9216,-88.9993,C,0:16,call,,"XC266090-2015_02_08 0704 Little Tinamou, Finca Cashapa (Sector Las Urupas), Rio Amarillo, Santa Rita Copan, HON.mp3",2015-08-02,..\data\amazonas_audio\XC266090-Crypturellus-soui.mp3,2015-08-02,16
221912,Crypturellus,soui,birds,Little Tinamou,Peter Boesman,Brazil,"Boa Nova humid area, Bahia",-14.5,-40.0833333333,C,0:11,"song, rising song",ID certainty 100%. (Archiv. tape 308 side A track 37 seq. A),XC221912-Little Tinamou C 116.mp3,2004-02-05,..\data\amazonas_audio\XC221912-Crypturellus-soui.mp3,2004-02-05,11
221911,Crypturellus,soui,birds,Little Tinamou,Peter Boesman,Brazil,"Crasto forest, Sergipe",-11.4166666667,-37.4166666667,C,0:12,"song, rising song",ID certainty 100%. (Archiv. tape 305 side B track 38 seq. A),XC221911-Little Tinamou C 114.mp3,2004-02-02,..\data\amazonas_audio\XC221911-Crypturellus-soui.mp3,2004-02-02,12
221910,Crypturellus,soui,birds,Little Tinamou,Peter Boesman,Venezuela,"Sabana de Piedra - Santa Maria road, Monagas",10.25,-63.5833333333,C,0:09,"song, rising song",ID certainty 100%. (Archiv. tape 174 side B track 20 seq. A),XC221910-Little Tinamou C 105.mp3,2003-08-01,..\data\amazonas_audio\XC221910-Crypturellus-soui.mp3,2003-08-01,9
221909,Crypturellus,soui,birds,Little Tinamou,Peter Boesman,Venezuela,"Sabana de Piedra - Santa Maria road, Monagas",10.25,-63.5833333333,C,0:18,"song, rising song",ID certainty 100%. (Archiv. tape 174 side B track 4 seq. A),XC221909-Little Tinamou C 104.mp3,2003-07-31,..\data\amazonas_audio\XC221909-Crypturellus-soui.mp3,2003-07-31,18
217441,Crypturellus,soui,birds,Little Tinamou,Cedric Mroczko,Ecuador,"Rio Silanche, Pedro Vicente Maldonado, Pichincha",0.1431,-79.1334,C,0:06,song,"Many thanks to Dan Lane for the identification.
Sennheiser ME66 + K6 + FEL 3.5 MX + Sony PCM-M10; low-pass filter (3000Hz, 6dB), lo-cut filter (1000Hz, 6dB) and fade in/fade out with Audacity",XC217441-150220_13.mp3,2015-02-20,..\data\amazonas_audio\XC217441-Crypturellus-soui.mp3,2015-02-20,6
196104,Crypturellus,soui,birds,Little Tinamou,Leonardo Ordóñez-Delgado,Ecuador,"Reserva Maicu, Nangaritza, Zamora Chinchipe",-4.2094,-78.6397,C,0:20,song,,XC196104-6.1 Crypturellus soui XC.MP3,2014-08-02,..\data\amazonas_audio\XC196104-Crypturellus-soui.mp3,2014-08-02,20
185733,Crypturellus,soui,birds,Little Tinamou,Carlos Funes,Honduras,"Reserva de Vida Silvestre El Armado, Olancho",14.8951,-86.8155,C,0:14,song,,XC185733-Crysou_SDR_0623.mp3,2013-05-08,..\data\amazonas_audio\XC185733-Crypturellus-soui.mp3,2013-05-08,14
184952,Crypturellus,soui,birds,Little Tinamou,Carlos Funes,Honduras,"El Salitre - Guata, Olancho",15.1188,-86.4122,C,0:04,call,,XC184952-Crysou_SDR_0451.mp3,2013-05-02,..\data\amazonas_audio\XC184952-Crypturellus-soui.mp3,2013-05-02,4
120825,Crypturellus,soui,birds,Little Tinamou,Lars Lachmann,Ecuador,"Tundaloma Lodge, Esmeraldas",1.1823,-78.7561,C,0:04,song,single call,XC120825-Little Tinamou_20120326_150455_prep.mp3,2012-03-26,..\data\amazonas_audio\XC120825-Crypturellus-soui.mp3,2012-03-26,4
120036,Crypturellus,soui,birds,Little Tinamou,GABRIEL LEITE,Brazil,"Alto Alegre do Pindaré, Maranhao",-3.6668,-45.8465,C,0:13,song,,XC120036-Crypturellus soui_1055b.MP3,2011-07-21,..\data\amazonas_audio\XC120036-Crypturellus-soui.mp3,2011-07-21,13
119245,Crypturellus,soui,birds,Little Tinamou,GABRIEL LEITE,Brazil,"Porto Velho, Rondônia",-9.4111,-64.7713,C,0:17,song,,XC119245-Crypturellus soui_JaciD.MP3,2011-02-16,..\data\amazonas_audio\XC119245-Crypturellus-soui.mp3,2011-02-16,17
106601,Crypturellus,soui,birds,Little Tinamou,Thore Noernberg,Venezuela,Laja del Tigre Trail - Rio Caura Edo. Bolivar,6.684,-64.8,C,0:10,song,recorded on the Laja del Tigre Trail close to Yokore Island,LITTLE TINAMOU.mp3,2012-07-21,..\data\amazonas_audio\XC106601-Crypturellus-soui.mp3,2012-07-21,10
56908,Crypturellus,soui,birds,Little Tinamou,Mike Nelson,Panama,"La Marea, Darien",8.1506,-77.9997,C,0:06,call,,LittleTinamou2.mp3,2009-01-20,..\data\amazonas_audio\XC56908-Crypturellus-soui.mp3,2009-01-20,6
54223,Crypturellus,soui,birds,Little Tinamou,Bernabe Lopez-Lanus,Colombia,"Finca La Magnolia, Corregimiento Totumo, Ibague, Tolima",,,C,0:05,song,,Crypturellus soui_Finca La Magnolia_Totumo_Ibague_Tolima_7AGO1999 d_Bernabe Lopez-Lanus.mp3,1999-08-07,..\data\amazonas_audio\XC54223-Crypturellus-soui.mp3,1999-08-07,5
38565,Crypturellus,soui,birds,Little Tinamou,Carolina Montealegre,Colombia,"Bosque de San Antonio, Municipio Cali, Valle del Cauca",,,C,0:07,song,,Crypturellus soui y Arremon brunneinucha_Antonio2-Oct.mp3,2008-10-15,..\data\amazonas_audio\XC38565-Crypturellus-soui.mp3,2008-10-15,7
14013,Crypturellus,soui,birds,Little Tinamou,Bradley Davis,Colombia,"RNA El Paujil, Serrania de las Quinchas,Santander, Colombia",5.9334,-74.1834,C,0:17,song,,BD_2007-06-11_Tinamus_majorXC.mp3,2007-06-11,..\data\amazonas_audio\XC14013-Crypturellus-soui.mp3,2007-06-11,17
12095,Crypturellus,soui,birds,Little Tinamou,Doug Knapp,Venezuela,El Pauji,4.6084,-61.4026,C,0:13,song,,Crypturellus_soui-04apr07-GSV.mp3,2007-04-04,..\data\amazonas_audio\XC12095-Crypturellus-soui.mp3,2007-04-04,13
7302,Crypturellus,soui,birds,Little Tinamou,Mauricio Cabral Periquito,Brazil,"Parque Dois Irmãos, Recife, Pernambuco",-8.0539,-34.8809,C,0:11,song,,C. soui Dois Irmaos.mp3,2005-03-19,..\data\amazonas_audio\XC7302-Crypturellus-soui.mp3,2005-03-19,11
6101,Crypturellus,soui,birds,Little Tinamou,Otte Ottema,Suriname,Coesewijne,5.38,-55.6101,C,0:12,song,link:http://www.planktonik.com/birdingsuriname/,crso_ot.mp3,2005-05-28,..\data\amazonas_audio\XC6101-Crypturellus-soui.mp3,2005-05-28,12
3756,Crypturellus,soui,birds,Little Tinamou,Don Jones,Ecuador,"Rio Palenque, Patricia Pilar, Pichincha",-0.5889,-79.3626,C,0:12,song,,littima.mp3,1990-07-18,..\data\amazonas_audio\XC3756-Crypturellus-soui.mp3,1990-07-18,12
461383,Crypturellus,soui,birds,Little Tinamou,Jeff Normandin,Costa Rica,"Naranjito, Provincia de Puntarenas",9.5327,-84.0806,D,0:13,song,"I was focused on the Pauraque when I made the recording, then afterward I realized I had also captured the sound of the other bird, which I have come to identify as a Little Tinamou.  The melancholy whinny of the Tinamou can be heard at about 3 seconds, 7 seconds, and 10 seconds.",XC461383-NightSounds_4840.mp3,2019-02-22,..\data\amazonas_audio\XC461383-Crypturellus-soui.mp3,2019-02-22,13
221913,Crypturellus,soui,birds,Little Tinamou,Peter Boesman,Venezuela,"Balneario Subucual, Sucre",10.55,-63.1,D,0:09,song?,ID certainty 70%. (Archiv. tape 173 side B track 27 seq. A),XC221913-Little Tinamou D 103.mp3,2003-07-29,..\data\amazonas_audio\XC221913-Crypturellus-soui.mp3,2003-07-29,9
194640,Crypturellus,soui,birds,Little Tinamou,Fabrice Schmitt,Peru,"San Lorenzo, Loreto",-4.7671,-76.525,D,0:14,song,,XC194640-Little Tinamou_SanLorenzo_Pe_9jun2013_FSchmitt.mp3,2013-06-09,..\data\amazonas_audio\XC194640-Crypturellus-soui.mp3,2013-06-09,14
188259,Crypturellus,soui,birds,Little Tinamou,Jeisson Poveda,Colombia,"Libano, Tolima",4.9169,-75.0872,D,0:02,song,,XC188259-Crypturellus.mp3,2014-03-18,..\data\amazonas_audio\XC188259-Crypturellus-soui.mp3,2014-03-18,2
59779,Crypturellus,soui,birds,Little Tinamou,Myornis,Peru,"Explorer's Inn, Tambopata",-12.8384,-69.2945,D,0:04,song,Very distant - record only,Disc 13 Track 3 Little Tinamou (distant).mp3,2008-09-00,..\data\amazonas_audio\XC59779-Crypturellus-soui.mp3,,4
302401,Crypturellus,soui,birds,Little Tinamou,Alfonso Auerbach,Honduras,"Río Santiago Nature Resort, Masica, Atlántida",15.5958,-87.0617,E,0:11,song,,XC302401-160203_1855 tinamou.MP3,2016-02-04,..\data\amazonas_audio\XC302401-Crypturellus-soui.mp3,2016-02-04,11
135515,Crypturellus,soui,birds,Little Tinamou,Marcus Braun,Brazil,"Timbaúba, Pernambuco",-7.6096,-35.3952,E,0:15,song,,XC135515-CRYPsou_Xixa_20120330_105217.mp3,2012-03-30,..\data\amazonas_audio\XC135515-Crypturellus-soui.mp3,2012-03-30,15
117256,Crypturellus,soui,birds,Little Tinamou,Mauricio Álvarez Rebolledo (Colección de Sonidos Ambientales - Instituto Humboldt),Colombia,"Inspección de Policía Virolín Cuchilla de la Vieja (Costilla del Fara), Virolín, Charalá, Santander",6.105278,-73.22222,E,0:14,song,"IAvH-CSA 10010

To obtain a wav file of the original recording, please contact csa@humboldt.org.co",XC117256-3 Audio Track.mp3,0000-00-00,..\data\amazonas_audio\XC117256-Crypturellus-soui.mp3,,14
303328,Crypturellus,ptaritepui,birds,Tepui Tinamou,Sergio Gregorio,Venezuela,"Sifontes, Bolívar",6.0551,-61.4027,A,0:14,song,,XC303328-inhambu-dos-tepuis_03.mp3,2016-01-12,..\data\amazonas_audio\XC303328-Crypturellus-ptaritepui.mp3,2016-01-12,14
354925,Crypturellus,ptaritepui,birds,Tepui Tinamou,GABRIEL LEITE,Venezuela,La Escalera - Canaima National Park - Venezuela,5.97,-61.425,B,0:09,song,,XC354925-Crypturellus ptaretpui_Escalera_1095.mp3,2017-01-29,..\data\amazonas_audio\XC354925-Crypturellus-ptaritepui.mp3,2017-01-29,9
549354,Crypturellus,obsoletus,birds,Brown Tinamou,Bernabe Lopez-Lanus,Argentina,"Forestal Belga (Cruce Caballero), San Pedro, Misiones",-26.5723,-53.8018,no score,0:20,song,"BLL534-28  ""AVES ARGENTINAS/AOP Inventario""",XC549354-0094 BLL534-28 Crypturellus obsoletus.mp3,2019-10-19,..\data\amazonas_audio\XC549354-Crypturellus-obsoletus.mp3,2019-10-19,20
944478,Crypturellus,obsoletus,birds,Brown Tinamou,Augusto Matheus dos Santos,Brazil,"Sitio Macuquinho, Salesópolis, São Paulo",-23.5849,-45.8244,A,0:04,call,,XC944478-Crypturellus-obsoletus.mp3,2024-10-30,..\data\amazonas_audio\XC944478-Crypturellus-obsoletus.mp3,2024-10-30,4
739149,Crypturellus,obsoletus,birds,Brown Tinamou,Daniel Hinckley,Brazil,"Guarau, Peruibe, Sao Paulo",-24.3701,-47.0226,A,0:11,song,Unfiltered natural song via Song Meter Mini.,XC739149-20220726-0730-BrownTinamou-Song.mp3,2022-07-26,..\data\amazonas_audio\XC739149-Crypturellus-obsoletus.mp3,2022-07-26,11
551776,Crypturellus,obsoletus,birds,Brown Tinamou,Franco Vushurovich,Argentina,"PP Urugua-i, Misiones",-25.8667,-54.1667,A,0:07,song,,XC551776-TINAMUTAUTAUPA.mp3,2019-04-03,..\data\amazonas_audio\XC551776-Crypturellus-obsoletus.mp3,2019-04-03,7
492558,Crypturellus,obsoletus,birds,Brown Tinamou,Franco Vushurovich,Argentina,"PP Urugua-i, Misiones",-25.8667,-54.1667,A,0:11,song,,XC492558-TinamuRojizo.mp3,2018-12-02,..\data\amazonas_audio\XC492558-Crypturellus-obsoletus.mp3,2018-12-02,11
465555,Crypturellus,obsoletus,birds,Brown Tinamou,Franco Vushurovich,Argentina,"PP Urugua-i, Misiones",-25.8667,-54.1667,A,0:11,song,,XC465555-Tautaupa Rojizo.mp3,2019-04-02,..\data\amazonas_audio\XC465555-Crypturellus-obsoletus.mp3,2019-04-02,11
414933,Crypturellus,obsoletus,birds,Brown Tinamou,JAYRSON ARAUJO DE OLIVEIRA,Brazil,"Foz do Iguaçu, Foz do Iguaçu, Paraná",-25.5163,-54.5854,A,0:03,song,,XC414933-Inhambu chinta XENO (Crypturellus tataupa)22-09-17 6e22.mp3,2017-09-22,..\data\amazonas_audio\XC414933-Crypturellus-obsoletus.mp3,2017-09-22,3
414872,Crypturellus,obsoletus,birds,Brown Tinamou,JAYRSON ARAUJO DE OLIVEIRA,Brazil,Curitiba - Paraná State,-25.426,-49.312,A,0:03,song,,XC414872-Inhambuguacu XENO (CUR.mp3,2017-11-09,..\data\amazonas_audio\XC414872-Crypturellus-obsoletus.mp3,2017-11-09,3
192674,Crypturellus,obsoletus,birds,Brown Tinamou,Roberto Buss Stringari,Brazil,"Balneário Camboriú, Balneário Camboriú, Santa Catarina",-26.9862,-48.6476,A,0:09,song,,"XC192674-Crypturellus obsoletus (Bal. Camboriú, 19.08.14).mp3",2014-08-19,..\data\amazonas_audio\XC192674-Crypturellus-obsoletus.mp3,2014-08-19,9
178593,Crypturellus,obsoletus,birds,Brown Tinamou,Marco Manhães,Brazil,"Reserva Biológica Municipal Poço D'Anta, Juiz de Fora, MG.",-21.757,-43.31,A,0:06,song,,XC178593-C-obsoletus-JF-PD-04-05-2014-07h15min+5dB.mp3,2014-05-04,..\data\amazonas_audio\XC178593-Crypturellus-obsoletus.mp3,2014-05-04,6
115085,Crypturellus,obsoletus,birds,Brown Tinamou,Noé Eiterer,Brazil,"Juiz de Fora, Minas Gerais",-21.765,-43.3488,A,0:06,song,,XC115085-Crypturellus_obsoletus-JF.mp3,2012-11-03,..\data\amazonas_audio\XC115085-Crypturellus-obsoletus.mp3,2012-11-03,6
55894,Crypturellus,obsoletus,birds,Brown Tinamou,Myriam Velazquez,Paraguay,"Reserva Biologica Limoy, Alto Parana",-24.880207,-54.83139,A,0:17,song,<a href=http://www.xeno-canto.org/graphics/conosur.jpg rel=lightbox>From Bird Sounds of Southern South America by Lopez-Lanus (2008)</a>,TINAMOU Brown_02_Reserva Biologica Limoy_Alto Parana_PY_12SEP00_Myriam Velazquez.mp3,2000-09-12,..\data\amazonas_audio\XC55894-Crypturellus-obsoletus.mp3,2000-09-12,17
47233,Crypturellus,obsoletus,birds,Brown Tinamou,Niels Krabbe,Peru,Cusco: 'Inca Trail' between Wynnawaynu and Machu Picchu,-13.1667,-72.5501,A,0:17,call,,"Crypturellus_obsoletus_ochraceiventris,_Machu_Picchu,_Cuzco,_1311S_7232W,_2650_m,_12_Jul_1983,_NKrabbe,_call.mp3",1983-07-12,..\data\amazonas_audio\XC47233-Crypturellus-obsoletus.mp3,1983-07-12,17
24497,Crypturellus,obsoletus,birds,Brown Tinamou,Adrian Eisen Rupp,Brazil,"Gleba maior Reserva Biológica Estadual do Sassafrás, Doutor Pedrinho, Santa Catarina",-26.7117,-49.6756,A,0:13,song,,Crypturellus obsoletus_REBIO SASSAFRAS_Doutor Pedrinho_SC_05-VI-2008.mp3,2008-06-05,..\data\amazonas_audio\XC24497-Crypturellus-obsoletus.mp3,2008-06-05,13
13552,Crypturellus,obsoletus,birds,Brown Tinamou,Paul Smith,Paraguay,"PROCOSARA, PN San Rafael",-26.48333,-55.71667,A,0:15,"call, short call",score for first call,Crypturellusobsoletus.mp3,2007-03-20,..\data\amazonas_audio\XC13552-Crypturellus-obsoletus.mp3,2007-03-20,15
1053044,Crypturellus,obsoletus,birds,Brown Tinamou,JAYRSON ARAUJO DE OLIVEIRA,Brazil,"FLONA de São Francisco de Paula, Rio Grande do Sul",-29.4244,-50.3875,B,0:11,song,,XC1053044-06-11-2025-10e0-Inhambuguacu-SAO-FRANCISCO-DE-PAULA.mp3,2025-11-06,..\data\amazonas_audio\XC1053044-Crypturellus-obsoletus.mp3,2025-11-06,11
999384,Crypturellus,obsoletus,birds,Brown Tinamou,Fabrício Grigolin,Brazil,"Sítio Virtuoso, Nova Friburgo, Rio de Janeiro",-22.336,-42.4121,B,0:09,call,filtered,XC999384-Crypturellus-obsoletus-20250510-9h39.wav,2025-05-10,..\data\amazonas_audio\XC999384-Crypturellus-obsoletus.wav,2025-05-10,9
842431,Crypturellus,obsoletus,birds,Brown Tinamou,Jerome Fischer,Peru,"Jepelacio (near  Pacaypite), Moyobamba, San Martín",-6.217,-76.9019,B,0:13,song,,"XC842431-Brown-Tinamou,-Moyobamba,-231115-003.wav",2023-11-15,..\data\amazonas_audio\XC842431-Crypturellus-obsoletus.wav,2023-11-15,13
835229,Crypturellus,obsoletus,birds,Brown Tinamou,Francisco contreras,Brazil,"Bocaina de Minas, Minas Gerais",-22.2617,-44.5075,B,0:19,song,,XC835229-C-obsoletus-2-7.wav,2023-07-02,..\data\amazonas_audio\XC835229-Crypturellus-obsoletus.wav,2023-07-02,19
835228,Crypturellus,obsoletus,birds,Brown Tinamou,Francisco contreras,Brazil,"Bocaina de Minas, Minas Gerais",-22.2617,-44.5075,B,0:07,song,,XC835228-C-obsoletus-2-7-e.wav,2023-07-02,..\data\amazonas_audio\XC835228-Crypturellus-obsoletus.wav,2023-07-02,7
835226,Crypturellus,obsoletus,birds,Brown Tinamou,Francisco contreras,Brazil,"Bocaina de Minas, Minas Gerais",-22.2617,-44.5075,B,0:18,song,,XC835226-C-obsoletus-2--1-7.wav,2023-07-01,..\data\amazonas_audio\XC835226-Crypturellus-obsoletus.wav,2023-07-01,18
